[2026-08-08T16:30:02,030][INFO ][org.logstash.beats.BeatsHandler][beats-tls][cea61c76cb89e8de1c33fda45ab2b43ef03d0a587a2da8dd49b947033416f5e3] [local: 192.168.1.56:5044, remote: 192.168.1.55:51374] Handling exception: io.netty.handler.codec.DecoderException: javax.net.ssl.SSLHandshakeException: (certificate_unknown) PKIX path validation failed: java.security.cert.CertPathValidatorException: validity check failed (caused by: java.security.cert.CertificateExpiredException: NotAfter: Tue Jan 02 01:00:00 CET 2024)
[2026-08-08T16:30:02,032][WARN ][io.netty.channel.DefaultChannelPipeline][beats-tls][cea61c76cb89e8de1c33fda45ab2b43ef03d0a587a2da8dd49b947033416f5e3] An exceptionCaught() event was fired, and it reached at the tail of the pipeline. It usually means the last handler in the pipeline did not handle the exception.
io.netty.handler.codec.DecoderException: javax.net.ssl.SSLHandshakeException: (certificate_unknown) PKIX path validation failed: java.security.cert.CertPathValidatorException: validity check failed
	at io.netty.handler.codec.ByteToMessageDecoder.callDecode(ByteToMessageDecoder.java:515)
	at io.netty.handler.codec.ByteToMessageDecoder.channelRead(ByteToMessageDecoder.java:296)
	at io.netty.channel.AbstractChannelHandlerContext.invokeChannelRead(AbstractChannelHandlerContext.java:444)
	at io.netty.channel.AbstractChannelHandlerContext.invokeChannelRead(AbstractChannelHandlerContext.java:420)
	at io.netty.channel.AbstractChannelHandlerContext.fireChannelRead(AbstractChannelHandlerContext.java:412)
	at io.netty.channel.DefaultChannelPipeline$HeadContext.channelRead(DefaultChannelPipeline.java:1357)
	at io.netty.channel.AbstractChannelHandlerContext.invokeChannelRead(AbstractChannelHandlerContext.java:440)
	at io.netty.channel.AbstractChannelHandlerContext.invokeChannelRead(AbstractChannelHandlerContext.java:420)
	at io.netty.channel.DefaultChannelPipeline.fireChannelRead(DefaultChannelPipeline.java:868)
	at io.netty.channel.nio.AbstractNioByteChannel$NioByteUnsafe.read(AbstractNioByteChannel.java:171)
	at io.netty.channel.nio.NioEventLoop.processSelectedKey(NioEventLoop.java:796)
	at io.netty.channel.nio.NioEventLoop.processSelectedKeysOptimized(NioEventLoop.java:732)
	at io.netty.channel.nio.NioEventLoop.processSelectedKeys(NioEventLoop.java:658)
	at io.netty.channel.nio.NioEventLoop.run(NioEventLoop.java:562)
	at io.netty.util.concurrent.SingleThreadEventExecutor$4.run(SingleThreadEventExecutor.java:998)
	at io.netty.util.internal.ThreadExecutorMap$2.run(ThreadExecutorMap.java:74)
	at java.base/java.lang.Thread.run(Thread.java:1583)
Caused by: javax.net.ssl.SSLHandshakeException: (certificate_unknown) PKIX path validation failed: java.security.cert.CertPathValidatorException: validity check failed
	at java.base/sun.security.ssl.Alert.createSSLException(Alert.java:130)
	at java.base/sun.security.ssl.TransportContext.fatal(TransportContext.java:383)
	at java.base/sun.security.ssl.TransportContext.fatal(TransportContext.java:326)
	at java.base/sun.security.ssl.TransportContext.fatal(TransportContext.java:321)
	at java.base/sun.security.ssl.CertificateMessage$T13CertificateConsumer.checkClientCerts(CertificateMessage.java:1232)
	at java.base/sun.security.ssl.CertificateMessage$T13CertificateConsumer.onConsumeCertificate(CertificateMessage.java:1136)
	at java.base/sun.security.ssl.CertificateMessage$T13CertificateConsumer.consume(CertificateMessage.java:1113)
	at java.base/sun.security.ssl.SSLHandshake.consume(SSLHandshake.java:393)
	at java.base/sun.security.ssl.HandshakeContext.dispatch(HandshakeContext.java:477)
	at java.base/sun.security.ssl.SSLEngineImpl$DelegatedTask$DelegatedAction.run(SSLEngineImpl.java:1274)
	at java.base/sun.security.ssl.SSLEngineImpl$DelegatedTask$DelegatedAction.run(SSLEngineImpl.java:1261)
	at java.base/java.security.AccessController.doPrivileged(AccessController.java:714)
	at java.base/sun.security.ssl.SSLEngineImpl$DelegatedTask.run(SSLEngineImpl.java:1206)
	at io.netty.handler.ssl.SslHandler.runDelegatedTasks(SslHandler.java:1695)
	at io.netty.handler.ssl.SslHandler.unwrap(SslHandler.java:1541)
	at io.netty.handler.ssl.SslHandler.decodeJdkCompatible(SslHandler.java:1377)
	at io.netty.handler.ssl.SslHandler.decode(SslHandler.java:1428)
	at io.netty.handler.codec.ByteToMessageDecoder.decodeRemovalReentryProtection(ByteToMessageDecoder.java:545)
	at io.netty.handler.codec.ByteToMessageDecoder.callDecode(ByteToMessageDecoder.java:484)
	... 16 more
Caused by: sun.security.validator.ValidatorException: PKIX path validation failed: java.security.cert.CertPathValidatorException: validity check failed
	at java.base/sun.security.validator.PKIXValidator.doValidate(PKIXValidator.java:318)
	at java.base/sun.security.validator.PKIXValidator.engineValidate(PKIXValidator.java:267)
	at java.base/sun.security.validator.Validator.validate(Validator.java:256)
	at java.base/sun.security.ssl.X509TrustManagerImpl.checkTrusted(X509TrustManagerImpl.java:284)
	at java.base/sun.security.ssl.X509TrustManagerImpl.checkClientTrusted(X509TrustManagerImpl.java:138)
	at io.netty.handler.ssl.EnhancingX509ExtendedTrustManager.checkClientTrusted(EnhancingX509ExtendedTrustManager.java:77)
	at java.base/sun.security.ssl.CertificateMessage$T13CertificateConsumer.checkClientCerts(CertificateMessage.java:1210)
	... 30 more
Caused by: java.security.cert.CertPathValidatorException: validity check failed
	at java.base/sun.security.provider.certpath.PKIXMasterCertPathValidator.validate(PKIXMasterCertPathValidator.java:135)
	at java.base/sun.security.provider.certpath.PKIXCertPathValidator.validate(PKIXCertPathValidator.java:224)
	at java.base/sun.security.provider.certpath.PKIXCertPathValidator.validate(PKIXCertPathValidator.java:144)
	at java.base/sun.security.provider.certpath.PKIXCertPathValidator.engineValidate(PKIXCertPathValidator.java:83)
	at java.base/java.security.cert.CertPathValidator.validate(CertPathValidator.java:309)
	at java.base/sun.security.validator.PKIXValidator.doValidate(PKIXValidator.java:313)
	... 36 more
Caused by: java.security.cert.CertificateExpiredException: NotAfter: Tue Jan 02 01:00:00 CET 2024
	at java.base/sun.security.x509.CertificateValidity.valid(CertificateValidity.java:182)
	at java.base/sun.security.x509.X509CertImpl.checkValidity(X509CertImpl.java:534)
	at java.base/sun.security.provider.certpath.BasicChecker.verifyValidity(BasicChecker.java:190)
	at java.base/sun.security.provider.certpath.BasicChecker.check(BasicChecker.java:144)
	at java.base/sun.security.provider.certpath.PKIXMasterCertPathValidator.validate(PKIXMasterCertPathValidator.java:125)
	... 41 more
[2026-08-08T16:30:03,999][INFO ][org.logstash.beats.BeatsHandler][beats-tls][cea61c76cb89e8de1c33fda45ab2b43ef03d0a587a2da8dd49b947033416f5e3] [local: 192.168.1.56:5044, remote: 192.168.1.55:51378] Handling exception: io.netty.handler.codec.DecoderException: javax.net.ssl.SSLHandshakeException: (certificate_unknown) PKIX path validation failed: java.security.cert.CertPathValidatorException: validity check failed (caused by: java.security.cert.CertificateExpiredException: NotAfter: Tue Jan 02 01:00:00 CET 2024)
[2026-08-08T16:30:03,999][WARN ][io.netty.channel.DefaultChannelPipeline][beats-tls][cea61c76cb89e8de1c33fda45ab2b43ef03d0a587a2da8dd49b947033416f5e3] An exceptionCaught() event was fired, and it reached at the tail of the pipeline. It usually means the last handler in the pipeline did not handle the exception.
io.netty.handler.codec.DecoderException: javax.net.ssl.SSLHandshakeException: (certificate_unknown) PKIX path validation failed: java.security.cert.CertPathValidatorException: validity check failed
	at io.netty.handler.codec.ByteToMessageDecoder.callDecode(ByteToMessageDecoder.java:515)
	at io.netty.handler.codec.ByteToMessageDecoder.channelRead(ByteToMessageDecoder.java:296)
	at io.netty.channel.AbstractChannelHandlerContext.invokeChannelRead(AbstractChannelHandlerContext.java:444)
	at io.netty.channel.AbstractChannelHandlerContext.invokeChannelRead(AbstractChannelHandlerContext.java:420)
	at io.netty.channel.AbstractChannelHandlerContext.fireChannelRead(AbstractChannelHandlerContext.java:412)
	at io.netty.channel.DefaultChannelPipeline$HeadContext.channelRead(DefaultChannelPipeline.java:1357)
	at io.netty.channel.AbstractChannelHandlerContext.invokeChannelRead(AbstractChannelHandlerContext.java:440)
	at io.netty.channel.AbstractChannelHandlerContext.invokeChannelRead(AbstractChannelHandlerContext.java:420)
	at io.netty.channel.DefaultChannelPipeline.fireChannelRead(DefaultChannelPipeline.java:868)
	at io.netty.channel.nio.AbstractNioByteChannel$NioByteUnsafe.read(AbstractNioByteChannel.java:171)
	at io.netty.channel.nio.NioEventLoop.processSelectedKey(NioEventLoop.java:796)
	at io.netty.channel.nio.NioEventLoop.processSelectedKeysOptimized(NioEventLoop.java:732)
	at io.netty.channel.nio.NioEventLoop.processSelectedKeys(NioEventLoop.java:658)
	at io.netty.channel.nio.NioEventLoop.run(NioEventLoop.java:562)
	at io.netty.util.concurrent.SingleThreadEventExecutor$4.run(SingleThreadEventExecutor.java:998)
	at io.netty.util.internal.ThreadExecutorMap$2.run(ThreadExecutorMap.java:74)
	at java.base/java.lang.Thread.run(Thread.java:1583)
Caused by: javax.net.ssl.SSLHandshakeException: (certificate_unknown) PKIX path validation failed: java.security.cert.CertPathValidatorException: validity check failed
	at java.base/sun.security.ssl.Alert.createSSLException(Alert.java:130)
	at java.base/sun.security.ssl.TransportContext.fatal(TransportContext.java:383)
	at java.base/sun.security.ssl.TransportContext.fatal(TransportContext.java:326)
	at java.base/sun.security.ssl.TransportContext.fatal(TransportContext.java:321)
	at java.base/sun.security.ssl.CertificateMessage$T13CertificateConsumer.checkClientCerts(CertificateMessage.java:1232)
	at java.base/sun.security.ssl.CertificateMessage$T13CertificateConsumer.onConsumeCertificate(CertificateMessage.java:1136)
	at java.base/sun.security.ssl.CertificateMessage$T13CertificateConsumer.consume(CertificateMessage.java:1113)
	at java.base/sun.security.ssl.SSLHandshake.consume(SSLHandshake.java:393)
	at java.base/sun.security.ssl.HandshakeContext.dispatch(HandshakeContext.java:477)
	at java.base/sun.security.ssl.SSLEngineImpl$DelegatedTask$DelegatedAction.run(SSLEngineImpl.java:1274)
	at java.base/sun.security.ssl.SSLEngineImpl$DelegatedTask$DelegatedAction.run(SSLEngineImpl.java:1261)
	at java.base/java.security.AccessController.doPrivileged(AccessController.java:714)
	at java.base/sun.security.ssl.SSLEngineImpl$DelegatedTask.run(SSLEngineImpl.java:1206)
	at io.netty.handler.ssl.SslHandler.runDelegatedTasks(SslHandler.java:1695)
	at io.netty.handler.ssl.SslHandler.unwrap(SslHandler.java:1541)
	at io.netty.handler.ssl.SslHandler.decodeJdkCompatible(SslHandler.java:1377)
	at io.netty.handler.ssl.SslHandler.decode(SslHandler.java:1428)
	at io.netty.handler.codec.ByteToMessageDecoder.decodeRemovalReentryProtection(ByteToMessageDecoder.java:545)
	at io.netty.handler.codec.ByteToMessageDecoder.callDecode(ByteToMessageDecoder.java:484)
	... 16 more
Caused by: sun.security.validator.ValidatorException: PKIX path validation failed: java.security.cert.CertPathValidatorException: validity check failed
	at java.base/sun.security.validator.PKIXValidator.doValidate(PKIXValidator.java:318)
	at java.base/sun.security.validator.PKIXValidator.engineValidate(PKIXValidator.java:267)
	at java.base/sun.security.validator.Validator.validate(Validator.java:256)
	at java.base/sun.security.ssl.X509TrustManagerImpl.checkTrusted(X509TrustManagerImpl.java:284)
	at java.base/sun.security.ssl.X509TrustManagerImpl.checkClientTrusted(X509TrustManagerImpl.java:138)
	at io.netty.handler.ssl.EnhancingX509ExtendedTrustManager.checkClientTrusted(EnhancingX509ExtendedTrustManager.java:77)
	at java.base/sun.security.ssl.CertificateMessage$T13CertificateConsumer.checkClientCerts(CertificateMessage.java:1210)
	... 30 more
Caused by: java.security.cert.CertPathValidatorException: validity check failed
	at java.base/sun.security.provider.certpath.PKIXMasterCertPathValidator.validate(PKIXMasterCertPathValidator.java:135)
	at java.base/sun.security.provider.certpath.PKIXCertPathValidator.validate(PKIXCertPathValidator.java:224)
	at java.base/sun.security.provider.certpath.PKIXCertPathValidator.validate(PKIXCertPathValidator.java:144)
	at java.base/sun.security.provider.certpath.PKIXCertPathValidator.engineValidate(PKIXCertPathValidator.java:83)
	at java.base/java.security.cert.CertPathValidator.validate(CertPathValidator.java:309)
	at java.base/sun.security.validator.PKIXValidator.doValidate(PKIXValidator.java:313)
	... 36 more
Caused by: java.security.cert.CertificateExpiredException: NotAfter: Tue Jan 02 01:00:00 CET 2024
	at java.base/sun.security.x509.CertificateValidity.valid(CertificateValidity.java:182)
	at java.base/sun.security.x509.X509CertImpl.checkValidity(X509CertImpl.java:534)
	at java.base/sun.security.provider.certpath.BasicChecker.verifyValidity(BasicChecker.java:190)
	at java.base/sun.security.provider.certpath.BasicChecker.check(BasicChecker.java:144)
	at java.base/sun.security.provider.certpath.PKIXMasterCertPathValidator.validate(PKIXMasterCertPathValidator.java:125)
	... 41 more
[2026-08-08T16:30:05,432][INFO ][org.logstash.beats.BeatsHandler][beats-tls][cea61c76cb89e8de1c33fda45ab2b43ef03d0a587a2da8dd49b947033416f5e3] [local: 192.168.1.56:5044, remote: 192.168.1.55:51388] Handling exception: io.netty.handler.codec.DecoderException: javax.net.ssl.SSLHandshakeException: (certificate_unknown) PKIX path validation failed: java.security.cert.CertPathValidatorException: validity check failed (caused by: java.security.cert.CertificateExpiredException: NotAfter: Tue Jan 02 01:00:00 CET 2024)
[2026-08-08T16:30:05,433][WARN ][io.netty.channel.DefaultChannelPipeline][beats-tls][cea61c76cb89e8de1c33fda45ab2b43ef03d0a587a2da8dd49b947033416f5e3] An exceptionCaught() event was fired, and it reached at the tail of the pipeline. It usually means the last handler in the pipeline did not handle the exception.
io.netty.handler.codec.DecoderException: javax.net.ssl.SSLHandshakeException: (certificate_unknown) PKIX path validation failed: java.security.cert.CertPathValidatorException: validity check failed
	at io.netty.handler.codec.ByteToMessageDecoder.callDecode(ByteToMessageDecoder.java:515)
	at io.netty.handler.codec.ByteToMessageDecoder.channelRead(ByteToMessageDecoder.java:296)
	at io.netty.channel.AbstractChannelHandlerContext.invokeChannelRead(AbstractChannelHandlerContext.java:444)
	at io.netty.channel.AbstractChannelHandlerContext.invokeChannelRead(AbstractChannelHandlerContext.java:420)
	at io.netty.channel.AbstractChannelHandlerContext.fireChannelRead(AbstractChannelHandlerContext.java:412)
	at io.netty.channel.DefaultChannelPipeline$HeadContext.channelRead(DefaultChannelPipeline.java:1357)
	at io.netty.channel.AbstractChannelHandlerContext.invokeChannelRead(AbstractChannelHandlerContext.java:440)
	at io.netty.channel.AbstractChannelHandlerContext.invokeChannelRead(AbstractChannelHandlerContext.java:420)
	at io.netty.channel.DefaultChannelPipeline.fireChannelRead(DefaultChannelPipeline.java:868)
	at io.netty.channel.nio.AbstractNioByteChannel$NioByteUnsafe.read(AbstractNioByteChannel.java:171)
	at io.netty.channel.nio.NioEventLoop.processSelectedKey(NioEventLoop.java:796)
	at io.netty.channel.nio.NioEventLoop.processSelectedKeysOptimized(NioEventLoop.java:732)
	at io.netty.channel.nio.NioEventLoop.processSelectedKeys(NioEventLoop.java:658)
	at io.netty.channel.nio.NioEventLoop.run(NioEventLoop.java:562)
	at io.netty.util.concurrent.SingleThreadEventExecutor$4.run(SingleThreadEventExecutor.java:998)
	at io.netty.util.internal.ThreadExecutorMap$2.run(ThreadExecutorMap.java:74)
	at java.base/java.lang.Thread.run(Thread.java:1583)
Caused by: javax.net.ssl.SSLHandshakeException: (certificate_unknown) PKIX path validation failed: java.security.cert.CertPathValidatorException: validity check failed
	at java.base/sun.security.ssl.Alert.createSSLException(Alert.java:130)
	at java.base/sun.security.ssl.TransportContext.fatal(TransportContext.java:383)
	at java.base/sun.security.ssl.TransportContext.fatal(TransportContext.java:326)
	at java.base/sun.security.ssl.TransportContext.fatal(TransportContext.java:321)
	at java.base/sun.security.ssl.CertificateMessage$T13CertificateConsumer.checkClientCerts(CertificateMessage.java:1232)
	at java.base/sun.security.ssl.CertificateMessage$T13CertificateConsumer.onConsumeCertificate(CertificateMessage.java:1136)
	at java.base/sun.security.ssl.CertificateMessage$T13CertificateConsumer.consume(CertificateMessage.java:1113)
	at java.base/sun.security.ssl.SSLHandshake.consume(SSLHandshake.java:393)
	at java.base/sun.security.ssl.HandshakeContext.dispatch(HandshakeContext.java:477)
	at java.base/sun.security.ssl.SSLEngineImpl$DelegatedTask$DelegatedAction.run(SSLEngineImpl.java:1274)
	at java.base/sun.security.ssl.SSLEngineImpl$DelegatedTask$DelegatedAction.run(SSLEngineImpl.java:1261)
	at java.base/java.security.AccessController.doPrivileged(AccessController.java:714)
	at java.base/sun.security.ssl.SSLEngineImpl$DelegatedTask.run(SSLEngineImpl.java:1206)
	at io.netty.handler.ssl.SslHandler.runDelegatedTasks(SslHandler.java:1695)
	at io.netty.handler.ssl.SslHandler.unwrap(SslHandler.java:1541)
	at io.netty.handler.ssl.SslHandler.decodeJdkCompatible(SslHandler.java:1377)
	at io.netty.handler.ssl.SslHandler.decode(SslHandler.java:1428)
	at io.netty.handler.codec.ByteToMessageDecoder.decodeRemovalReentryProtection(ByteToMessageDecoder.java:545)
	at io.netty.handler.codec.ByteToMessageDecoder.callDecode(ByteToMessageDecoder.java:484)
	... 16 more
Caused by: sun.security.validator.ValidatorException: PKIX path validation failed: java.security.cert.CertPathValidatorException: validity check failed
	at java.base/sun.security.validator.PKIXValidator.doValidate(PKIXValidator.java:318)
	at java.base/sun.security.validator.PKIXValidator.engineValidate(PKIXValidator.java:267)
	at java.base/sun.security.validator.Validator.validate(Validator.java:256)
	at java.base/sun.security.ssl.X509TrustManagerImpl.checkTrusted(X509TrustManagerImpl.java:284)
	at java.base/sun.security.ssl.X509TrustManagerImpl.checkClientTrusted(X509TrustManagerImpl.java:138)
	at io.netty.handler.ssl.EnhancingX509ExtendedTrustManager.checkClientTrusted(EnhancingX509ExtendedTrustManager.java:77)
	at java.base/sun.security.ssl.CertificateMessage$T13CertificateConsumer.checkClientCerts(CertificateMessage.java:1210)
	... 30 more
Caused by: java.security.cert.CertPathValidatorException: validity check failed
	at java.base/sun.security.provider.certpath.PKIXMasterCertPathValidator.validate(PKIXMasterCertPathValidator.java:135)
	at java.base/sun.security.provider.certpath.PKIXCertPathValidator.validate(PKIXCertPathValidator.java:224)
	at java.base/sun.security.provider.certpath.PKIXCertPathValidator.validate(PKIXCertPathValidator.java:144)
	at java.base/sun.security.provider.certpath.PKIXCertPathValidator.engineValidate(PKIXCertPathValidator.java:83)
	at java.base/java.security.cert.CertPathValidator.validate(CertPathValidator.java:309)
	at java.base/sun.security.validator.PKIXValidator.doValidate(PKIXValidator.java:313)
	... 36 more
Caused by: java.security.cert.CertificateExpiredException: NotAfter: Tue Jan 02 01:00:00 CET 2024
	at java.base/sun.security.x509.CertificateValidity.valid(CertificateValidity.java:182)
	at java.base/sun.security.x509.X509CertImpl.checkValidity(X509CertImpl.java:534)
	at java.base/sun.security.provider.certpath.BasicChecker.verifyValidity(BasicChecker.java:190)
	at java.base/sun.security.provider.certpath.BasicChecker.check(BasicChecker.java:144)
	at java.base/sun.security.provider.certpath.PKIXMasterCertPathValidator.validate(PKIXMasterCertPathValidator.java:125)
	... 41 more
[2026-08-08T16:30:07,222][INFO ][org.logstash.beats.BeatsHandler][beats-tls][cea61c76cb89e8de1c33fda45ab2b43ef03d0a587a2da8dd49b947033416f5e3] [local: 192.168.1.56:5044, remote: 192.168.1.55:51390] Handling exception: io.netty.handler.codec.DecoderException: javax.net.ssl.SSLHandshakeException: (certificate_unknown) PKIX path validation failed: java.security.cert.CertPathValidatorException: validity check failed (caused by: java.security.cert.CertificateExpiredException: NotAfter: Tue Jan 02 01:00:00 CET 2024)
[2026-08-08T16:30:07,223][WARN ][io.netty.channel.DefaultChannelPipeline][beats-tls][cea61c76cb89e8de1c33fda45ab2b43ef03d0a587a2da8dd49b947033416f5e3] An exceptionCaught() event was fired, and it reached at the tail of the pipeline. It usually means the last handler in the pipeline did not handle the exception.
io.netty.handler.codec.DecoderException: javax.net.ssl.SSLHandshakeException: (certificate_unknown) PKIX path validation failed: java.security.cert.CertPathValidatorException: validity check failed
	at io.netty.handler.codec.ByteToMessageDecoder.callDecode(ByteToMessageDecoder.java:515)
	at io.netty.handler.codec.ByteToMessageDecoder.channelRead(ByteToMessageDecoder.java:296)
	at io.netty.channel.AbstractChannelHandlerContext.invokeChannelRead(AbstractChannelHandlerContext.java:444)
	at io.netty.channel.AbstractChannelHandlerContext.invokeChannelRead(AbstractChannelHandlerContext.java:420)
	at io.netty.channel.AbstractChannelHandlerContext.fireChannelRead(AbstractChannelHandlerContext.java:412)
	at io.netty.channel.DefaultChannelPipeline$HeadContext.channelRead(DefaultChannelPipeline.java:1357)
	at io.netty.channel.AbstractChannelHandlerContext.invokeChannelRead(AbstractChannelHandlerContext.java:440)
	at io.netty.channel.AbstractChannelHandlerContext.invokeChannelRead(AbstractChannelHandlerContext.java:420)
	at io.netty.channel.DefaultChannelPipeline.fireChannelRead(DefaultChannelPipeline.java:868)
	at io.netty.channel.nio.AbstractNioByteChannel$NioByteUnsafe.read(AbstractNioByteChannel.java:171)
	at io.netty.channel.nio.NioEventLoop.processSelectedKey(NioEventLoop.java:796)
	at io.netty.channel.nio.NioEventLoop.processSelectedKeysOptimized(NioEventLoop.java:732)
	at io.netty.channel.nio.NioEventLoop.processSelectedKeys(NioEventLoop.java:658)
	at io.netty.channel.nio.NioEventLoop.run(NioEventLoop.java:562)
	at io.netty.util.concurrent.SingleThreadEventExecutor$4.run(SingleThreadEventExecutor.java:998)
	at io.netty.util.internal.ThreadExecutorMap$2.run(ThreadExecutorMap.java:74)
	at java.base/java.lang.Thread.run(Thread.java:1583)
Caused by: javax.net.ssl.SSLHandshakeException: (certificate_unknown) PKIX path validation failed: java.security.cert.CertPathValidatorException: validity check failed
	at java.base/sun.security.ssl.Alert.createSSLException(Alert.java:130)
	at java.base/sun.security.ssl.TransportContext.fatal(TransportContext.java:383)
	at java.base/sun.security.ssl.TransportContext.fatal(TransportContext.java:326)
	at java.base/sun.security.ssl.TransportContext.fatal(TransportContext.java:321)
	at java.base/sun.security.ssl.CertificateMessage$T13CertificateConsumer.checkClientCerts(CertificateMessage.java:1232)
	at java.base/sun.security.ssl.CertificateMessage$T13CertificateConsumer.onConsumeCertificate(CertificateMessage.java:1136)
	at java.base/sun.security.ssl.CertificateMessage$T13CertificateConsumer.consume(CertificateMessage.java:1113)
	at java.base/sun.security.ssl.SSLHandshake.consume(SSLHandshake.java:393)
	at java.base/sun.security.ssl.HandshakeContext.dispatch(HandshakeContext.java:477)
	at java.base/sun.security.ssl.SSLEngineImpl$DelegatedTask$DelegatedAction.run(SSLEngineImpl.java:1274)
	at java.base/sun.security.ssl.SSLEngineImpl$DelegatedTask$DelegatedAction.run(SSLEngineImpl.java:1261)
	at java.base/java.security.AccessController.doPrivileged(AccessController.java:714)
	at java.base/sun.security.ssl.SSLEngineImpl$DelegatedTask.run(SSLEngineImpl.java:1206)
	at io.netty.handler.ssl.SslHandler.runDelegatedTasks(SslHandler.java:1695)
	at io.netty.handler.ssl.SslHandler.unwrap(SslHandler.java:1541)
	at io.netty.handler.ssl.SslHandler.decodeJdkCompatible(SslHandler.java:1377)
	at io.netty.handler.ssl.SslHandler.decode(SslHandler.java:1428)
	at io.netty.handler.codec.ByteToMessageDecoder.decodeRemovalReentryProtection(ByteToMessageDecoder.java:545)
	at io.netty.handler.codec.ByteToMessageDecoder.callDecode(ByteToMessageDecoder.java:484)
	... 16 more
Caused by: sun.security.validator.ValidatorException: PKIX path validation failed: java.security.cert.CertPathValidatorException: validity check failed
	at java.base/sun.security.validator.PKIXValidator.doValidate(PKIXValidator.java:318)
	at java.base/sun.security.validator.PKIXValidator.engineValidate(PKIXValidator.java:267)
	at java.base/sun.security.validator.Validator.validate(Validator.java:256)
	at java.base/sun.security.ssl.X509TrustManagerImpl.checkTrusted(X509TrustManagerImpl.java:284)
	at java.base/sun.security.ssl.X509TrustManagerImpl.checkClientTrusted(X509TrustManagerImpl.java:138)
	at io.netty.handler.ssl.EnhancingX509ExtendedTrustManager.checkClientTrusted(EnhancingX509ExtendedTrustManager.java:77)
	at java.base/sun.security.ssl.CertificateMessage$T13CertificateConsumer.checkClientCerts(CertificateMessage.java:1210)
	... 30 more
Caused by: java.security.cert.CertPathValidatorException: validity check failed
	at java.base/sun.security.provider.certpath.PKIXMasterCertPathValidator.validate(PKIXMasterCertPathValidator.java:135)
	at java.base/sun.security.provider.certpath.PKIXCertPathValidator.validate(PKIXCertPathValidator.java:224)
	at java.base/sun.security.provider.certpath.PKIXCertPathValidator.validate(PKIXCertPathValidator.java:144)
	at java.base/sun.security.provider.certpath.PKIXCertPathValidator.engineValidate(PKIXCertPathValidator.java:83)
	at java.base/java.security.cert.CertPathValidator.validate(CertPathValidator.java:309)
	at java.base/sun.security.validator.PKIXValidator.doValidate(PKIXValidator.java:313)
	... 36 more
Caused by: java.security.cert.CertificateExpiredException: NotAfter: Tue Jan 02 01:00:00 CET 2024
	at java.base/sun.security.x509.CertificateValidity.valid(CertificateValidity.java:182)
	at java.base/sun.security.x509.X509CertImpl.checkValidity(X509CertImpl.java:534)
	at java.base/sun.security.provider.certpath.BasicChecker.verifyValidity(BasicChecker.java:190)
	at java.base/sun.security.provider.certpath.BasicChecker.check(BasicChecker.java:144)
	at java.base/sun.security.provider.certpath.PKIXMasterCertPathValidator.validate(PKIXMasterCertPathValidator.java:125)
	... 41 more
[2026-08-08T16:30:08,330][INFO ][logstash.outputs.file    ][beats-tls][e92a4028650c141e4abc71442adeacd72847167427ac4c80459c0b703747f4f1] Closing file /tmp/tp-pq-fb-crash-out.log
[2026-08-08T16:30:08,587][INFO ][org.logstash.beats.BeatsHandler][beats-tls][cea61c76cb89e8de1c33fda45ab2b43ef03d0a587a2da8dd49b947033416f5e3] [local: 192.168.1.56:5044, remote: 192.168.1.55:37936] Handling exception: io.netty.handler.codec.DecoderException: javax.net.ssl.SSLHandshakeException: (certificate_unknown) PKIX path validation failed: java.security.cert.CertPathValidatorException: validity check failed (caused by: java.security.cert.CertificateExpiredException: NotAfter: Tue Jan 02 01:00:00 CET 2024)
[2026-08-08T16:30:08,589][WARN ][io.netty.channel.DefaultChannelPipeline][beats-tls][cea61c76cb89e8de1c33fda45ab2b43ef03d0a587a2da8dd49b947033416f5e3] An exceptionCaught() event was fired, and it reached at the tail of the pipeline. It usually means the last handler in the pipeline did not handle the exception.
io.netty.handler.codec.DecoderException: javax.net.ssl.SSLHandshakeException: (certificate_unknown) PKIX path validation failed: java.security.cert.CertPathValidatorException: validity check failed
	at io.netty.handler.codec.ByteToMessageDecoder.callDecode(ByteToMessageDecoder.java:515)
	at io.netty.handler.codec.ByteToMessageDecoder.channelRead(ByteToMessageDecoder.java:296)
	at io.netty.channel.AbstractChannelHandlerContext.invokeChannelRead(AbstractChannelHandlerContext.java:444)
	at io.netty.channel.AbstractChannelHandlerContext.invokeChannelRead(AbstractChannelHandlerContext.java:420)
	at io.netty.channel.AbstractChannelHandlerContext.fireChannelRead(AbstractChannelHandlerContext.java:412)
	at io.netty.channel.DefaultChannelPipeline$HeadContext.channelRead(DefaultChannelPipeline.java:1357)
	at io.netty.channel.AbstractChannelHandlerContext.invokeChannelRead(AbstractChannelHandlerContext.java:440)
	at io.netty.channel.AbstractChannelHandlerContext.invokeChannelRead(AbstractChannelHandlerContext.java:420)
	at io.netty.channel.DefaultChannelPipeline.fireChannelRead(DefaultChannelPipeline.java:868)
	at io.netty.channel.nio.AbstractNioByteChannel$NioByteUnsafe.read(AbstractNioByteChannel.java:171)
	at io.netty.channel.nio.NioEventLoop.processSelectedKey(NioEventLoop.java:796)
	at io.netty.channel.nio.NioEventLoop.processSelectedKeysOptimized(NioEventLoop.java:732)
	at io.netty.channel.nio.NioEventLoop.processSelectedKeys(NioEventLoop.java:658)
	at io.netty.channel.nio.NioEventLoop.run(NioEventLoop.java:562)
	at io.netty.util.concurrent.SingleThreadEventExecutor$4.run(SingleThreadEventExecutor.java:998)
	at io.netty.util.internal.ThreadExecutorMap$2.run(ThreadExecutorMap.java:74)
	at java.base/java.lang.Thread.run(Thread.java:1583)
Caused by: javax.net.ssl.SSLHandshakeException: (certificate_unknown) PKIX path validation failed: java.security.cert.CertPathValidatorException: validity check failed
	at java.base/sun.security.ssl.Alert.createSSLException(Alert.java:130)
	at java.base/sun.security.ssl.TransportContext.fatal(TransportContext.java:383)
	at java.base/sun.security.ssl.TransportContext.fatal(TransportContext.java:326)
	at java.base/sun.security.ssl.TransportContext.fatal(TransportContext.java:321)
	at java.base/sun.security.ssl.CertificateMessage$T13CertificateConsumer.checkClientCerts(CertificateMessage.java:1232)
	at java.base/sun.security.ssl.CertificateMessage$T13CertificateConsumer.onConsumeCertificate(CertificateMessage.java:1136)
	at java.base/sun.security.ssl.CertificateMessage$T13CertificateConsumer.consume(CertificateMessage.java:1113)
	at java.base/sun.security.ssl.SSLHandshake.consume(SSLHandshake.java:393)
	at java.base/sun.security.ssl.HandshakeContext.dispatch(HandshakeContext.java:477)
	at java.base/sun.security.ssl.SSLEngineImpl$DelegatedTask$DelegatedAction.run(SSLEngineImpl.java:1274)
	at java.base/sun.security.ssl.SSLEngineImpl$DelegatedTask$DelegatedAction.run(SSLEngineImpl.java:1261)
	at java.base/java.security.AccessController.doPrivileged(AccessController.java:714)
	at java.base/sun.security.ssl.SSLEngineImpl$DelegatedTask.run(SSLEngineImpl.java:1206)
	at io.netty.handler.ssl.SslHandler.runDelegatedTasks(SslHandler.java:1695)
	at io.netty.handler.ssl.SslHandler.unwrap(SslHandler.java:1541)
	at io.netty.handler.ssl.SslHandler.decodeJdkCompatible(SslHandler.java:1377)
	at io.netty.handler.ssl.SslHandler.decode(SslHandler.java:1428)
	at io.netty.handler.codec.ByteToMessageDecoder.decodeRemovalReentryProtection(ByteToMessageDecoder.java:545)
	at io.netty.handler.codec.ByteToMessageDecoder.callDecode(ByteToMessageDecoder.java:484)
	... 16 more
Caused by: sun.security.validator.ValidatorException: PKIX path validation failed: java.security.cert.CertPathValidatorException: validity check failed
	at java.base/sun.security.validator.PKIXValidator.doValidate(PKIXValidator.java:318)
	at java.base/sun.security.validator.PKIXValidator.engineValidate(PKIXValidator.java:267)
	at java.base/sun.security.validator.Validator.validate(Validator.java:256)
	at java.base/sun.security.ssl.X509TrustManagerImpl.checkTrusted(X509TrustManagerImpl.java:284)
	at java.base/sun.security.ssl.X509TrustManagerImpl.checkClientTrusted(X509TrustManagerImpl.java:138)
	at io.netty.handler.ssl.EnhancingX509ExtendedTrustManager.checkClientTrusted(EnhancingX509ExtendedTrustManager.java:77)
	at java.base/sun.security.ssl.CertificateMessage$T13CertificateConsumer.checkClientCerts(CertificateMessage.java:1210)
	... 30 more
Caused by: java.security.cert.CertPathValidatorException: validity check failed
	at java.base/sun.security.provider.certpath.PKIXMasterCertPathValidator.validate(PKIXMasterCertPathValidator.java:135)
	at java.base/sun.security.provider.certpath.PKIXCertPathValidator.validate(PKIXCertPathValidator.java:224)
	at java.base/sun.security.provider.certpath.PKIXCertPathValidator.validate(PKIXCertPathValidator.java:144)
	at java.base/sun.security.provider.certpath.PKIXCertPathValidator.engineValidate(PKIXCertPathValidator.java:83)
	at java.base/java.security.cert.CertPathValidator.validate(CertPathValidator.java:309)
	at java.base/sun.security.validator.PKIXValidator.doValidate(PKIXValidator.java:313)
	... 36 more
Caused by: java.security.cert.CertificateExpiredException: NotAfter: Tue Jan 02 01:00:00 CET 2024
	at java.base/sun.security.x509.CertificateValidity.valid(CertificateValidity.java:182)
	at java.base/sun.security.x509.X509CertImpl.checkValidity(X509CertImpl.java:534)
	at java.base/sun.security.provider.certpath.BasicChecker.verifyValidity(BasicChecker.java:190)
	at java.base/sun.security.provider.certpath.BasicChecker.check(BasicChecker.java:144)
	at java.base/sun.security.provider.certpath.PKIXMasterCertPathValidator.validate(PKIXMasterCertPathValidator.java:125)
	... 41 more
[2026-08-08T16:30:10,134][INFO ][org.logstash.beats.BeatsHandler][beats-tls][cea61c76cb89e8de1c33fda45ab2b43ef03d0a587a2da8dd49b947033416f5e3] [local: 192.168.1.56:5044, remote: 192.168.1.55:37944] Handling exception: io.netty.handler.codec.DecoderException: javax.net.ssl.SSLHandshakeException: (certificate_unknown) PKIX path validation failed: java.security.cert.CertPathValidatorException: validity check failed (caused by: java.security.cert.CertificateExpiredException: NotAfter: Tue Jan 02 01:00:00 CET 2024)
[2026-08-08T16:30:10,135][WARN ][io.netty.channel.DefaultChannelPipeline][beats-tls][cea61c76cb89e8de1c33fda45ab2b43ef03d0a587a2da8dd49b947033416f5e3] An exceptionCaught() event was fired, and it reached at the tail of the pipeline. It usually means the last handler in the pipeline did not handle the exception.
io.netty.handler.codec.DecoderException: javax.net.ssl.SSLHandshakeException: (certificate_unknown) PKIX path validation failed: java.security.cert.CertPathValidatorException: validity check failed
	at io.netty.handler.codec.ByteToMessageDecoder.callDecode(ByteToMessageDecoder.java:515)
	at io.netty.handler.codec.ByteToMessageDecoder.channelRead(ByteToMessageDecoder.java:296)
	at io.netty.channel.AbstractChannelHandlerContext.invokeChannelRead(AbstractChannelHandlerContext.java:444)
	at io.netty.channel.AbstractChannelHandlerContext.invokeChannelRead(AbstractChannelHandlerContext.java:420)
	at io.netty.channel.AbstractChannelHandlerContext.fireChannelRead(AbstractChannelHandlerContext.java:412)
	at io.netty.channel.DefaultChannelPipeline$HeadContext.channelRead(DefaultChannelPipeline.java:1357)
	at io.netty.channel.AbstractChannelHandlerContext.invokeChannelRead(AbstractChannelHandlerContext.java:440)
	at io.netty.channel.AbstractChannelHandlerContext.invokeChannelRead(AbstractChannelHandlerContext.java:420)
	at io.netty.channel.DefaultChannelPipeline.fireChannelRead(DefaultChannelPipeline.java:868)
	at io.netty.channel.nio.AbstractNioByteChannel$NioByteUnsafe.read(AbstractNioByteChannel.java:171)
	at io.netty.channel.nio.NioEventLoop.processSelectedKey(NioEventLoop.java:796)
	at io.netty.channel.nio.NioEventLoop.processSelectedKeysOptimized(NioEventLoop.java:732)
	at io.netty.channel.nio.NioEventLoop.processSelectedKeys(NioEventLoop.java:658)
	at io.netty.channel.nio.NioEventLoop.run(NioEventLoop.java:562)
	at io.netty.util.concurrent.SingleThreadEventExecutor$4.run(SingleThreadEventExecutor.java:998)
	at io.netty.util.internal.ThreadExecutorMap$2.run(ThreadExecutorMap.java:74)
	at java.base/java.lang.Thread.run(Thread.java:1583)
Caused by: javax.net.ssl.SSLHandshakeException: (certificate_unknown) PKIX path validation failed: java.security.cert.CertPathValidatorException: validity check failed
	at java.base/sun.security.ssl.Alert.createSSLException(Alert.java:130)
	at java.base/sun.security.ssl.TransportContext.fatal(TransportContext.java:383)
	at java.base/sun.security.ssl.TransportContext.fatal(TransportContext.java:326)
	at java.base/sun.security.ssl.TransportContext.fatal(TransportContext.java:321)
	at java.base/sun.security.ssl.CertificateMessage$T13CertificateConsumer.checkClientCerts(CertificateMessage.java:1232)
	at java.base/sun.security.ssl.CertificateMessage$T13CertificateConsumer.onConsumeCertificate(CertificateMessage.java:1136)
	at java.base/sun.security.ssl.CertificateMessage$T13CertificateConsumer.consume(CertificateMessage.java:1113)
	at java.base/sun.security.ssl.SSLHandshake.consume(SSLHandshake.java:393)
	at java.base/sun.security.ssl.HandshakeContext.dispatch(HandshakeContext.java:477)
	at java.base/sun.security.ssl.SSLEngineImpl$DelegatedTask$DelegatedAction.run(SSLEngineImpl.java:1274)
	at java.base/sun.security.ssl.SSLEngineImpl$DelegatedTask$DelegatedAction.run(SSLEngineImpl.java:1261)
	at java.base/java.security.AccessController.doPrivileged(AccessController.java:714)
	at java.base/sun.security.ssl.SSLEngineImpl$DelegatedTask.run(SSLEngineImpl.java:1206)
	at io.netty.handler.ssl.SslHandler.runDelegatedTasks(SslHandler.java:1695)
	at io.netty.handler.ssl.SslHandler.unwrap(SslHandler.java:1541)
	at io.netty.handler.ssl.SslHandler.decodeJdkCompatible(SslHandler.java:1377)
	at io.netty.handler.ssl.SslHandler.decode(SslHandler.java:1428)
	at io.netty.handler.codec.ByteToMessageDecoder.decodeRemovalReentryProtection(ByteToMessageDecoder.java:545)
	at io.netty.handler.codec.ByteToMessageDecoder.callDecode(ByteToMessageDecoder.java:484)
	... 16 more
Caused by: sun.security.validator.ValidatorException: PKIX path validation failed: java.security.cert.CertPathValidatorException: validity check failed
	at java.base/sun.security.validator.PKIXValidator.doValidate(PKIXValidator.java:318)
	at java.base/sun.security.validator.PKIXValidator.engineValidate(PKIXValidator.java:267)
	at java.base/sun.security.validator.Validator.validate(Validator.java:256)
	at java.base/sun.security.ssl.X509TrustManagerImpl.checkTrusted(X509TrustManagerImpl.java:284)
	at java.base/sun.security.ssl.X509TrustManagerImpl.checkClientTrusted(X509TrustManagerImpl.java:138)
	at io.netty.handler.ssl.EnhancingX509ExtendedTrustManager.checkClientTrusted(EnhancingX509ExtendedTrustManager.java:77)
	at java.base/sun.security.ssl.CertificateMessage$T13CertificateConsumer.checkClientCerts(CertificateMessage.java:1210)
	... 30 more
Caused by: java.security.cert.CertPathValidatorException: validity check failed
	at java.base/sun.security.provider.certpath.PKIXMasterCertPathValidator.validate(PKIXMasterCertPathValidator.java:135)
	at java.base/sun.security.provider.certpath.PKIXCertPathValidator.validate(PKIXCertPathValidator.java:224)
	at java.base/sun.security.provider.certpath.PKIXCertPathValidator.validate(PKIXCertPathValidator.java:144)
	at java.base/sun.security.provider.certpath.PKIXCertPathValidator.engineValidate(PKIXCertPathValidator.java:83)
	at java.base/java.security.cert.CertPathValidator.validate(CertPathValidator.java:309)
	at java.base/sun.security.validator.PKIXValidator.doValidate(PKIXValidator.java:313)
	... 36 more
Caused by: java.security.cert.CertificateExpiredException: NotAfter: Tue Jan 02 01:00:00 CET 2024
	at java.base/sun.security.x509.CertificateValidity.valid(CertificateValidity.java:182)
	at java.base/sun.security.x509.X509CertImpl.checkValidity(X509CertImpl.java:534)
	at java.base/sun.security.provider.certpath.BasicChecker.verifyValidity(BasicChecker.java:190)
	at java.base/sun.security.provider.certpath.BasicChecker.check(BasicChecker.java:144)
	at java.base/sun.security.provider.certpath.PKIXMasterCertPathValidator.validate(PKIXMasterCertPathValidator.java:125)
	... 41 more
[2026-08-08T16:30:11,986][INFO ][org.logstash.beats.BeatsHandler][beats-tls][cea61c76cb89e8de1c33fda45ab2b43ef03d0a587a2da8dd49b947033416f5e3] [local: 192.168.1.56:5044, remote: 192.168.1.55:37958] Handling exception: io.netty.handler.codec.DecoderException: javax.net.ssl.SSLHandshakeException: (certificate_unknown) PKIX path validation failed: java.security.cert.CertPathValidatorException: validity check failed (caused by: java.security.cert.CertificateExpiredException: NotAfter: Tue Jan 02 01:00:00 CET 2024)
[2026-08-08T16:30:11,987][WARN ][io.netty.channel.DefaultChannelPipeline][beats-tls][cea61c76cb89e8de1c33fda45ab2b43ef03d0a587a2da8dd49b947033416f5e3] An exceptionCaught() event was fired, and it reached at the tail of the pipeline. It usually means the last handler in the pipeline did not handle the exception.
io.netty.handler.codec.DecoderException: javax.net.ssl.SSLHandshakeException: (certificate_unknown) PKIX path validation failed: java.security.cert.CertPathValidatorException: validity check failed
	at io.netty.handler.codec.ByteToMessageDecoder.callDecode(ByteToMessageDecoder.java:515)
	at io.netty.handler.codec.ByteToMessageDecoder.channelRead(ByteToMessageDecoder.java:296)
	at io.netty.channel.AbstractChannelHandlerContext.invokeChannelRead(AbstractChannelHandlerContext.java:444)
	at io.netty.channel.AbstractChannelHandlerContext.invokeChannelRead(AbstractChannelHandlerContext.java:420)
	at io.netty.channel.AbstractChannelHandlerContext.fireChannelRead(AbstractChannelHandlerContext.java:412)
	at io.netty.channel.DefaultChannelPipeline$HeadContext.channelRead(DefaultChannelPipeline.java:1357)
	at io.netty.channel.AbstractChannelHandlerContext.invokeChannelRead(AbstractChannelHandlerContext.java:440)
	at io.netty.channel.AbstractChannelHandlerContext.invokeChannelRead(AbstractChannelHandlerContext.java:420)
	at io.netty.channel.DefaultChannelPipeline.fireChannelRead(DefaultChannelPipeline.java:868)
	at io.netty.channel.nio.AbstractNioByteChannel$NioByteUnsafe.read(AbstractNioByteChannel.java:171)
	at io.netty.channel.nio.NioEventLoop.processSelectedKey(NioEventLoop.java:796)
	at io.netty.channel.nio.NioEventLoop.processSelectedKeysOptimized(NioEventLoop.java:732)
	at io.netty.channel.nio.NioEventLoop.processSelectedKeys(NioEventLoop.java:658)
	at io.netty.channel.nio.NioEventLoop.run(NioEventLoop.java:562)
	at io.netty.util.concurrent.SingleThreadEventExecutor$4.run(SingleThreadEventExecutor.java:998)
	at io.netty.util.internal.ThreadExecutorMap$2.run(ThreadExecutorMap.java:74)
	at java.base/java.lang.Thread.run(Thread.java:1583)
Caused by: javax.net.ssl.SSLHandshakeException: (certificate_unknown) PKIX path validation failed: java.security.cert.CertPathValidatorException: validity check failed
	at java.base/sun.security.ssl.Alert.createSSLException(Alert.java:130)
	at java.base/sun.security.ssl.TransportContext.fatal(TransportContext.java:383)
	at java.base/sun.security.ssl.TransportContext.fatal(TransportContext.java:326)
	at java.base/sun.security.ssl.TransportContext.fatal(TransportContext.java:321)
	at java.base/sun.security.ssl.CertificateMessage$T13CertificateConsumer.checkClientCerts(CertificateMessage.java:1232)
	at java.base/sun.security.ssl.CertificateMessage$T13CertificateConsumer.onConsumeCertificate(CertificateMessage.java:1136)
	at java.base/sun.security.ssl.CertificateMessage$T13CertificateConsumer.consume(CertificateMessage.java:1113)
	at java.base/sun.security.ssl.SSLHandshake.consume(SSLHandshake.java:393)
	at java.base/sun.security.ssl.HandshakeContext.dispatch(HandshakeContext.java:477)
	at java.base/sun.security.ssl.SSLEngineImpl$DelegatedTask$DelegatedAction.run(SSLEngineImpl.java:1274)
	at java.base/sun.security.ssl.SSLEngineImpl$DelegatedTask$DelegatedAction.run(SSLEngineImpl.java:1261)
	at java.base/java.security.AccessController.doPrivileged(AccessController.java:714)
	at java.base/sun.security.ssl.SSLEngineImpl$DelegatedTask.run(SSLEngineImpl.java:1206)
	at io.netty.handler.ssl.SslHandler.runDelegatedTasks(SslHandler.java:1695)
	at io.netty.handler.ssl.SslHandler.unwrap(SslHandler.java:1541)
	at io.netty.handler.ssl.SslHandler.decodeJdkCompatible(SslHandler.java:1377)
	at io.netty.handler.ssl.SslHandler.decode(SslHandler.java:1428)
	at io.netty.handler.codec.ByteToMessageDecoder.decodeRemovalReentryProtection(ByteToMessageDecoder.java:545)
	at io.netty.handler.codec.ByteToMessageDecoder.callDecode(ByteToMessageDecoder.java:484)
	... 16 more
Caused by: sun.security.validator.ValidatorException: PKIX path validation failed: java.security.cert.CertPathValidatorException: validity check failed
	at java.base/sun.security.validator.PKIXValidator.doValidate(PKIXValidator.java:318)
	at java.base/sun.security.validator.PKIXValidator.engineValidate(PKIXValidator.java:267)
	at java.base/sun.security.validator.Validator.validate(Validator.java:256)
	at java.base/sun.security.ssl.X509TrustManagerImpl.checkTrusted(X509TrustManagerImpl.java:284)
	at java.base/sun.security.ssl.X509TrustManagerImpl.checkClientTrusted(X509TrustManagerImpl.java:138)
	at io.netty.handler.ssl.EnhancingX509ExtendedTrustManager.checkClientTrusted(EnhancingX509ExtendedTrustManager.java:77)
	at java.base/sun.security.ssl.CertificateMessage$T13CertificateConsumer.checkClientCerts(CertificateMessage.java:1210)
	... 30 more
Caused by: java.security.cert.CertPathValidatorException: validity check failed
	at java.base/sun.security.provider.certpath.PKIXMasterCertPathValidator.validate(PKIXMasterCertPathValidator.java:135)
	at java.base/sun.security.provider.certpath.PKIXCertPathValidator.validate(PKIXCertPathValidator.java:224)
	at java.base/sun.security.provider.certpath.PKIXCertPathValidator.validate(PKIXCertPathValidator.java:144)
	at java.base/sun.security.provider.certpath.PKIXCertPathValidator.engineValidate(PKIXCertPathValidator.java:83)
	at java.base/java.security.cert.CertPathValidator.validate(CertPathValidator.java:309)
	at java.base/sun.security.validator.PKIXValidator.doValidate(PKIXValidator.java:313)
	... 36 more
Caused by: java.security.cert.CertificateExpiredException: NotAfter: Tue Jan 02 01:00:00 CET 2024
	at java.base/sun.security.x509.CertificateValidity.valid(CertificateValidity.java:182)
	at java.base/sun.security.x509.X509CertImpl.checkValidity(X509CertImpl.java:534)
	at java.base/sun.security.provider.certpath.BasicChecker.verifyValidity(BasicChecker.java:190)
	at java.base/sun.security.provider.certpath.BasicChecker.check(BasicChecker.java:144)
	at java.base/sun.security.provider.certpath.PKIXMasterCertPathValidator.validate(PKIXMasterCertPathValidator.java:125)
	... 41 more
[2026-08-08T16:30:13,172][INFO ][org.logstash.beats.BeatsHandler][beats-tls][cea61c76cb89e8de1c33fda45ab2b43ef03d0a587a2da8dd49b947033416f5e3] [local: 192.168.1.56:5044, remote: 192.168.1.55:37972] Handling exception: io.netty.handler.codec.DecoderException: javax.net.ssl.SSLHandshakeException: (certificate_unknown) PKIX path validation failed: java.security.cert.CertPathValidatorException: validity check failed (caused by: java.security.cert.CertificateExpiredException: NotAfter: Tue Jan 02 01:00:00 CET 2024)
[2026-08-08T16:30:13,173][WARN ][io.netty.channel.DefaultChannelPipeline][beats-tls][cea61c76cb89e8de1c33fda45ab2b43ef03d0a587a2da8dd49b947033416f5e3] An exceptionCaught() event was fired, and it reached at the tail of the pipeline. It usually means the last handler in the pipeline did not handle the exception.
io.netty.handler.codec.DecoderException: javax.net.ssl.SSLHandshakeException: (certificate_unknown) PKIX path validation failed: java.security.cert.CertPathValidatorException: validity check failed
	at io.netty.handler.codec.ByteToMessageDecoder.callDecode(ByteToMessageDecoder.java:515)
	at io.netty.handler.codec.ByteToMessageDecoder.channelRead(ByteToMessageDecoder.java:296)
	at io.netty.channel.AbstractChannelHandlerContext.invokeChannelRead(AbstractChannelHandlerContext.java:444)
	at io.netty.channel.AbstractChannelHandlerContext.invokeChannelRead(AbstractChannelHandlerContext.java:420)
	at io.netty.channel.AbstractChannelHandlerContext.fireChannelRead(AbstractChannelHandlerContext.java:412)
	at io.netty.channel.DefaultChannelPipeline$HeadContext.channelRead(DefaultChannelPipeline.java:1357)
	at io.netty.channel.AbstractChannelHandlerContext.invokeChannelRead(AbstractChannelHandlerContext.java:440)
	at io.netty.channel.AbstractChannelHandlerContext.invokeChannelRead(AbstractChannelHandlerContext.java:420)
	at io.netty.channel.DefaultChannelPipeline.fireChannelRead(DefaultChannelPipeline.java:868)
	at io.netty.channel.nio.AbstractNioByteChannel$NioByteUnsafe.read(AbstractNioByteChannel.java:171)
	at io.netty.channel.nio.NioEventLoop.processSelectedKey(NioEventLoop.java:796)
	at io.netty.channel.nio.NioEventLoop.processSelectedKeysOptimized(NioEventLoop.java:732)
	at io.netty.channel.nio.NioEventLoop.processSelectedKeys(NioEventLoop.java:658)
	at io.netty.channel.nio.NioEventLoop.run(NioEventLoop.java:562)
	at io.netty.util.concurrent.SingleThreadEventExecutor$4.run(SingleThreadEventExecutor.java:998)
	at io.netty.util.internal.ThreadExecutorMap$2.run(ThreadExecutorMap.java:74)
	at java.base/java.lang.Thread.run(Thread.java:1583)
Caused by: javax.net.ssl.SSLHandshakeException: (certificate_unknown) PKIX path validation failed: java.security.cert.CertPathValidatorException: validity check failed
	at java.base/sun.security.ssl.Alert.createSSLException(Alert.java:130)
	at java.base/sun.security.ssl.TransportContext.fatal(TransportContext.java:383)
	at java.base/sun.security.ssl.TransportContext.fatal(TransportContext.java:326)
	at java.base/sun.security.ssl.TransportContext.fatal(TransportContext.java:321)
	at java.base/sun.security.ssl.CertificateMessage$T13CertificateConsumer.checkClientCerts(CertificateMessage.java:1232)
	at java.base/sun.security.ssl.CertificateMessage$T13CertificateConsumer.onConsumeCertificate(CertificateMessage.java:1136)
	at java.base/sun.security.ssl.CertificateMessage$T13CertificateConsumer.consume(CertificateMessage.java:1113)
	at java.base/sun.security.ssl.SSLHandshake.consume(SSLHandshake.java:393)
	at java.base/sun.security.ssl.HandshakeContext.dispatch(HandshakeContext.java:477)
	at java.base/sun.security.ssl.SSLEngineImpl$DelegatedTask$DelegatedAction.run(SSLEngineImpl.java:1274)
	at java.base/sun.security.ssl.SSLEngineImpl$DelegatedTask$DelegatedAction.run(SSLEngineImpl.java:1261)
	at java.base/java.security.AccessController.doPrivileged(AccessController.java:714)
	at java.base/sun.security.ssl.SSLEngineImpl$DelegatedTask.run(SSLEngineImpl.java:1206)
	at io.netty.handler.ssl.SslHandler.runDelegatedTasks(SslHandler.java:1695)
	at io.netty.handler.ssl.SslHandler.unwrap(SslHandler.java:1541)
	at io.netty.handler.ssl.SslHandler.decodeJdkCompatible(SslHandler.java:1377)
	at io.netty.handler.ssl.SslHandler.decode(SslHandler.java:1428)
	at io.netty.handler.codec.ByteToMessageDecoder.decodeRemovalReentryProtection(ByteToMessageDecoder.java:545)
	at io.netty.handler.codec.ByteToMessageDecoder.callDecode(ByteToMessageDecoder.java:484)
	... 16 more
Caused by: sun.security.validator.ValidatorException: PKIX path validation failed: java.security.cert.CertPathValidatorException: validity check failed
	at java.base/sun.security.validator.PKIXValidator.doValidate(PKIXValidator.java:318)
	at java.base/sun.security.validator.PKIXValidator.engineValidate(PKIXValidator.java:267)
	at java.base/sun.security.validator.Validator.validate(Validator.java:256)
	at java.base/sun.security.ssl.X509TrustManagerImpl.checkTrusted(X509TrustManagerImpl.java:284)
	at java.base/sun.security.ssl.X509TrustManagerImpl.checkClientTrusted(X509TrustManagerImpl.java:138)
	at io.netty.handler.ssl.EnhancingX509ExtendedTrustManager.checkClientTrusted(EnhancingX509ExtendedTrustManager.java:77)
	at java.base/sun.security.ssl.CertificateMessage$T13CertificateConsumer.checkClientCerts(CertificateMessage.java:1210)
	... 30 more
Caused by: java.security.cert.CertPathValidatorException: validity check failed
	at java.base/sun.security.provider.certpath.PKIXMasterCertPathValidator.validate(PKIXMasterCertPathValidator.java:135)
	at java.base/sun.security.provider.certpath.PKIXCertPathValidator.validate(PKIXCertPathValidator.java:224)
	at java.base/sun.security.provider.certpath.PKIXCertPathValidator.validate(PKIXCertPathValidator.java:144)
	at java.base/sun.security.provider.certpath.PKIXCertPathValidator.engineValidate(PKIXCertPathValidator.java:83)
	at java.base/java.security.cert.CertPathValidator.validate(CertPathValidator.java:309)
	at java.base/sun.security.validator.PKIXValidator.doValidate(PKIXValidator.java:313)
	... 36 more
Caused by: java.security.cert.CertificateExpiredException: NotAfter: Tue Jan 02 01:00:00 CET 2024
	at java.base/sun.security.x509.CertificateValidity.valid(CertificateValidity.java:182)
	at java.base/sun.security.x509.X509CertImpl.checkValidity(X509CertImpl.java:534)
	at java.base/sun.security.provider.certpath.BasicChecker.verifyValidity(BasicChecker.java:190)
	at java.base/sun.security.provider.certpath.BasicChecker.check(BasicChecker.java:144)
	at java.base/sun.security.provider.certpath.PKIXMasterCertPathValidator.validate(PKIXMasterCertPathValidator.java:125)
	... 41 more
[2026-08-08T16:30:14,256][INFO ][org.logstash.beats.BeatsHandler][beats-tls][cea61c76cb89e8de1c33fda45ab2b43ef03d0a587a2da8dd49b947033416f5e3] [local: 192.168.1.56:5044, remote: 192.168.1.55:37980] Handling exception: io.netty.handler.codec.DecoderException: javax.net.ssl.SSLHandshakeException: (certificate_unknown) PKIX path validation failed: java.security.cert.CertPathValidatorException: validity check failed (caused by: java.security.cert.CertificateExpiredException: NotAfter: Tue Jan 02 01:00:00 CET 2024)
[2026-08-08T16:30:14,257][WARN ][io.netty.channel.DefaultChannelPipeline][beats-tls][cea61c76cb89e8de1c33fda45ab2b43ef03d0a587a2da8dd49b947033416f5e3] An exceptionCaught() event was fired, and it reached at the tail of the pipeline. It usually means the last handler in the pipeline did not handle the exception.
io.netty.handler.codec.DecoderException: javax.net.ssl.SSLHandshakeException: (certificate_unknown) PKIX path validation failed: java.security.cert.CertPathValidatorException: validity check failed
	at io.netty.handler.codec.ByteToMessageDecoder.callDecode(ByteToMessageDecoder.java:515)
	at io.netty.handler.codec.ByteToMessageDecoder.channelRead(ByteToMessageDecoder.java:296)
	at io.netty.channel.AbstractChannelHandlerContext.invokeChannelRead(AbstractChannelHandlerContext.java:444)
	at io.netty.channel.AbstractChannelHandlerContext.invokeChannelRead(AbstractChannelHandlerContext.java:420)
	at io.netty.channel.AbstractChannelHandlerContext.fireChannelRead(AbstractChannelHandlerContext.java:412)
	at io.netty.channel.DefaultChannelPipeline$HeadContext.channelRead(DefaultChannelPipeline.java:1357)
	at io.netty.channel.AbstractChannelHandlerContext.invokeChannelRead(AbstractChannelHandlerContext.java:440)
	at io.netty.channel.AbstractChannelHandlerContext.invokeChannelRead(AbstractChannelHandlerContext.java:420)
	at io.netty.channel.DefaultChannelPipeline.fireChannelRead(DefaultChannelPipeline.java:868)
	at io.netty.channel.nio.AbstractNioByteChannel$NioByteUnsafe.read(AbstractNioByteChannel.java:171)
	at io.netty.channel.nio.NioEventLoop.processSelectedKey(NioEventLoop.java:796)
	at io.netty.channel.nio.NioEventLoop.processSelectedKeysOptimized(NioEventLoop.java:732)
	at io.netty.channel.nio.NioEventLoop.processSelectedKeys(NioEventLoop.java:658)
	at io.netty.channel.nio.NioEventLoop.run(NioEventLoop.java:562)
	at io.netty.util.concurrent.SingleThreadEventExecutor$4.run(SingleThreadEventExecutor.java:998)
	at io.netty.util.internal.ThreadExecutorMap$2.run(ThreadExecutorMap.java:74)
	at java.base/java.lang.Thread.run(Thread.java:1583)
Caused by: javax.net.ssl.SSLHandshakeException: (certificate_unknown) PKIX path validation failed: java.security.cert.CertPathValidatorException: validity check failed
	at java.base/sun.security.ssl.Alert.createSSLException(Alert.java:130)
	at java.base/sun.security.ssl.TransportContext.fatal(TransportContext.java:383)
	at java.base/sun.security.ssl.TransportContext.fatal(TransportContext.java:326)
	at java.base/sun.security.ssl.TransportContext.fatal(TransportContext.java:321)
	at java.base/sun.security.ssl.CertificateMessage$T13CertificateConsumer.checkClientCerts(CertificateMessage.java:1232)
	at java.base/sun.security.ssl.CertificateMessage$T13CertificateConsumer.onConsumeCertificate(CertificateMessage.java:1136)
	at java.base/sun.security.ssl.CertificateMessage$T13CertificateConsumer.consume(CertificateMessage.java:1113)
	at java.base/sun.security.ssl.SSLHandshake.consume(SSLHandshake.java:393)
	at java.base/sun.security.ssl.HandshakeContext.dispatch(HandshakeContext.java:477)
	at java.base/sun.security.ssl.SSLEngineImpl$DelegatedTask$DelegatedAction.run(SSLEngineImpl.java:1274)
	at java.base/sun.security.ssl.SSLEngineImpl$DelegatedTask$DelegatedAction.run(SSLEngineImpl.java:1261)
	at java.base/java.security.AccessController.doPrivileged(AccessController.java:714)
	at java.base/sun.security.ssl.SSLEngineImpl$DelegatedTask.run(SSLEngineImpl.java:1206)
	at io.netty.handler.ssl.SslHandler.runDelegatedTasks(SslHandler.java:1695)
	at io.netty.handler.ssl.SslHandler.unwrap(SslHandler.java:1541)
	at io.netty.handler.ssl.SslHandler.decodeJdkCompatible(SslHandler.java:1377)
	at io.netty.handler.ssl.SslHandler.decode(SslHandler.java:1428)
	at io.netty.handler.codec.ByteToMessageDecoder.decodeRemovalReentryProtection(ByteToMessageDecoder.java:545)
	at io.netty.handler.codec.ByteToMessageDecoder.callDecode(ByteToMessageDecoder.java:484)
	... 16 more
Caused by: sun.security.validator.ValidatorException: PKIX path validation failed: java.security.cert.CertPathValidatorException: validity check failed
	at java.base/sun.security.validator.PKIXValidator.doValidate(PKIXValidator.java:318)
	at java.base/sun.security.validator.PKIXValidator.engineValidate(PKIXValidator.java:267)
	at java.base/sun.security.validator.Validator.validate(Validator.java:256)
	at java.base/sun.security.ssl.X509TrustManagerImpl.checkTrusted(X509TrustManagerImpl.java:284)
	at java.base/sun.security.ssl.X509TrustManagerImpl.checkClientTrusted(X509TrustManagerImpl.java:138)
	at io.netty.handler.ssl.EnhancingX509ExtendedTrustManager.checkClientTrusted(EnhancingX509ExtendedTrustManager.java:77)
	at java.base/sun.security.ssl.CertificateMessage$T13CertificateConsumer.checkClientCerts(CertificateMessage.java:1210)
	... 30 more
Caused by: java.security.cert.CertPathValidatorException: validity check failed
	at java.base/sun.security.provider.certpath.PKIXMasterCertPathValidator.validate(PKIXMasterCertPathValidator.java:135)
	at java.base/sun.security.provider.certpath.PKIXCertPathValidator.validate(PKIXCertPathValidator.java:224)
	at java.base/sun.security.provider.certpath.PKIXCertPathValidator.validate(PKIXCertPathValidator.java:144)
	at java.base/sun.security.provider.certpath.PKIXCertPathValidator.engineValidate(PKIXCertPathValidator.java:83)
	at java.base/java.security.cert.CertPathValidator.validate(CertPathValidator.java:309)
	at java.base/sun.security.validator.PKIXValidator.doValidate(PKIXValidator.java:313)
	... 36 more
Caused by: java.security.cert.CertificateExpiredException: NotAfter: Tue Jan 02 01:00:00 CET 2024
	at java.base/sun.security.x509.CertificateValidity.valid(CertificateValidity.java:182)
	at java.base/sun.security.x509.X509CertImpl.checkValidity(X509CertImpl.java:534)
	at java.base/sun.security.provider.certpath.BasicChecker.verifyValidity(BasicChecker.java:190)
	at java.base/sun.security.provider.certpath.BasicChecker.check(BasicChecker.java:144)
	at java.base/sun.security.provider.certpath.PKIXMasterCertPathValidator.validate(PKIXMasterCertPathValidator.java:125)
	... 41 more
[2026-08-08T16:30:15,689][INFO ][org.logstash.beats.BeatsHandler][beats-tls][cea61c76cb89e8de1c33fda45ab2b43ef03d0a587a2da8dd49b947033416f5e3] [local: 192.168.1.56:5044, remote: 192.168.1.55:37992] Handling exception: io.netty.handler.codec.DecoderException: javax.net.ssl.SSLHandshakeException: (certificate_unknown) PKIX path validation failed: java.security.cert.CertPathValidatorException: validity check failed (caused by: java.security.cert.CertificateExpiredException: NotAfter: Tue Jan 02 01:00:00 CET 2024)
[2026-08-08T16:30:15,689][WARN ][io.netty.channel.DefaultChannelPipeline][beats-tls][cea61c76cb89e8de1c33fda45ab2b43ef03d0a587a2da8dd49b947033416f5e3] An exceptionCaught() event was fired, and it reached at the tail of the pipeline. It usually means the last handler in the pipeline did not handle the exception.
io.netty.handler.codec.DecoderException: javax.net.ssl.SSLHandshakeException: (certificate_unknown) PKIX path validation failed: java.security.cert.CertPathValidatorException: validity check failed
	at io.netty.handler.codec.ByteToMessageDecoder.callDecode(ByteToMessageDecoder.java:515)
	at io.netty.handler.codec.ByteToMessageDecoder.channelRead(ByteToMessageDecoder.java:296)
	at io.netty.channel.AbstractChannelHandlerContext.invokeChannelRead(AbstractChannelHandlerContext.java:444)
	at io.netty.channel.AbstractChannelHandlerContext.invokeChannelRead(AbstractChannelHandlerContext.java:420)
	at io.netty.channel.AbstractChannelHandlerContext.fireChannelRead(AbstractChannelHandlerContext.java:412)
	at io.netty.channel.DefaultChannelPipeline$HeadContext.channelRead(DefaultChannelPipeline.java:1357)
	at io.netty.channel.AbstractChannelHandlerContext.invokeChannelRead(AbstractChannelHandlerContext.java:440)
	at io.netty.channel.AbstractChannelHandlerContext.invokeChannelRead(AbstractChannelHandlerContext.java:420)
	at io.netty.channel.DefaultChannelPipeline.fireChannelRead(DefaultChannelPipeline.java:868)
	at io.netty.channel.nio.AbstractNioByteChannel$NioByteUnsafe.read(AbstractNioByteChannel.java:171)
	at io.netty.channel.nio.NioEventLoop.processSelectedKey(NioEventLoop.java:796)
	at io.netty.channel.nio.NioEventLoop.processSelectedKeysOptimized(NioEventLoop.java:732)
	at io.netty.channel.nio.NioEventLoop.processSelectedKeys(NioEventLoop.java:658)
	at io.netty.channel.nio.NioEventLoop.run(NioEventLoop.java:562)
	at io.netty.util.concurrent.SingleThreadEventExecutor$4.run(SingleThreadEventExecutor.java:998)
	at io.netty.util.internal.ThreadExecutorMap$2.run(ThreadExecutorMap.java:74)
	at java.base/java.lang.Thread.run(Thread.java:1583)
Caused by: javax.net.ssl.SSLHandshakeException: (certificate_unknown) PKIX path validation failed: java.security.cert.CertPathValidatorException: validity check failed
	at java.base/sun.security.ssl.Alert.createSSLException(Alert.java:130)
	at java.base/sun.security.ssl.TransportContext.fatal(TransportContext.java:383)
	at java.base/sun.security.ssl.TransportContext.fatal(TransportContext.java:326)
	at java.base/sun.security.ssl.TransportContext.fatal(TransportContext.java:321)
	at java.base/sun.security.ssl.CertificateMessage$T13CertificateConsumer.checkClientCerts(CertificateMessage.java:1232)
	at java.base/sun.security.ssl.CertificateMessage$T13CertificateConsumer.onConsumeCertificate(CertificateMessage.java:1136)
	at java.base/sun.security.ssl.CertificateMessage$T13CertificateConsumer.consume(CertificateMessage.java:1113)
	at java.base/sun.security.ssl.SSLHandshake.consume(SSLHandshake.java:393)
	at java.base/sun.security.ssl.HandshakeContext.dispatch(HandshakeContext.java:477)
	at java.base/sun.security.ssl.SSLEngineImpl$DelegatedTask$DelegatedAction.run(SSLEngineImpl.java:1274)
	at java.base/sun.security.ssl.SSLEngineImpl$DelegatedTask$DelegatedAction.run(SSLEngineImpl.java:1261)
	at java.base/java.security.AccessController.doPrivileged(AccessController.java:714)
	at java.base/sun.security.ssl.SSLEngineImpl$DelegatedTask.run(SSLEngineImpl.java:1206)
	at io.netty.handler.ssl.SslHandler.runDelegatedTasks(SslHandler.java:1695)
	at io.netty.handler.ssl.SslHandler.unwrap(SslHandler.java:1541)
	at io.netty.handler.ssl.SslHandler.decodeJdkCompatible(SslHandler.java:1377)
	at io.netty.handler.ssl.SslHandler.decode(SslHandler.java:1428)
	at io.netty.handler.codec.ByteToMessageDecoder.decodeRemovalReentryProtection(ByteToMessageDecoder.java:545)
	at io.netty.handler.codec.ByteToMessageDecoder.callDecode(ByteToMessageDecoder.java:484)
	... 16 more
Caused by: sun.security.validator.ValidatorException: PKIX path validation failed: java.security.cert.CertPathValidatorException: validity check failed
	at java.base/sun.security.validator.PKIXValidator.doValidate(PKIXValidator.java:318)
	at java.base/sun.security.validator.PKIXValidator.engineValidate(PKIXValidator.java:267)
	at java.base/sun.security.validator.Validator.validate(Validator.java:256)
	at java.base/sun.security.ssl.X509TrustManagerImpl.checkTrusted(X509TrustManagerImpl.java:284)
	at java.base/sun.security.ssl.X509TrustManagerImpl.checkClientTrusted(X509TrustManagerImpl.java:138)
	at io.netty.handler.ssl.EnhancingX509ExtendedTrustManager.checkClientTrusted(EnhancingX509ExtendedTrustManager.java:77)
	at java.base/sun.security.ssl.CertificateMessage$T13CertificateConsumer.checkClientCerts(CertificateMessage.java:1210)
	... 30 more
Caused by: java.security.cert.CertPathValidatorException: validity check failed
	at java.base/sun.security.provider.certpath.PKIXMasterCertPathValidator.validate(PKIXMasterCertPathValidator.java:135)
	at java.base/sun.security.provider.certpath.PKIXCertPathValidator.validate(PKIXCertPathValidator.java:224)
	at java.base/sun.security.provider.certpath.PKIXCertPathValidator.validate(PKIXCertPathValidator.java:144)
	at java.base/sun.security.provider.certpath.PKIXCertPathValidator.engineValidate(PKIXCertPathValidator.java:83)
	at java.base/java.security.cert.CertPathValidator.validate(CertPathValidator.java:309)
	at java.base/sun.security.validator.PKIXValidator.doValidate(PKIXValidator.java:313)
	... 36 more
Caused by: java.security.cert.CertificateExpiredException: NotAfter: Tue Jan 02 01:00:00 CET 2024
	at java.base/sun.security.x509.CertificateValidity.valid(CertificateValidity.java:182)
	at java.base/sun.security.x509.X509CertImpl.checkValidity(X509CertImpl.java:534)
	at java.base/sun.security.provider.certpath.BasicChecker.verifyValidity(BasicChecker.java:190)
	at java.base/sun.security.provider.certpath.BasicChecker.check(BasicChecker.java:144)
	at java.base/sun.security.provider.certpath.PKIXMasterCertPathValidator.validate(PKIXMasterCertPathValidator.java:125)
	... 41 more
[2026-08-08T16:30:16,936][INFO ][org.logstash.beats.BeatsHandler][beats-tls][cea61c76cb89e8de1c33fda45ab2b43ef03d0a587a2da8dd49b947033416f5e3] [local: 192.168.1.56:5044, remote: 192.168.1.55:37996] Handling exception: io.netty.handler.codec.DecoderException: javax.net.ssl.SSLHandshakeException: (certificate_unknown) PKIX path validation failed: java.security.cert.CertPathValidatorException: validity check failed (caused by: java.security.cert.CertificateExpiredException: NotAfter: Tue Jan 02 01:00:00 CET 2024)
[2026-08-08T16:30:16,937][WARN ][io.netty.channel.DefaultChannelPipeline][beats-tls][cea61c76cb89e8de1c33fda45ab2b43ef03d0a587a2da8dd49b947033416f5e3] An exceptionCaught() event was fired, and it reached at the tail of the pipeline. It usually means the last handler in the pipeline did not handle the exception.
io.netty.handler.codec.DecoderException: javax.net.ssl.SSLHandshakeException: (certificate_unknown) PKIX path validation failed: java.security.cert.CertPathValidatorException: validity check failed
	at io.netty.handler.codec.ByteToMessageDecoder.callDecode(ByteToMessageDecoder.java:515)
	at io.netty.handler.codec.ByteToMessageDecoder.channelRead(ByteToMessageDecoder.java:296)
	at io.netty.channel.AbstractChannelHandlerContext.invokeChannelRead(AbstractChannelHandlerContext.java:444)
	at io.netty.channel.AbstractChannelHandlerContext.invokeChannelRead(AbstractChannelHandlerContext.java:420)
	at io.netty.channel.AbstractChannelHandlerContext.fireChannelRead(AbstractChannelHandlerContext.java:412)
	at io.netty.channel.DefaultChannelPipeline$HeadContext.channelRead(DefaultChannelPipeline.java:1357)
	at io.netty.channel.AbstractChannelHandlerContext.invokeChannelRead(AbstractChannelHandlerContext.java:440)
	at io.netty.channel.AbstractChannelHandlerContext.invokeChannelRead(AbstractChannelHandlerContext.java:420)
	at io.netty.channel.DefaultChannelPipeline.fireChannelRead(DefaultChannelPipeline.java:868)
	at io.netty.channel.nio.AbstractNioByteChannel$NioByteUnsafe.read(AbstractNioByteChannel.java:171)
	at io.netty.channel.nio.NioEventLoop.processSelectedKey(NioEventLoop.java:796)
	at io.netty.channel.nio.NioEventLoop.processSelectedKeysOptimized(NioEventLoop.java:732)
	at io.netty.channel.nio.NioEventLoop.processSelectedKeys(NioEventLoop.java:658)
	at io.netty.channel.nio.NioEventLoop.run(NioEventLoop.java:562)
	at io.netty.util.concurrent.SingleThreadEventExecutor$4.run(SingleThreadEventExecutor.java:998)
	at io.netty.util.internal.ThreadExecutorMap$2.run(ThreadExecutorMap.java:74)
	at java.base/java.lang.Thread.run(Thread.java:1583)
Caused by: javax.net.ssl.SSLHandshakeException: (certificate_unknown) PKIX path validation failed: java.security.cert.CertPathValidatorException: validity check failed
	at java.base/sun.security.ssl.Alert.createSSLException(Alert.java:130)
	at java.base/sun.security.ssl.TransportContext.fatal(TransportContext.java:383)
	at java.base/sun.security.ssl.TransportContext.fatal(TransportContext.java:326)
	at java.base/sun.security.ssl.TransportContext.fatal(TransportContext.java:321)
	at java.base/sun.security.ssl.CertificateMessage$T13CertificateConsumer.checkClientCerts(CertificateMessage.java:1232)
	at java.base/sun.security.ssl.CertificateMessage$T13CertificateConsumer.onConsumeCertificate(CertificateMessage.java:1136)
	at java.base/sun.security.ssl.CertificateMessage$T13CertificateConsumer.consume(CertificateMessage.java:1113)
	at java.base/sun.security.ssl.SSLHandshake.consume(SSLHandshake.java:393)
	at java.base/sun.security.ssl.HandshakeContext.dispatch(HandshakeContext.java:477)
	at java.base/sun.security.ssl.SSLEngineImpl$DelegatedTask$DelegatedAction.run(SSLEngineImpl.java:1274)
	at java.base/sun.security.ssl.SSLEngineImpl$DelegatedTask$DelegatedAction.run(SSLEngineImpl.java:1261)
	at java.base/java.security.AccessController.doPrivileged(AccessController.java:714)
	at java.base/sun.security.ssl.SSLEngineImpl$DelegatedTask.run(SSLEngineImpl.java:1206)
	at io.netty.handler.ssl.SslHandler.runDelegatedTasks(SslHandler.java:1695)
	at io.netty.handler.ssl.SslHandler.unwrap(SslHandler.java:1541)
	at io.netty.handler.ssl.SslHandler.decodeJdkCompatible(SslHandler.java:1377)
	at io.netty.handler.ssl.SslHandler.decode(SslHandler.java:1428)
	at io.netty.handler.codec.ByteToMessageDecoder.decodeRemovalReentryProtection(ByteToMessageDecoder.java:545)
	at io.netty.handler.codec.ByteToMessageDecoder.callDecode(ByteToMessageDecoder.java:484)
	... 16 more
Caused by: sun.security.validator.ValidatorException: PKIX path validation failed: java.security.cert.CertPathValidatorException: validity check failed
	at java.base/sun.security.validator.PKIXValidator.doValidate(PKIXValidator.java:318)
	at java.base/sun.security.validator.PKIXValidator.engineValidate(PKIXValidator.java:267)
	at java.base/sun.security.validator.Validator.validate(Validator.java:256)
	at java.base/sun.security.ssl.X509TrustManagerImpl.checkTrusted(X509TrustManagerImpl.java:284)
	at java.base/sun.security.ssl.X509TrustManagerImpl.checkClientTrusted(X509TrustManagerImpl.java:138)
	at io.netty.handler.ssl.EnhancingX509ExtendedTrustManager.checkClientTrusted(EnhancingX509ExtendedTrustManager.java:77)
	at java.base/sun.security.ssl.CertificateMessage$T13CertificateConsumer.checkClientCerts(CertificateMessage.java:1210)
	... 30 more
Caused by: java.security.cert.CertPathValidatorException: validity check failed
	at java.base/sun.security.provider.certpath.PKIXMasterCertPathValidator.validate(PKIXMasterCertPathValidator.java:135)
	at java.base/sun.security.provider.certpath.PKIXCertPathValidator.validate(PKIXCertPathValidator.java:224)
	at java.base/sun.security.provider.certpath.PKIXCertPathValidator.validate(PKIXCertPathValidator.java:144)
	at java.base/sun.security.provider.certpath.PKIXCertPathValidator.engineValidate(PKIXCertPathValidator.java:83)
	at java.base/java.security.cert.CertPathValidator.validate(CertPathValidator.java:309)
	at java.base/sun.security.validator.PKIXValidator.doValidate(PKIXValidator.java:313)
	... 36 more
Caused by: java.security.cert.CertificateExpiredException: NotAfter: Tue Jan 02 01:00:00 CET 2024
	at java.base/sun.security.x509.CertificateValidity.valid(CertificateValidity.java:182)
	at java.base/sun.security.x509.X509CertImpl.checkValidity(X509CertImpl.java:534)
	at java.base/sun.security.provider.certpath.BasicChecker.verifyValidity(BasicChecker.java:190)
	at java.base/sun.security.provider.certpath.BasicChecker.check(BasicChecker.java:144)
	at java.base/sun.security.provider.certpath.PKIXMasterCertPathValidator.validate(PKIXMasterCertPathValidator.java:125)
	... 41 more
[2026-08-08T16:30:18,503][INFO ][org.logstash.beats.BeatsHandler][beats-tls][cea61c76cb89e8de1c33fda45ab2b43ef03d0a587a2da8dd49b947033416f5e3] [local: 192.168.1.56:5044, remote: 192.168.1.55:41424] Handling exception: io.netty.handler.codec.DecoderException: javax.net.ssl.SSLHandshakeException: (certificate_unknown) PKIX path validation failed: java.security.cert.CertPathValidatorException: validity check failed (caused by: java.security.cert.CertificateExpiredException: NotAfter: Tue Jan 02 01:00:00 CET 2024)
[2026-08-08T16:30:18,504][WARN ][io.netty.channel.DefaultChannelPipeline][beats-tls][cea61c76cb89e8de1c33fda45ab2b43ef03d0a587a2da8dd49b947033416f5e3] An exceptionCaught() event was fired, and it reached at the tail of the pipeline. It usually means the last handler in the pipeline did not handle the exception.
io.netty.handler.codec.DecoderException: javax.net.ssl.SSLHandshakeException: (certificate_unknown) PKIX path validation failed: java.security.cert.CertPathValidatorException: validity check failed
	at io.netty.handler.codec.ByteToMessageDecoder.callDecode(ByteToMessageDecoder.java:515)
	at io.netty.handler.codec.ByteToMessageDecoder.channelRead(ByteToMessageDecoder.java:296)
	at io.netty.channel.AbstractChannelHandlerContext.invokeChannelRead(AbstractChannelHandlerContext.java:444)
	at io.netty.channel.AbstractChannelHandlerContext.invokeChannelRead(AbstractChannelHandlerContext.java:420)
	at io.netty.channel.AbstractChannelHandlerContext.fireChannelRead(AbstractChannelHandlerContext.java:412)
	at io.netty.channel.DefaultChannelPipeline$HeadContext.channelRead(DefaultChannelPipeline.java:1357)
	at io.netty.channel.AbstractChannelHandlerContext.invokeChannelRead(AbstractChannelHandlerContext.java:440)
	at io.netty.channel.AbstractChannelHandlerContext.invokeChannelRead(AbstractChannelHandlerContext.java:420)
	at io.netty.channel.DefaultChannelPipeline.fireChannelRead(DefaultChannelPipeline.java:868)
	at io.netty.channel.nio.AbstractNioByteChannel$NioByteUnsafe.read(AbstractNioByteChannel.java:171)
	at io.netty.channel.nio.NioEventLoop.processSelectedKey(NioEventLoop.java:796)
	at io.netty.channel.nio.NioEventLoop.processSelectedKeysOptimized(NioEventLoop.java:732)
	at io.netty.channel.nio.NioEventLoop.processSelectedKeys(NioEventLoop.java:658)
	at io.netty.channel.nio.NioEventLoop.run(NioEventLoop.java:562)
	at io.netty.util.concurrent.SingleThreadEventExecutor$4.run(SingleThreadEventExecutor.java:998)
	at io.netty.util.internal.ThreadExecutorMap$2.run(ThreadExecutorMap.java:74)
	at java.base/java.lang.Thread.run(Thread.java:1583)
Caused by: javax.net.ssl.SSLHandshakeException: (certificate_unknown) PKIX path validation failed: java.security.cert.CertPathValidatorException: validity check failed
	at java.base/sun.security.ssl.Alert.createSSLException(Alert.java:130)
	at java.base/sun.security.ssl.TransportContext.fatal(TransportContext.java:383)
	at java.base/sun.security.ssl.TransportContext.fatal(TransportContext.java:326)
	at java.base/sun.security.ssl.TransportContext.fatal(TransportContext.java:321)
	at java.base/sun.security.ssl.CertificateMessage$T13CertificateConsumer.checkClientCerts(CertificateMessage.java:1232)
	at java.base/sun.security.ssl.CertificateMessage$T13CertificateConsumer.onConsumeCertificate(CertificateMessage.java:1136)
	at java.base/sun.security.ssl.CertificateMessage$T13CertificateConsumer.consume(CertificateMessage.java:1113)
	at java.base/sun.security.ssl.SSLHandshake.consume(SSLHandshake.java:393)
	at java.base/sun.security.ssl.HandshakeContext.dispatch(HandshakeContext.java:477)
	at java.base/sun.security.ssl.SSLEngineImpl$DelegatedTask$DelegatedAction.run(SSLEngineImpl.java:1274)
	at java.base/sun.security.ssl.SSLEngineImpl$DelegatedTask$DelegatedAction.run(SSLEngineImpl.java:1261)
	at java.base/java.security.AccessController.doPrivileged(AccessController.java:714)
	at java.base/sun.security.ssl.SSLEngineImpl$DelegatedTask.run(SSLEngineImpl.java:1206)
	at io.netty.handler.ssl.SslHandler.runDelegatedTasks(SslHandler.java:1695)
	at io.netty.handler.ssl.SslHandler.unwrap(SslHandler.java:1541)
	at io.netty.handler.ssl.SslHandler.decodeJdkCompatible(SslHandler.java:1377)
	at io.netty.handler.ssl.SslHandler.decode(SslHandler.java:1428)
	at io.netty.handler.codec.ByteToMessageDecoder.decodeRemovalReentryProtection(ByteToMessageDecoder.java:545)
	at io.netty.handler.codec.ByteToMessageDecoder.callDecode(ByteToMessageDecoder.java:484)
	... 16 more
Caused by: sun.security.validator.ValidatorException: PKIX path validation failed: java.security.cert.CertPathValidatorException: validity check failed
	at java.base/sun.security.validator.PKIXValidator.doValidate(PKIXValidator.java:318)
	at java.base/sun.security.validator.PKIXValidator.engineValidate(PKIXValidator.java:267)
	at java.base/sun.security.validator.Validator.validate(Validator.java:256)
	at java.base/sun.security.ssl.X509TrustManagerImpl.checkTrusted(X509TrustManagerImpl.java:284)
	at java.base/sun.security.ssl.X509TrustManagerImpl.checkClientTrusted(X509TrustManagerImpl.java:138)
	at io.netty.handler.ssl.EnhancingX509ExtendedTrustManager.checkClientTrusted(EnhancingX509ExtendedTrustManager.java:77)
	at java.base/sun.security.ssl.CertificateMessage$T13CertificateConsumer.checkClientCerts(CertificateMessage.java:1210)
	... 30 more
Caused by: java.security.cert.CertPathValidatorException: validity check failed
	at java.base/sun.security.provider.certpath.PKIXMasterCertPathValidator.validate(PKIXMasterCertPathValidator.java:135)
	at java.base/sun.security.provider.certpath.PKIXCertPathValidator.validate(PKIXCertPathValidator.java:224)
	at java.base/sun.security.provider.certpath.PKIXCertPathValidator.validate(PKIXCertPathValidator.java:144)
	at java.base/sun.security.provider.certpath.PKIXCertPathValidator.engineValidate(PKIXCertPathValidator.java:83)
	at java.base/java.security.cert.CertPathValidator.validate(CertPathValidator.java:309)
	at java.base/sun.security.validator.PKIXValidator.doValidate(PKIXValidator.java:313)
	... 36 more
Caused by: java.security.cert.CertificateExpiredException: NotAfter: Tue Jan 02 01:00:00 CET 2024
	at java.base/sun.security.x509.CertificateValidity.valid(CertificateValidity.java:182)
	at java.base/sun.security.x509.X509CertImpl.checkValidity(X509CertImpl.java:534)
	at java.base/sun.security.provider.certpath.BasicChecker.verifyValidity(BasicChecker.java:190)
	at java.base/sun.security.provider.certpath.BasicChecker.check(BasicChecker.java:144)
	at java.base/sun.security.provider.certpath.PKIXMasterCertPathValidator.validate(PKIXMasterCertPathValidator.java:125)
	... 41 more
[2026-08-08T16:30:20,268][INFO ][org.logstash.beats.BeatsHandler][beats-tls][cea61c76cb89e8de1c33fda45ab2b43ef03d0a587a2da8dd49b947033416f5e3] [local: 192.168.1.56:5044, remote: 192.168.1.55:41434] Handling exception: io.netty.handler.codec.DecoderException: javax.net.ssl.SSLHandshakeException: (certificate_unknown) PKIX path validation failed: java.security.cert.CertPathValidatorException: validity check failed (caused by: java.security.cert.CertificateExpiredException: NotAfter: Tue Jan 02 01:00:00 CET 2024)
[2026-08-08T16:30:20,270][WARN ][io.netty.channel.DefaultChannelPipeline][beats-tls][cea61c76cb89e8de1c33fda45ab2b43ef03d0a587a2da8dd49b947033416f5e3] An exceptionCaught() event was fired, and it reached at the tail of the pipeline. It usually means the last handler in the pipeline did not handle the exception.
io.netty.handler.codec.DecoderException: javax.net.ssl.SSLHandshakeException: (certificate_unknown) PKIX path validation failed: java.security.cert.CertPathValidatorException: validity check failed
	at io.netty.handler.codec.ByteToMessageDecoder.callDecode(ByteToMessageDecoder.java:515)
	at io.netty.handler.codec.ByteToMessageDecoder.channelRead(ByteToMessageDecoder.java:296)
	at io.netty.channel.AbstractChannelHandlerContext.invokeChannelRead(AbstractChannelHandlerContext.java:444)
	at io.netty.channel.AbstractChannelHandlerContext.invokeChannelRead(AbstractChannelHandlerContext.java:420)
	at io.netty.channel.AbstractChannelHandlerContext.fireChannelRead(AbstractChannelHandlerContext.java:412)
	at io.netty.channel.DefaultChannelPipeline$HeadContext.channelRead(DefaultChannelPipeline.java:1357)
	at io.netty.channel.AbstractChannelHandlerContext.invokeChannelRead(AbstractChannelHandlerContext.java:440)
	at io.netty.channel.AbstractChannelHandlerContext.invokeChannelRead(AbstractChannelHandlerContext.java:420)
	at io.netty.channel.DefaultChannelPipeline.fireChannelRead(DefaultChannelPipeline.java:868)
	at io.netty.channel.nio.AbstractNioByteChannel$NioByteUnsafe.read(AbstractNioByteChannel.java:171)
	at io.netty.channel.nio.NioEventLoop.processSelectedKey(NioEventLoop.java:796)
	at io.netty.channel.nio.NioEventLoop.processSelectedKeysOptimized(NioEventLoop.java:732)
	at io.netty.channel.nio.NioEventLoop.processSelectedKeys(NioEventLoop.java:658)
	at io.netty.channel.nio.NioEventLoop.run(NioEventLoop.java:562)
	at io.netty.util.concurrent.SingleThreadEventExecutor$4.run(SingleThreadEventExecutor.java:998)
	at io.netty.util.internal.ThreadExecutorMap$2.run(ThreadExecutorMap.java:74)
	at java.base/java.lang.Thread.run(Thread.java:1583)
Caused by: javax.net.ssl.SSLHandshakeException: (certificate_unknown) PKIX path validation failed: java.security.cert.CertPathValidatorException: validity check failed
	at java.base/sun.security.ssl.Alert.createSSLException(Alert.java:130)
	at java.base/sun.security.ssl.TransportContext.fatal(TransportContext.java:383)
	at java.base/sun.security.ssl.TransportContext.fatal(TransportContext.java:326)
	at java.base/sun.security.ssl.TransportContext.fatal(TransportContext.java:321)
	at java.base/sun.security.ssl.CertificateMessage$T13CertificateConsumer.checkClientCerts(CertificateMessage.java:1232)
	at java.base/sun.security.ssl.CertificateMessage$T13CertificateConsumer.onConsumeCertificate(CertificateMessage.java:1136)
	at java.base/sun.security.ssl.CertificateMessage$T13CertificateConsumer.consume(CertificateMessage.java:1113)
	at java.base/sun.security.ssl.SSLHandshake.consume(SSLHandshake.java:393)
	at java.base/sun.security.ssl.HandshakeContext.dispatch(HandshakeContext.java:477)
	at java.base/sun.security.ssl.SSLEngineImpl$DelegatedTask$DelegatedAction.run(SSLEngineImpl.java:1274)
	at java.base/sun.security.ssl.SSLEngineImpl$DelegatedTask$DelegatedAction.run(SSLEngineImpl.java:1261)
	at java.base/java.security.AccessController.doPrivileged(AccessController.java:714)
	at java.base/sun.security.ssl.SSLEngineImpl$DelegatedTask.run(SSLEngineImpl.java:1206)
	at io.netty.handler.ssl.SslHandler.runDelegatedTasks(SslHandler.java:1695)
	at io.netty.handler.ssl.SslHandler.unwrap(SslHandler.java:1541)
	at io.netty.handler.ssl.SslHandler.decodeJdkCompatible(SslHandler.java:1377)
	at io.netty.handler.ssl.SslHandler.decode(SslHandler.java:1428)
	at io.netty.handler.codec.ByteToMessageDecoder.decodeRemovalReentryProtection(ByteToMessageDecoder.java:545)
	at io.netty.handler.codec.ByteToMessageDecoder.callDecode(ByteToMessageDecoder.java:484)
	... 16 more
Caused by: sun.security.validator.ValidatorException: PKIX path validation failed: java.security.cert.CertPathValidatorException: validity check failed
	at java.base/sun.security.validator.PKIXValidator.doValidate(PKIXValidator.java:318)
	at java.base/sun.security.validator.PKIXValidator.engineValidate(PKIXValidator.java:267)
	at java.base/sun.security.validator.Validator.validate(Validator.java:256)
	at java.base/sun.security.ssl.X509TrustManagerImpl.checkTrusted(X509TrustManagerImpl.java:284)
	at java.base/sun.security.ssl.X509TrustManagerImpl.checkClientTrusted(X509TrustManagerImpl.java:138)
	at io.netty.handler.ssl.EnhancingX509ExtendedTrustManager.checkClientTrusted(EnhancingX509ExtendedTrustManager.java:77)
	at java.base/sun.security.ssl.CertificateMessage$T13CertificateConsumer.checkClientCerts(CertificateMessage.java:1210)
	... 30 more
Caused by: java.security.cert.CertPathValidatorException: validity check failed
	at java.base/sun.security.provider.certpath.PKIXMasterCertPathValidator.validate(PKIXMasterCertPathValidator.java:135)
	at java.base/sun.security.provider.certpath.PKIXCertPathValidator.validate(PKIXCertPathValidator.java:224)
	at java.base/sun.security.provider.certpath.PKIXCertPathValidator.validate(PKIXCertPathValidator.java:144)
	at java.base/sun.security.provider.certpath.PKIXCertPathValidator.engineValidate(PKIXCertPathValidator.java:83)
	at java.base/java.security.cert.CertPathValidator.validate(CertPathValidator.java:309)
	at java.base/sun.security.validator.PKIXValidator.doValidate(PKIXValidator.java:313)
	... 36 more
Caused by: java.security.cert.CertificateExpiredException: NotAfter: Tue Jan 02 01:00:00 CET 2024
	at java.base/sun.security.x509.CertificateValidity.valid(CertificateValidity.java:182)
	at java.base/sun.security.x509.X509CertImpl.checkValidity(X509CertImpl.java:534)
	at java.base/sun.security.provider.certpath.BasicChecker.verifyValidity(BasicChecker.java:190)
	at java.base/sun.security.provider.certpath.BasicChecker.check(BasicChecker.java:144)
	at java.base/sun.security.provider.certpath.PKIXMasterCertPathValidator.validate(PKIXMasterCertPathValidator.java:125)
	... 41 more
[2026-08-08T16:30:21,763][INFO ][org.logstash.beats.BeatsHandler][beats-tls][cea61c76cb89e8de1c33fda45ab2b43ef03d0a587a2da8dd49b947033416f5e3] [local: 192.168.1.56:5044, remote: 192.168.1.55:41440] Handling exception: io.netty.handler.codec.DecoderException: javax.net.ssl.SSLHandshakeException: (certificate_unknown) PKIX path validation failed: java.security.cert.CertPathValidatorException: validity check failed (caused by: java.security.cert.CertificateExpiredException: NotAfter: Tue Jan 02 01:00:00 CET 2024)
[2026-08-08T16:30:21,769][WARN ][io.netty.channel.DefaultChannelPipeline][beats-tls][cea61c76cb89e8de1c33fda45ab2b43ef03d0a587a2da8dd49b947033416f5e3] An exceptionCaught() event was fired, and it reached at the tail of the pipeline. It usually means the last handler in the pipeline did not handle the exception.
io.netty.handler.codec.DecoderException: javax.net.ssl.SSLHandshakeException: (certificate_unknown) PKIX path validation failed: java.security.cert.CertPathValidatorException: validity check failed
	at io.netty.handler.codec.ByteToMessageDecoder.callDecode(ByteToMessageDecoder.java:515)
	at io.netty.handler.codec.ByteToMessageDecoder.channelRead(ByteToMessageDecoder.java:296)
	at io.netty.channel.AbstractChannelHandlerContext.invokeChannelRead(AbstractChannelHandlerContext.java:444)
	at io.netty.channel.AbstractChannelHandlerContext.invokeChannelRead(AbstractChannelHandlerContext.java:420)
	at io.netty.channel.AbstractChannelHandlerContext.fireChannelRead(AbstractChannelHandlerContext.java:412)
	at io.netty.channel.DefaultChannelPipeline$HeadContext.channelRead(DefaultChannelPipeline.java:1357)
	at io.netty.channel.AbstractChannelHandlerContext.invokeChannelRead(AbstractChannelHandlerContext.java:440)
	at io.netty.channel.AbstractChannelHandlerContext.invokeChannelRead(AbstractChannelHandlerContext.java:420)
	at io.netty.channel.DefaultChannelPipeline.fireChannelRead(DefaultChannelPipeline.java:868)
	at io.netty.channel.nio.AbstractNioByteChannel$NioByteUnsafe.read(AbstractNioByteChannel.java:171)
	at io.netty.channel.nio.NioEventLoop.processSelectedKey(NioEventLoop.java:796)
	at io.netty.channel.nio.NioEventLoop.processSelectedKeysOptimized(NioEventLoop.java:732)
	at io.netty.channel.nio.NioEventLoop.processSelectedKeys(NioEventLoop.java:658)
	at io.netty.channel.nio.NioEventLoop.run(NioEventLoop.java:562)
	at io.netty.util.concurrent.SingleThreadEventExecutor$4.run(SingleThreadEventExecutor.java:998)
	at io.netty.util.internal.ThreadExecutorMap$2.run(ThreadExecutorMap.java:74)
	at java.base/java.lang.Thread.run(Thread.java:1583)
Caused by: javax.net.ssl.SSLHandshakeException: (certificate_unknown) PKIX path validation failed: java.security.cert.CertPathValidatorException: validity check failed
	at java.base/sun.security.ssl.Alert.createSSLException(Alert.java:130)
	at java.base/sun.security.ssl.TransportContext.fatal(TransportContext.java:383)
	at java.base/sun.security.ssl.TransportContext.fatal(TransportContext.java:326)
	at java.base/sun.security.ssl.TransportContext.fatal(TransportContext.java:321)
	at java.base/sun.security.ssl.CertificateMessage$T13CertificateConsumer.checkClientCerts(CertificateMessage.java:1232)
	at java.base/sun.security.ssl.CertificateMessage$T13CertificateConsumer.onConsumeCertificate(CertificateMessage.java:1136)
	at java.base/sun.security.ssl.CertificateMessage$T13CertificateConsumer.consume(CertificateMessage.java:1113)
	at java.base/sun.security.ssl.SSLHandshake.consume(SSLHandshake.java:393)
	at java.base/sun.security.ssl.HandshakeContext.dispatch(HandshakeContext.java:477)
	at java.base/sun.security.ssl.SSLEngineImpl$DelegatedTask$DelegatedAction.run(SSLEngineImpl.java:1274)
	at java.base/sun.security.ssl.SSLEngineImpl$DelegatedTask$DelegatedAction.run(SSLEngineImpl.java:1261)
	at java.base/java.security.AccessController.doPrivileged(AccessController.java:714)
	at java.base/sun.security.ssl.SSLEngineImpl$DelegatedTask.run(SSLEngineImpl.java:1206)
	at io.netty.handler.ssl.SslHandler.runDelegatedTasks(SslHandler.java:1695)
	at io.netty.handler.ssl.SslHandler.unwrap(SslHandler.java:1541)
	at io.netty.handler.ssl.SslHandler.decodeJdkCompatible(SslHandler.java:1377)
	at io.netty.handler.ssl.SslHandler.decode(SslHandler.java:1428)
	at io.netty.handler.codec.ByteToMessageDecoder.decodeRemovalReentryProtection(ByteToMessageDecoder.java:545)
	at io.netty.handler.codec.ByteToMessageDecoder.callDecode(ByteToMessageDecoder.java:484)
	... 16 more
Caused by: sun.security.validator.ValidatorException: PKIX path validation failed: java.security.cert.CertPathValidatorException: validity check failed
	at java.base/sun.security.validator.PKIXValidator.doValidate(PKIXValidator.java:318)
	at java.base/sun.security.validator.PKIXValidator.engineValidate(PKIXValidator.java:267)
	at java.base/sun.security.validator.Validator.validate(Validator.java:256)
	at java.base/sun.security.ssl.X509TrustManagerImpl.checkTrusted(X509TrustManagerImpl.java:284)
	at java.base/sun.security.ssl.X509TrustManagerImpl.checkClientTrusted(X509TrustManagerImpl.java:138)
	at io.netty.handler.ssl.EnhancingX509ExtendedTrustManager.checkClientTrusted(EnhancingX509ExtendedTrustManager.java:77)
	at java.base/sun.security.ssl.CertificateMessage$T13CertificateConsumer.checkClientCerts(CertificateMessage.java:1210)
	... 30 more
Caused by: java.security.cert.CertPathValidatorException: validity check failed
	at java.base/sun.security.provider.certpath.PKIXMasterCertPathValidator.validate(PKIXMasterCertPathValidator.java:135)
	at java.base/sun.security.provider.certpath.PKIXCertPathValidator.validate(PKIXCertPathValidator.java:224)
	at java.base/sun.security.provider.certpath.PKIXCertPathValidator.validate(PKIXCertPathValidator.java:144)
	at java.base/sun.security.provider.certpath.PKIXCertPathValidator.engineValidate(PKIXCertPathValidator.java:83)
	at java.base/java.security.cert.CertPathValidator.validate(CertPathValidator.java:309)
	at java.base/sun.security.validator.PKIXValidator.doValidate(PKIXValidator.java:313)
	... 36 more
Caused by: java.security.cert.CertificateExpiredException: NotAfter: Tue Jan 02 01:00:00 CET 2024
	at java.base/sun.security.x509.CertificateValidity.valid(CertificateValidity.java:182)
	at java.base/sun.security.x509.X509CertImpl.checkValidity(X509CertImpl.java:534)
	at java.base/sun.security.provider.certpath.BasicChecker.verifyValidity(BasicChecker.java:190)
	at java.base/sun.security.provider.certpath.BasicChecker.check(BasicChecker.java:144)
	at java.base/sun.security.provider.certpath.PKIXMasterCertPathValidator.validate(PKIXMasterCertPathValidator.java:125)
	... 41 more
[2026-08-08T16:30:23,390][INFO ][org.logstash.beats.BeatsHandler][beats-tls][cea61c76cb89e8de1c33fda45ab2b43ef03d0a587a2da8dd49b947033416f5e3] [local: 192.168.1.56:5044, remote: 192.168.1.55:41448] Handling exception: io.netty.handler.codec.DecoderException: javax.net.ssl.SSLHandshakeException: (certificate_unknown) PKIX path validation failed: java.security.cert.CertPathValidatorException: validity check failed (caused by: java.security.cert.CertificateExpiredException: NotAfter: Tue Jan 02 01:00:00 CET 2024)
[2026-08-08T16:30:23,390][WARN ][io.netty.channel.DefaultChannelPipeline][beats-tls][cea61c76cb89e8de1c33fda45ab2b43ef03d0a587a2da8dd49b947033416f5e3] An exceptionCaught() event was fired, and it reached at the tail of the pipeline. It usually means the last handler in the pipeline did not handle the exception.
io.netty.handler.codec.DecoderException: javax.net.ssl.SSLHandshakeException: (certificate_unknown) PKIX path validation failed: java.security.cert.CertPathValidatorException: validity check failed
	at io.netty.handler.codec.ByteToMessageDecoder.callDecode(ByteToMessageDecoder.java:515)
	at io.netty.handler.codec.ByteToMessageDecoder.channelRead(ByteToMessageDecoder.java:296)
	at io.netty.channel.AbstractChannelHandlerContext.invokeChannelRead(AbstractChannelHandlerContext.java:444)
	at io.netty.channel.AbstractChannelHandlerContext.invokeChannelRead(AbstractChannelHandlerContext.java:420)
	at io.netty.channel.AbstractChannelHandlerContext.fireChannelRead(AbstractChannelHandlerContext.java:412)
	at io.netty.channel.DefaultChannelPipeline$HeadContext.channelRead(DefaultChannelPipeline.java:1357)
	at io.netty.channel.AbstractChannelHandlerContext.invokeChannelRead(AbstractChannelHandlerContext.java:440)
	at io.netty.channel.AbstractChannelHandlerContext.invokeChannelRead(AbstractChannelHandlerContext.java:420)
	at io.netty.channel.DefaultChannelPipeline.fireChannelRead(DefaultChannelPipeline.java:868)
	at io.netty.channel.nio.AbstractNioByteChannel$NioByteUnsafe.read(AbstractNioByteChannel.java:171)
	at io.netty.channel.nio.NioEventLoop.processSelectedKey(NioEventLoop.java:796)
	at io.netty.channel.nio.NioEventLoop.processSelectedKeysOptimized(NioEventLoop.java:732)
	at io.netty.channel.nio.NioEventLoop.processSelectedKeys(NioEventLoop.java:658)
	at io.netty.channel.nio.NioEventLoop.run(NioEventLoop.java:562)
	at io.netty.util.concurrent.SingleThreadEventExecutor$4.run(SingleThreadEventExecutor.java:998)
	at io.netty.util.internal.ThreadExecutorMap$2.run(ThreadExecutorMap.java:74)
	at java.base/java.lang.Thread.run(Thread.java:1583)
Caused by: javax.net.ssl.SSLHandshakeException: (certificate_unknown) PKIX path validation failed: java.security.cert.CertPathValidatorException: validity check failed
	at java.base/sun.security.ssl.Alert.createSSLException(Alert.java:130)
	at java.base/sun.security.ssl.TransportContext.fatal(TransportContext.java:383)
	at java.base/sun.security.ssl.TransportContext.fatal(TransportContext.java:326)
	at java.base/sun.security.ssl.TransportContext.fatal(TransportContext.java:321)
	at java.base/sun.security.ssl.CertificateMessage$T13CertificateConsumer.checkClientCerts(CertificateMessage.java:1232)
	at java.base/sun.security.ssl.CertificateMessage$T13CertificateConsumer.onConsumeCertificate(CertificateMessage.java:1136)
	at java.base/sun.security.ssl.CertificateMessage$T13CertificateConsumer.consume(CertificateMessage.java:1113)
	at java.base/sun.security.ssl.SSLHandshake.consume(SSLHandshake.java:393)
	at java.base/sun.security.ssl.HandshakeContext.dispatch(HandshakeContext.java:477)
	at java.base/sun.security.ssl.SSLEngineImpl$DelegatedTask$DelegatedAction.run(SSLEngineImpl.java:1274)
	at java.base/sun.security.ssl.SSLEngineImpl$DelegatedTask$DelegatedAction.run(SSLEngineImpl.java:1261)
	at java.base/java.security.AccessController.doPrivileged(AccessController.java:714)
	at java.base/sun.security.ssl.SSLEngineImpl$DelegatedTask.run(SSLEngineImpl.java:1206)
	at io.netty.handler.ssl.SslHandler.runDelegatedTasks(SslHandler.java:1695)
	at io.netty.handler.ssl.SslHandler.unwrap(SslHandler.java:1541)
	at io.netty.handler.ssl.SslHandler.decodeJdkCompatible(SslHandler.java:1377)
	at io.netty.handler.ssl.SslHandler.decode(SslHandler.java:1428)
	at io.netty.handler.codec.ByteToMessageDecoder.decodeRemovalReentryProtection(ByteToMessageDecoder.java:545)
	at io.netty.handler.codec.ByteToMessageDecoder.callDecode(ByteToMessageDecoder.java:484)
	... 16 more
Caused by: sun.security.validator.ValidatorException: PKIX path validation failed: java.security.cert.CertPathValidatorException: validity check failed
	at java.base/sun.security.validator.PKIXValidator.doValidate(PKIXValidator.java:318)
	at java.base/sun.security.validator.PKIXValidator.engineValidate(PKIXValidator.java:267)
	at java.base/sun.security.validator.Validator.validate(Validator.java:256)
	at java.base/sun.security.ssl.X509TrustManagerImpl.checkTrusted(X509TrustManagerImpl.java:284)
	at java.base/sun.security.ssl.X509TrustManagerImpl.checkClientTrusted(X509TrustManagerImpl.java:138)
	at io.netty.handler.ssl.EnhancingX509ExtendedTrustManager.checkClientTrusted(EnhancingX509ExtendedTrustManager.java:77)
	at java.base/sun.security.ssl.CertificateMessage$T13CertificateConsumer.checkClientCerts(CertificateMessage.java:1210)
	... 30 more
Caused by: java.security.cert.CertPathValidatorException: validity check failed
	at java.base/sun.security.provider.certpath.PKIXMasterCertPathValidator.validate(PKIXMasterCertPathValidator.java:135)
	at java.base/sun.security.provider.certpath.PKIXCertPathValidator.validate(PKIXCertPathValidator.java:224)
	at java.base/sun.security.provider.certpath.PKIXCertPathValidator.validate(PKIXCertPathValidator.java:144)
	at java.base/sun.security.provider.certpath.PKIXCertPathValidator.engineValidate(PKIXCertPathValidator.java:83)
	at java.base/java.security.cert.CertPathValidator.validate(CertPathValidator.java:309)
	at java.base/sun.security.validator.PKIXValidator.doValidate(PKIXValidator.java:313)
	... 36 more
Caused by: java.security.cert.CertificateExpiredException: NotAfter: Tue Jan 02 01:00:00 CET 2024
	at java.base/sun.security.x509.CertificateValidity.valid(CertificateValidity.java:182)
	at java.base/sun.security.x509.X509CertImpl.checkValidity(X509CertImpl.java:534)
	at java.base/sun.security.provider.certpath.BasicChecker.verifyValidity(BasicChecker.java:190)
	at java.base/sun.security.provider.certpath.BasicChecker.check(BasicChecker.java:144)
	at java.base/sun.security.provider.certpath.PKIXMasterCertPathValidator.validate(PKIXMasterCertPathValidator.java:125)
	... 41 more
[2026-08-08T16:30:24,781][INFO ][org.logstash.beats.BeatsHandler][beats-tls][cea61c76cb89e8de1c33fda45ab2b43ef03d0a587a2da8dd49b947033416f5e3] [local: 192.168.1.56:5044, remote: 192.168.1.55:41464] Handling exception: io.netty.handler.codec.DecoderException: javax.net.ssl.SSLHandshakeException: (certificate_unknown) PKIX path validation failed: java.security.cert.CertPathValidatorException: validity check failed (caused by: java.security.cert.CertificateExpiredException: NotAfter: Tue Jan 02 01:00:00 CET 2024)
[2026-08-08T16:30:24,784][WARN ][io.netty.channel.DefaultChannelPipeline][beats-tls][cea61c76cb89e8de1c33fda45ab2b43ef03d0a587a2da8dd49b947033416f5e3] An exceptionCaught() event was fired, and it reached at the tail of the pipeline. It usually means the last handler in the pipeline did not handle the exception.
io.netty.handler.codec.DecoderException: javax.net.ssl.SSLHandshakeException: (certificate_unknown) PKIX path validation failed: java.security.cert.CertPathValidatorException: validity check failed
	at io.netty.handler.codec.ByteToMessageDecoder.callDecode(ByteToMessageDecoder.java:515)
	at io.netty.handler.codec.ByteToMessageDecoder.channelRead(ByteToMessageDecoder.java:296)
	at io.netty.channel.AbstractChannelHandlerContext.invokeChannelRead(AbstractChannelHandlerContext.java:444)
	at io.netty.channel.AbstractChannelHandlerContext.invokeChannelRead(AbstractChannelHandlerContext.java:420)
	at io.netty.channel.AbstractChannelHandlerContext.fireChannelRead(AbstractChannelHandlerContext.java:412)
	at io.netty.channel.DefaultChannelPipeline$HeadContext.channelRead(DefaultChannelPipeline.java:1357)
	at io.netty.channel.AbstractChannelHandlerContext.invokeChannelRead(AbstractChannelHandlerContext.java:440)
	at io.netty.channel.AbstractChannelHandlerContext.invokeChannelRead(AbstractChannelHandlerContext.java:420)
	at io.netty.channel.DefaultChannelPipeline.fireChannelRead(DefaultChannelPipeline.java:868)
	at io.netty.channel.nio.AbstractNioByteChannel$NioByteUnsafe.read(AbstractNioByteChannel.java:171)
	at io.netty.channel.nio.NioEventLoop.processSelectedKey(NioEventLoop.java:796)
	at io.netty.channel.nio.NioEventLoop.processSelectedKeysOptimized(NioEventLoop.java:732)
	at io.netty.channel.nio.NioEventLoop.processSelectedKeys(NioEventLoop.java:658)
	at io.netty.channel.nio.NioEventLoop.run(NioEventLoop.java:562)
	at io.netty.util.concurrent.SingleThreadEventExecutor$4.run(SingleThreadEventExecutor.java:998)
	at io.netty.util.internal.ThreadExecutorMap$2.run(ThreadExecutorMap.java:74)
	at java.base/java.lang.Thread.run(Thread.java:1583)
Caused by: javax.net.ssl.SSLHandshakeException: (certificate_unknown) PKIX path validation failed: java.security.cert.CertPathValidatorException: validity check failed
	at java.base/sun.security.ssl.Alert.createSSLException(Alert.java:130)
	at java.base/sun.security.ssl.TransportContext.fatal(TransportContext.java:383)
	at java.base/sun.security.ssl.TransportContext.fatal(TransportContext.java:326)
	at java.base/sun.security.ssl.TransportContext.fatal(TransportContext.java:321)
	at java.base/sun.security.ssl.CertificateMessage$T13CertificateConsumer.checkClientCerts(CertificateMessage.java:1232)
	at java.base/sun.security.ssl.CertificateMessage$T13CertificateConsumer.onConsumeCertificate(CertificateMessage.java:1136)
	at java.base/sun.security.ssl.CertificateMessage$T13CertificateConsumer.consume(CertificateMessage.java:1113)
	at java.base/sun.security.ssl.SSLHandshake.consume(SSLHandshake.java:393)
	at java.base/sun.security.ssl.HandshakeContext.dispatch(HandshakeContext.java:477)
	at java.base/sun.security.ssl.SSLEngineImpl$DelegatedTask$DelegatedAction.run(SSLEngineImpl.java:1274)
	at java.base/sun.security.ssl.SSLEngineImpl$DelegatedTask$DelegatedAction.run(SSLEngineImpl.java:1261)
	at java.base/java.security.AccessController.doPrivileged(AccessController.java:714)
	at java.base/sun.security.ssl.SSLEngineImpl$DelegatedTask.run(SSLEngineImpl.java:1206)
	at io.netty.handler.ssl.SslHandler.runDelegatedTasks(SslHandler.java:1695)
	at io.netty.handler.ssl.SslHandler.unwrap(SslHandler.java:1541)
	at io.netty.handler.ssl.SslHandler.decodeJdkCompatible(SslHandler.java:1377)
	at io.netty.handler.ssl.SslHandler.decode(SslHandler.java:1428)
	at io.netty.handler.codec.ByteToMessageDecoder.decodeRemovalReentryProtection(ByteToMessageDecoder.java:545)
	at io.netty.handler.codec.ByteToMessageDecoder.callDecode(ByteToMessageDecoder.java:484)
	... 16 more
Caused by: sun.security.validator.ValidatorException: PKIX path validation failed: java.security.cert.CertPathValidatorException: validity check failed
	at java.base/sun.security.validator.PKIXValidator.doValidate(PKIXValidator.java:318)
	at java.base/sun.security.validator.PKIXValidator.engineValidate(PKIXValidator.java:267)
	at java.base/sun.security.validator.Validator.validate(Validator.java:256)
	at java.base/sun.security.ssl.X509TrustManagerImpl.checkTrusted(X509TrustManagerImpl.java:284)
	at java.base/sun.security.ssl.X509TrustManagerImpl.checkClientTrusted(X509TrustManagerImpl.java:138)
	at io.netty.handler.ssl.EnhancingX509ExtendedTrustManager.checkClientTrusted(EnhancingX509ExtendedTrustManager.java:77)
	at java.base/sun.security.ssl.CertificateMessage$T13CertificateConsumer.checkClientCerts(CertificateMessage.java:1210)
	... 30 more
Caused by: java.security.cert.CertPathValidatorException: validity check failed
	at java.base/sun.security.provider.certpath.PKIXMasterCertPathValidator.validate(PKIXMasterCertPathValidator.java:135)
	at java.base/sun.security.provider.certpath.PKIXCertPathValidator.validate(PKIXCertPathValidator.java:224)
	at java.base/sun.security.provider.certpath.PKIXCertPathValidator.validate(PKIXCertPathValidator.java:144)
	at java.base/sun.security.provider.certpath.PKIXCertPathValidator.engineValidate(PKIXCertPathValidator.java:83)
	at java.base/java.security.cert.CertPathValidator.validate(CertPathValidator.java:309)
	at java.base/sun.security.validator.PKIXValidator.doValidate(PKIXValidator.java:313)
	... 36 more
Caused by: java.security.cert.CertificateExpiredException: NotAfter: Tue Jan 02 01:00:00 CET 2024
	at java.base/sun.security.x509.CertificateValidity.valid(CertificateValidity.java:182)
	at java.base/sun.security.x509.X509CertImpl.checkValidity(X509CertImpl.java:534)
	at java.base/sun.security.provider.certpath.BasicChecker.verifyValidity(BasicChecker.java:190)
	at java.base/sun.security.provider.certpath.BasicChecker.check(BasicChecker.java:144)
	at java.base/sun.security.provider.certpath.PKIXMasterCertPathValidator.validate(PKIXMasterCertPathValidator.java:125)
	... 41 more
[2026-08-08T16:30:28,011][INFO ][org.logstash.beats.BeatsHandler][beats-tls][cea61c76cb89e8de1c33fda45ab2b43ef03d0a587a2da8dd49b947033416f5e3] [local: 192.168.1.56:5044, remote: 192.168.1.55:41466] Handling exception: io.netty.handler.codec.DecoderException: javax.net.ssl.SSLHandshakeException: (certificate_unknown) PKIX path validation failed: java.security.cert.CertPathValidatorException: validity check failed (caused by: java.security.cert.CertificateExpiredException: NotAfter: Tue Jan 02 01:00:00 CET 2024)
[2026-08-08T16:30:28,012][WARN ][io.netty.channel.DefaultChannelPipeline][beats-tls][cea61c76cb89e8de1c33fda45ab2b43ef03d0a587a2da8dd49b947033416f5e3] An exceptionCaught() event was fired, and it reached at the tail of the pipeline. It usually means the last handler in the pipeline did not handle the exception.
io.netty.handler.codec.DecoderException: javax.net.ssl.SSLHandshakeException: (certificate_unknown) PKIX path validation failed: java.security.cert.CertPathValidatorException: validity check failed
	at io.netty.handler.codec.ByteToMessageDecoder.callDecode(ByteToMessageDecoder.java:515)
	at io.netty.handler.codec.ByteToMessageDecoder.channelRead(ByteToMessageDecoder.java:296)
	at io.netty.channel.AbstractChannelHandlerContext.invokeChannelRead(AbstractChannelHandlerContext.java:444)
	at io.netty.channel.AbstractChannelHandlerContext.invokeChannelRead(AbstractChannelHandlerContext.java:420)
	at io.netty.channel.AbstractChannelHandlerContext.fireChannelRead(AbstractChannelHandlerContext.java:412)
	at io.netty.channel.DefaultChannelPipeline$HeadContext.channelRead(DefaultChannelPipeline.java:1357)
	at io.netty.channel.AbstractChannelHandlerContext.invokeChannelRead(AbstractChannelHandlerContext.java:440)
	at io.netty.channel.AbstractChannelHandlerContext.invokeChannelRead(AbstractChannelHandlerContext.java:420)
	at io.netty.channel.DefaultChannelPipeline.fireChannelRead(DefaultChannelPipeline.java:868)
	at io.netty.channel.nio.AbstractNioByteChannel$NioByteUnsafe.read(AbstractNioByteChannel.java:171)
	at io.netty.channel.nio.NioEventLoop.processSelectedKey(NioEventLoop.java:796)
	at io.netty.channel.nio.NioEventLoop.processSelectedKeysOptimized(NioEventLoop.java:732)
	at io.netty.channel.nio.NioEventLoop.processSelectedKeys(NioEventLoop.java:658)
	at io.netty.channel.nio.NioEventLoop.run(NioEventLoop.java:562)
	at io.netty.util.concurrent.SingleThreadEventExecutor$4.run(SingleThreadEventExecutor.java:998)
	at io.netty.util.internal.ThreadExecutorMap$2.run(ThreadExecutorMap.java:74)
	at java.base/java.lang.Thread.run(Thread.java:1583)
Caused by: javax.net.ssl.SSLHandshakeException: (certificate_unknown) PKIX path validation failed: java.security.cert.CertPathValidatorException: validity check failed
	at java.base/sun.security.ssl.Alert.createSSLException(Alert.java:130)
	at java.base/sun.security.ssl.TransportContext.fatal(TransportContext.java:383)
	at java.base/sun.security.ssl.TransportContext.fatal(TransportContext.java:326)
	at java.base/sun.security.ssl.TransportContext.fatal(TransportContext.java:321)
	at java.base/sun.security.ssl.CertificateMessage$T13CertificateConsumer.checkClientCerts(CertificateMessage.java:1232)
	at java.base/sun.security.ssl.CertificateMessage$T13CertificateConsumer.onConsumeCertificate(CertificateMessage.java:1136)
	at java.base/sun.security.ssl.CertificateMessage$T13CertificateConsumer.consume(CertificateMessage.java:1113)
	at java.base/sun.security.ssl.SSLHandshake.consume(SSLHandshake.java:393)
	at java.base/sun.security.ssl.HandshakeContext.dispatch(HandshakeContext.java:477)
	at java.base/sun.security.ssl.SSLEngineImpl$DelegatedTask$DelegatedAction.run(SSLEngineImpl.java:1274)
	at java.base/sun.security.ssl.SSLEngineImpl$DelegatedTask$DelegatedAction.run(SSLEngineImpl.java:1261)
	at java.base/java.security.AccessController.doPrivileged(AccessController.java:714)
	at java.base/sun.security.ssl.SSLEngineImpl$DelegatedTask.run(SSLEngineImpl.java:1206)
	at io.netty.handler.ssl.SslHandler.runDelegatedTasks(SslHandler.java:1695)
	at io.netty.handler.ssl.SslHandler.unwrap(SslHandler.java:1541)
	at io.netty.handler.ssl.SslHandler.decodeJdkCompatible(SslHandler.java:1377)
	at io.netty.handler.ssl.SslHandler.decode(SslHandler.java:1428)
	at io.netty.handler.codec.ByteToMessageDecoder.decodeRemovalReentryProtection(ByteToMessageDecoder.java:545)
	at io.netty.handler.codec.ByteToMessageDecoder.callDecode(ByteToMessageDecoder.java:484)
	... 16 more
Caused by: sun.security.validator.ValidatorException: PKIX path validation failed: java.security.cert.CertPathValidatorException: validity check failed
	at java.base/sun.security.validator.PKIXValidator.doValidate(PKIXValidator.java:318)
	at java.base/sun.security.validator.PKIXValidator.engineValidate(PKIXValidator.java:267)
	at java.base/sun.security.validator.Validator.validate(Validator.java:256)
	at java.base/sun.security.ssl.X509TrustManagerImpl.checkTrusted(X509TrustManagerImpl.java:284)
	at java.base/sun.security.ssl.X509TrustManagerImpl.checkClientTrusted(X509TrustManagerImpl.java:138)
	at io.netty.handler.ssl.EnhancingX509ExtendedTrustManager.checkClientTrusted(EnhancingX509ExtendedTrustManager.java:77)
	at java.base/sun.security.ssl.CertificateMessage$T13CertificateConsumer.checkClientCerts(CertificateMessage.java:1210)
	... 30 more
Caused by: java.security.cert.CertPathValidatorException: validity check failed
	at java.base/sun.security.provider.certpath.PKIXMasterCertPathValidator.validate(PKIXMasterCertPathValidator.java:135)
	at java.base/sun.security.provider.certpath.PKIXCertPathValidator.validate(PKIXCertPathValidator.java:224)
	at java.base/sun.security.provider.certpath.PKIXCertPathValidator.validate(PKIXCertPathValidator.java:144)
	at java.base/sun.security.provider.certpath.PKIXCertPathValidator.engineValidate(PKIXCertPathValidator.java:83)
	at java.base/java.security.cert.CertPathValidator.validate(CertPathValidator.java:309)
	at java.base/sun.security.validator.PKIXValidator.doValidate(PKIXValidator.java:313)
	... 36 more
Caused by: java.security.cert.CertificateExpiredException: NotAfter: Tue Jan 02 01:00:00 CET 2024
	at java.base/sun.security.x509.CertificateValidity.valid(CertificateValidity.java:182)
	at java.base/sun.security.x509.X509CertImpl.checkValidity(X509CertImpl.java:534)
	at java.base/sun.security.provider.certpath.BasicChecker.verifyValidity(BasicChecker.java:190)
	at java.base/sun.security.provider.certpath.BasicChecker.check(BasicChecker.java:144)
	at java.base/sun.security.provider.certpath.PKIXMasterCertPathValidator.validate(PKIXMasterCertPathValidator.java:125)
	... 41 more
[2026-08-08T16:30:29,882][INFO ][org.logstash.beats.BeatsHandler][beats-tls][cea61c76cb89e8de1c33fda45ab2b43ef03d0a587a2da8dd49b947033416f5e3] [local: 192.168.1.56:5044, remote: 192.168.1.55:39352] Handling exception: io.netty.handler.codec.DecoderException: javax.net.ssl.SSLHandshakeException: (certificate_unknown) PKIX path validation failed: java.security.cert.CertPathValidatorException: validity check failed (caused by: java.security.cert.CertificateExpiredException: NotAfter: Tue Jan 02 01:00:00 CET 2024)
[2026-08-08T16:30:29,883][WARN ][io.netty.channel.DefaultChannelPipeline][beats-tls][cea61c76cb89e8de1c33fda45ab2b43ef03d0a587a2da8dd49b947033416f5e3] An exceptionCaught() event was fired, and it reached at the tail of the pipeline. It usually means the last handler in the pipeline did not handle the exception.
io.netty.handler.codec.DecoderException: javax.net.ssl.SSLHandshakeException: (certificate_unknown) PKIX path validation failed: java.security.cert.CertPathValidatorException: validity check failed
	at io.netty.handler.codec.ByteToMessageDecoder.callDecode(ByteToMessageDecoder.java:515)
	at io.netty.handler.codec.ByteToMessageDecoder.channelRead(ByteToMessageDecoder.java:296)
	at io.netty.channel.AbstractChannelHandlerContext.invokeChannelRead(AbstractChannelHandlerContext.java:444)
	at io.netty.channel.AbstractChannelHandlerContext.invokeChannelRead(AbstractChannelHandlerContext.java:420)
	at io.netty.channel.AbstractChannelHandlerContext.fireChannelRead(AbstractChannelHandlerContext.java:412)
	at io.netty.channel.DefaultChannelPipeline$HeadContext.channelRead(DefaultChannelPipeline.java:1357)
	at io.netty.channel.AbstractChannelHandlerContext.invokeChannelRead(AbstractChannelHandlerContext.java:440)
	at io.netty.channel.AbstractChannelHandlerContext.invokeChannelRead(AbstractChannelHandlerContext.java:420)
	at io.netty.channel.DefaultChannelPipeline.fireChannelRead(DefaultChannelPipeline.java:868)
	at io.netty.channel.nio.AbstractNioByteChannel$NioByteUnsafe.read(AbstractNioByteChannel.java:171)
	at io.netty.channel.nio.NioEventLoop.processSelectedKey(NioEventLoop.java:796)
	at io.netty.channel.nio.NioEventLoop.processSelectedKeysOptimized(NioEventLoop.java:732)
	at io.netty.channel.nio.NioEventLoop.processSelectedKeys(NioEventLoop.java:658)
	at io.netty.channel.nio.NioEventLoop.run(NioEventLoop.java:562)
	at io.netty.util.concurrent.SingleThreadEventExecutor$4.run(SingleThreadEventExecutor.java:998)
	at io.netty.util.internal.ThreadExecutorMap$2.run(ThreadExecutorMap.java:74)
	at java.base/java.lang.Thread.run(Thread.java:1583)
Caused by: javax.net.ssl.SSLHandshakeException: (certificate_unknown) PKIX path validation failed: java.security.cert.CertPathValidatorException: validity check failed
	at java.base/sun.security.ssl.Alert.createSSLException(Alert.java:130)
	at java.base/sun.security.ssl.TransportContext.fatal(TransportContext.java:383)
	at java.base/sun.security.ssl.TransportContext.fatal(TransportContext.java:326)
	at java.base/sun.security.ssl.TransportContext.fatal(TransportContext.java:321)
	at java.base/sun.security.ssl.CertificateMessage$T13CertificateConsumer.checkClientCerts(CertificateMessage.java:1232)
	at java.base/sun.security.ssl.CertificateMessage$T13CertificateConsumer.onConsumeCertificate(CertificateMessage.java:1136)
	at java.base/sun.security.ssl.CertificateMessage$T13CertificateConsumer.consume(CertificateMessage.java:1113)
	at java.base/sun.security.ssl.SSLHandshake.consume(SSLHandshake.java:393)
	at java.base/sun.security.ssl.HandshakeContext.dispatch(HandshakeContext.java:477)
	at java.base/sun.security.ssl.SSLEngineImpl$DelegatedTask$DelegatedAction.run(SSLEngineImpl.java:1274)
	at java.base/sun.security.ssl.SSLEngineImpl$DelegatedTask$DelegatedAction.run(SSLEngineImpl.java:1261)
	at java.base/java.security.AccessController.doPrivileged(AccessController.java:714)
	at java.base/sun.security.ssl.SSLEngineImpl$DelegatedTask.run(SSLEngineImpl.java:1206)
	at io.netty.handler.ssl.SslHandler.runDelegatedTasks(SslHandler.java:1695)
	at io.netty.handler.ssl.SslHandler.unwrap(SslHandler.java:1541)
	at io.netty.handler.ssl.SslHandler.decodeJdkCompatible(SslHandler.java:1377)
	at io.netty.handler.ssl.SslHandler.decode(SslHandler.java:1428)
	at io.netty.handler.codec.ByteToMessageDecoder.decodeRemovalReentryProtection(ByteToMessageDecoder.java:545)
	at io.netty.handler.codec.ByteToMessageDecoder.callDecode(ByteToMessageDecoder.java:484)
	... 16 more
Caused by: sun.security.validator.ValidatorException: PKIX path validation failed: java.security.cert.CertPathValidatorException: validity check failed
	at java.base/sun.security.validator.PKIXValidator.doValidate(PKIXValidator.java:318)
	at java.base/sun.security.validator.PKIXValidator.engineValidate(PKIXValidator.java:267)
	at java.base/sun.security.validator.Validator.validate(Validator.java:256)
	at java.base/sun.security.ssl.X509TrustManagerImpl.checkTrusted(X509TrustManagerImpl.java:284)
	at java.base/sun.security.ssl.X509TrustManagerImpl.checkClientTrusted(X509TrustManagerImpl.java:138)
	at io.netty.handler.ssl.EnhancingX509ExtendedTrustManager.checkClientTrusted(EnhancingX509ExtendedTrustManager.java:77)
	at java.base/sun.security.ssl.CertificateMessage$T13CertificateConsumer.checkClientCerts(CertificateMessage.java:1210)
	... 30 more
Caused by: java.security.cert.CertPathValidatorException: validity check failed
	at java.base/sun.security.provider.certpath.PKIXMasterCertPathValidator.validate(PKIXMasterCertPathValidator.java:135)
	at java.base/sun.security.provider.certpath.PKIXCertPathValidator.validate(PKIXCertPathValidator.java:224)
	at java.base/sun.security.provider.certpath.PKIXCertPathValidator.validate(PKIXCertPathValidator.java:144)
	at java.base/sun.security.provider.certpath.PKIXCertPathValidator.engineValidate(PKIXCertPathValidator.java:83)
	at java.base/java.security.cert.CertPathValidator.validate(CertPathValidator.java:309)
	at java.base/sun.security.validator.PKIXValidator.doValidate(PKIXValidator.java:313)
	... 36 more
Caused by: java.security.cert.CertificateExpiredException: NotAfter: Tue Jan 02 01:00:00 CET 2024
	at java.base/sun.security.x509.CertificateValidity.valid(CertificateValidity.java:182)
	at java.base/sun.security.x509.X509CertImpl.checkValidity(X509CertImpl.java:534)
	at java.base/sun.security.provider.certpath.BasicChecker.verifyValidity(BasicChecker.java:190)
	at java.base/sun.security.provider.certpath.BasicChecker.check(BasicChecker.java:144)
	at java.base/sun.security.provider.certpath.PKIXMasterCertPathValidator.validate(PKIXMasterCertPathValidator.java:125)
	... 41 more
[2026-08-08T16:30:31,903][INFO ][org.logstash.beats.BeatsHandler][beats-tls][cea61c76cb89e8de1c33fda45ab2b43ef03d0a587a2da8dd49b947033416f5e3] [local: 192.168.1.56:5044, remote: 192.168.1.55:39362] Handling exception: io.netty.handler.codec.DecoderException: javax.net.ssl.SSLHandshakeException: (certificate_unknown) PKIX path validation failed: java.security.cert.CertPathValidatorException: validity check failed (caused by: java.security.cert.CertificateExpiredException: NotAfter: Tue Jan 02 01:00:00 CET 2024)
[2026-08-08T16:30:31,904][WARN ][io.netty.channel.DefaultChannelPipeline][beats-tls][cea61c76cb89e8de1c33fda45ab2b43ef03d0a587a2da8dd49b947033416f5e3] An exceptionCaught() event was fired, and it reached at the tail of the pipeline. It usually means the last handler in the pipeline did not handle the exception.
io.netty.handler.codec.DecoderException: javax.net.ssl.SSLHandshakeException: (certificate_unknown) PKIX path validation failed: java.security.cert.CertPathValidatorException: validity check failed
	at io.netty.handler.codec.ByteToMessageDecoder.callDecode(ByteToMessageDecoder.java:515)
	at io.netty.handler.codec.ByteToMessageDecoder.channelRead(ByteToMessageDecoder.java:296)
	at io.netty.channel.AbstractChannelHandlerContext.invokeChannelRead(AbstractChannelHandlerContext.java:444)
	at io.netty.channel.AbstractChannelHandlerContext.invokeChannelRead(AbstractChannelHandlerContext.java:420)
	at io.netty.channel.AbstractChannelHandlerContext.fireChannelRead(AbstractChannelHandlerContext.java:412)
	at io.netty.channel.DefaultChannelPipeline$HeadContext.channelRead(DefaultChannelPipeline.java:1357)
	at io.netty.channel.AbstractChannelHandlerContext.invokeChannelRead(AbstractChannelHandlerContext.java:440)
	at io.netty.channel.AbstractChannelHandlerContext.invokeChannelRead(AbstractChannelHandlerContext.java:420)
	at io.netty.channel.DefaultChannelPipeline.fireChannelRead(DefaultChannelPipeline.java:868)
	at io.netty.channel.nio.AbstractNioByteChannel$NioByteUnsafe.read(AbstractNioByteChannel.java:171)
	at io.netty.channel.nio.NioEventLoop.processSelectedKey(NioEventLoop.java:796)
	at io.netty.channel.nio.NioEventLoop.processSelectedKeysOptimized(NioEventLoop.java:732)
	at io.netty.channel.nio.NioEventLoop.processSelectedKeys(NioEventLoop.java:658)
	at io.netty.channel.nio.NioEventLoop.run(NioEventLoop.java:562)
	at io.netty.util.concurrent.SingleThreadEventExecutor$4.run(SingleThreadEventExecutor.java:998)
	at io.netty.util.internal.ThreadExecutorMap$2.run(ThreadExecutorMap.java:74)
	at java.base/java.lang.Thread.run(Thread.java:1583)
Caused by: javax.net.ssl.SSLHandshakeException: (certificate_unknown) PKIX path validation failed: java.security.cert.CertPathValidatorException: validity check failed
	at java.base/sun.security.ssl.Alert.createSSLException(Alert.java:130)
	at java.base/sun.security.ssl.TransportContext.fatal(TransportContext.java:383)
	at java.base/sun.security.ssl.TransportContext.fatal(TransportContext.java:326)
	at java.base/sun.security.ssl.TransportContext.fatal(TransportContext.java:321)
	at java.base/sun.security.ssl.CertificateMessage$T13CertificateConsumer.checkClientCerts(CertificateMessage.java:1232)
	at java.base/sun.security.ssl.CertificateMessage$T13CertificateConsumer.onConsumeCertificate(CertificateMessage.java:1136)
	at java.base/sun.security.ssl.CertificateMessage$T13CertificateConsumer.consume(CertificateMessage.java:1113)
	at java.base/sun.security.ssl.SSLHandshake.consume(SSLHandshake.java:393)
	at java.base/sun.security.ssl.HandshakeContext.dispatch(HandshakeContext.java:477)
	at java.base/sun.security.ssl.SSLEngineImpl$DelegatedTask$DelegatedAction.run(SSLEngineImpl.java:1274)
	at java.base/sun.security.ssl.SSLEngineImpl$DelegatedTask$DelegatedAction.run(SSLEngineImpl.java:1261)
	at java.base/java.security.AccessController.doPrivileged(AccessController.java:714)
	at java.base/sun.security.ssl.SSLEngineImpl$DelegatedTask.run(SSLEngineImpl.java:1206)
	at io.netty.handler.ssl.SslHandler.runDelegatedTasks(SslHandler.java:1695)
	at io.netty.handler.ssl.SslHandler.unwrap(SslHandler.java:1541)
	at io.netty.handler.ssl.SslHandler.decodeJdkCompatible(SslHandler.java:1377)
	at io.netty.handler.ssl.SslHandler.decode(SslHandler.java:1428)
	at io.netty.handler.codec.ByteToMessageDecoder.decodeRemovalReentryProtection(ByteToMessageDecoder.java:545)
	at io.netty.handler.codec.ByteToMessageDecoder.callDecode(ByteToMessageDecoder.java:484)
	... 16 more
Caused by: sun.security.validator.ValidatorException: PKIX path validation failed: java.security.cert.CertPathValidatorException: validity check failed
	at java.base/sun.security.validator.PKIXValidator.doValidate(PKIXValidator.java:318)
	at java.base/sun.security.validator.PKIXValidator.engineValidate(PKIXValidator.java:267)
	at java.base/sun.security.validator.Validator.validate(Validator.java:256)
	at java.base/sun.security.ssl.X509TrustManagerImpl.checkTrusted(X509TrustManagerImpl.java:284)
	at java.base/sun.security.ssl.X509TrustManagerImpl.checkClientTrusted(X509TrustManagerImpl.java:138)
	at io.netty.handler.ssl.EnhancingX509ExtendedTrustManager.checkClientTrusted(EnhancingX509ExtendedTrustManager.java:77)
	at java.base/sun.security.ssl.CertificateMessage$T13CertificateConsumer.checkClientCerts(CertificateMessage.java:1210)
	... 30 more
Caused by: java.security.cert.CertPathValidatorException: validity check failed
	at java.base/sun.security.provider.certpath.PKIXMasterCertPathValidator.validate(PKIXMasterCertPathValidator.java:135)
	at java.base/sun.security.provider.certpath.PKIXCertPathValidator.validate(PKIXCertPathValidator.java:224)
	at java.base/sun.security.provider.certpath.PKIXCertPathValidator.validate(PKIXCertPathValidator.java:144)
	at java.base/sun.security.provider.certpath.PKIXCertPathValidator.engineValidate(PKIXCertPathValidator.java:83)
	at java.base/java.security.cert.CertPathValidator.validate(CertPathValidator.java:309)
	at java.base/sun.security.validator.PKIXValidator.doValidate(PKIXValidator.java:313)
	... 36 more
Caused by: java.security.cert.CertificateExpiredException: NotAfter: Tue Jan 02 01:00:00 CET 2024
	at java.base/sun.security.x509.CertificateValidity.valid(CertificateValidity.java:182)
	at java.base/sun.security.x509.X509CertImpl.checkValidity(X509CertImpl.java:534)
	at java.base/sun.security.provider.certpath.BasicChecker.verifyValidity(BasicChecker.java:190)
	at java.base/sun.security.provider.certpath.BasicChecker.check(BasicChecker.java:144)
	at java.base/sun.security.provider.certpath.PKIXMasterCertPathValidator.validate(PKIXMasterCertPathValidator.java:125)
	... 41 more
[2026-08-08T16:30:33,655][INFO ][org.logstash.beats.BeatsHandler][beats-tls][cea61c76cb89e8de1c33fda45ab2b43ef03d0a587a2da8dd49b947033416f5e3] [local: 192.168.1.56:5044, remote: 192.168.1.55:39372] Handling exception: io.netty.handler.codec.DecoderException: javax.net.ssl.SSLHandshakeException: (certificate_unknown) PKIX path validation failed: java.security.cert.CertPathValidatorException: validity check failed (caused by: java.security.cert.CertificateExpiredException: NotAfter: Tue Jan 02 01:00:00 CET 2024)
[2026-08-08T16:30:33,655][WARN ][io.netty.channel.DefaultChannelPipeline][beats-tls][cea61c76cb89e8de1c33fda45ab2b43ef03d0a587a2da8dd49b947033416f5e3] An exceptionCaught() event was fired, and it reached at the tail of the pipeline. It usually means the last handler in the pipeline did not handle the exception.
io.netty.handler.codec.DecoderException: javax.net.ssl.SSLHandshakeException: (certificate_unknown) PKIX path validation failed: java.security.cert.CertPathValidatorException: validity check failed
	at io.netty.handler.codec.ByteToMessageDecoder.callDecode(ByteToMessageDecoder.java:515)
	at io.netty.handler.codec.ByteToMessageDecoder.channelRead(ByteToMessageDecoder.java:296)
	at io.netty.channel.AbstractChannelHandlerContext.invokeChannelRead(AbstractChannelHandlerContext.java:444)
	at io.netty.channel.AbstractChannelHandlerContext.invokeChannelRead(AbstractChannelHandlerContext.java:420)
	at io.netty.channel.AbstractChannelHandlerContext.fireChannelRead(AbstractChannelHandlerContext.java:412)
	at io.netty.channel.DefaultChannelPipeline$HeadContext.channelRead(DefaultChannelPipeline.java:1357)
	at io.netty.channel.AbstractChannelHandlerContext.invokeChannelRead(AbstractChannelHandlerContext.java:440)
	at io.netty.channel.AbstractChannelHandlerContext.invokeChannelRead(AbstractChannelHandlerContext.java:420)
	at io.netty.channel.DefaultChannelPipeline.fireChannelRead(DefaultChannelPipeline.java:868)
	at io.netty.channel.nio.AbstractNioByteChannel$NioByteUnsafe.read(AbstractNioByteChannel.java:171)
	at io.netty.channel.nio.NioEventLoop.processSelectedKey(NioEventLoop.java:796)
	at io.netty.channel.nio.NioEventLoop.processSelectedKeysOptimized(NioEventLoop.java:732)
	at io.netty.channel.nio.NioEventLoop.processSelectedKeys(NioEventLoop.java:658)
	at io.netty.channel.nio.NioEventLoop.run(NioEventLoop.java:562)
	at io.netty.util.concurrent.SingleThreadEventExecutor$4.run(SingleThreadEventExecutor.java:998)
	at io.netty.util.internal.ThreadExecutorMap$2.run(ThreadExecutorMap.java:74)
	at java.base/java.lang.Thread.run(Thread.java:1583)
Caused by: javax.net.ssl.SSLHandshakeException: (certificate_unknown) PKIX path validation failed: java.security.cert.CertPathValidatorException: validity check failed
	at java.base/sun.security.ssl.Alert.createSSLException(Alert.java:130)
	at java.base/sun.security.ssl.TransportContext.fatal(TransportContext.java:383)
	at java.base/sun.security.ssl.TransportContext.fatal(TransportContext.java:326)
	at java.base/sun.security.ssl.TransportContext.fatal(TransportContext.java:321)
	at java.base/sun.security.ssl.CertificateMessage$T13CertificateConsumer.checkClientCerts(CertificateMessage.java:1232)
	at java.base/sun.security.ssl.CertificateMessage$T13CertificateConsumer.onConsumeCertificate(CertificateMessage.java:1136)
	at java.base/sun.security.ssl.CertificateMessage$T13CertificateConsumer.consume(CertificateMessage.java:1113)
	at java.base/sun.security.ssl.SSLHandshake.consume(SSLHandshake.java:393)
	at java.base/sun.security.ssl.HandshakeContext.dispatch(HandshakeContext.java:477)
	at java.base/sun.security.ssl.SSLEngineImpl$DelegatedTask$DelegatedAction.run(SSLEngineImpl.java:1274)
	at java.base/sun.security.ssl.SSLEngineImpl$DelegatedTask$DelegatedAction.run(SSLEngineImpl.java:1261)
	at java.base/java.security.AccessController.doPrivileged(AccessController.java:714)
	at java.base/sun.security.ssl.SSLEngineImpl$DelegatedTask.run(SSLEngineImpl.java:1206)
	at io.netty.handler.ssl.SslHandler.runDelegatedTasks(SslHandler.java:1695)
	at io.netty.handler.ssl.SslHandler.unwrap(SslHandler.java:1541)
	at io.netty.handler.ssl.SslHandler.decodeJdkCompatible(SslHandler.java:1377)
	at io.netty.handler.ssl.SslHandler.decode(SslHandler.java:1428)
	at io.netty.handler.codec.ByteToMessageDecoder.decodeRemovalReentryProtection(ByteToMessageDecoder.java:545)
	at io.netty.handler.codec.ByteToMessageDecoder.callDecode(ByteToMessageDecoder.java:484)
	... 16 more
Caused by: sun.security.validator.ValidatorException: PKIX path validation failed: java.security.cert.CertPathValidatorException: validity check failed
	at java.base/sun.security.validator.PKIXValidator.doValidate(PKIXValidator.java:318)
	at java.base/sun.security.validator.PKIXValidator.engineValidate(PKIXValidator.java:267)
	at java.base/sun.security.validator.Validator.validate(Validator.java:256)
	at java.base/sun.security.ssl.X509TrustManagerImpl.checkTrusted(X509TrustManagerImpl.java:284)
	at java.base/sun.security.ssl.X509TrustManagerImpl.checkClientTrusted(X509TrustManagerImpl.java:138)
	at io.netty.handler.ssl.EnhancingX509ExtendedTrustManager.checkClientTrusted(EnhancingX509ExtendedTrustManager.java:77)
	at java.base/sun.security.ssl.CertificateMessage$T13CertificateConsumer.checkClientCerts(CertificateMessage.java:1210)
	... 30 more
Caused by: java.security.cert.CertPathValidatorException: validity check failed
	at java.base/sun.security.provider.certpath.PKIXMasterCertPathValidator.validate(PKIXMasterCertPathValidator.java:135)
	at java.base/sun.security.provider.certpath.PKIXCertPathValidator.validate(PKIXCertPathValidator.java:224)
	at java.base/sun.security.provider.certpath.PKIXCertPathValidator.validate(PKIXCertPathValidator.java:144)
	at java.base/sun.security.provider.certpath.PKIXCertPathValidator.engineValidate(PKIXCertPathValidator.java:83)
	at java.base/java.security.cert.CertPathValidator.validate(CertPathValidator.java:309)
	at java.base/sun.security.validator.PKIXValidator.doValidate(PKIXValidator.java:313)
	... 36 more
Caused by: java.security.cert.CertificateExpiredException: NotAfter: Tue Jan 02 01:00:00 CET 2024
	at java.base/sun.security.x509.CertificateValidity.valid(CertificateValidity.java:182)
	at java.base/sun.security.x509.X509CertImpl.checkValidity(X509CertImpl.java:534)
	at java.base/sun.security.provider.certpath.BasicChecker.verifyValidity(BasicChecker.java:190)
	at java.base/sun.security.provider.certpath.BasicChecker.check(BasicChecker.java:144)
	at java.base/sun.security.provider.certpath.PKIXMasterCertPathValidator.validate(PKIXMasterCertPathValidator.java:125)
	... 41 more
[2026-08-08T16:30:35,677][INFO ][org.logstash.beats.BeatsHandler][beats-tls][cea61c76cb89e8de1c33fda45ab2b43ef03d0a587a2da8dd49b947033416f5e3] [local: 192.168.1.56:5044, remote: 192.168.1.55:39388] Handling exception: io.netty.handler.codec.DecoderException: javax.net.ssl.SSLHandshakeException: (certificate_unknown) PKIX path validation failed: java.security.cert.CertPathValidatorException: validity check failed (caused by: java.security.cert.CertificateExpiredException: NotAfter: Tue Jan 02 01:00:00 CET 2024)
[2026-08-08T16:30:35,678][WARN ][io.netty.channel.DefaultChannelPipeline][beats-tls][cea61c76cb89e8de1c33fda45ab2b43ef03d0a587a2da8dd49b947033416f5e3] An exceptionCaught() event was fired, and it reached at the tail of the pipeline. It usually means the last handler in the pipeline did not handle the exception.
io.netty.handler.codec.DecoderException: javax.net.ssl.SSLHandshakeException: (certificate_unknown) PKIX path validation failed: java.security.cert.CertPathValidatorException: validity check failed
	at io.netty.handler.codec.ByteToMessageDecoder.callDecode(ByteToMessageDecoder.java:515)
	at io.netty.handler.codec.ByteToMessageDecoder.channelRead(ByteToMessageDecoder.java:296)
	at io.netty.channel.AbstractChannelHandlerContext.invokeChannelRead(AbstractChannelHandlerContext.java:444)
	at io.netty.channel.AbstractChannelHandlerContext.invokeChannelRead(AbstractChannelHandlerContext.java:420)
	at io.netty.channel.AbstractChannelHandlerContext.fireChannelRead(AbstractChannelHandlerContext.java:412)
	at io.netty.channel.DefaultChannelPipeline$HeadContext.channelRead(DefaultChannelPipeline.java:1357)
	at io.netty.channel.AbstractChannelHandlerContext.invokeChannelRead(AbstractChannelHandlerContext.java:440)
	at io.netty.channel.AbstractChannelHandlerContext.invokeChannelRead(AbstractChannelHandlerContext.java:420)
	at io.netty.channel.DefaultChannelPipeline.fireChannelRead(DefaultChannelPipeline.java:868)
	at io.netty.channel.nio.AbstractNioByteChannel$NioByteUnsafe.read(AbstractNioByteChannel.java:171)
	at io.netty.channel.nio.NioEventLoop.processSelectedKey(NioEventLoop.java:796)
	at io.netty.channel.nio.NioEventLoop.processSelectedKeysOptimized(NioEventLoop.java:732)
	at io.netty.channel.nio.NioEventLoop.processSelectedKeys(NioEventLoop.java:658)
	at io.netty.channel.nio.NioEventLoop.run(NioEventLoop.java:562)
	at io.netty.util.concurrent.SingleThreadEventExecutor$4.run(SingleThreadEventExecutor.java:998)
	at io.netty.util.internal.ThreadExecutorMap$2.run(ThreadExecutorMap.java:74)
	at java.base/java.lang.Thread.run(Thread.java:1583)
Caused by: javax.net.ssl.SSLHandshakeException: (certificate_unknown) PKIX path validation failed: java.security.cert.CertPathValidatorException: validity check failed
	at java.base/sun.security.ssl.Alert.createSSLException(Alert.java:130)
	at java.base/sun.security.ssl.TransportContext.fatal(TransportContext.java:383)
	at java.base/sun.security.ssl.TransportContext.fatal(TransportContext.java:326)
	at java.base/sun.security.ssl.TransportContext.fatal(TransportContext.java:321)
	at java.base/sun.security.ssl.CertificateMessage$T13CertificateConsumer.checkClientCerts(CertificateMessage.java:1232)
	at java.base/sun.security.ssl.CertificateMessage$T13CertificateConsumer.onConsumeCertificate(CertificateMessage.java:1136)
	at java.base/sun.security.ssl.CertificateMessage$T13CertificateConsumer.consume(CertificateMessage.java:1113)
	at java.base/sun.security.ssl.SSLHandshake.consume(SSLHandshake.java:393)
	at java.base/sun.security.ssl.HandshakeContext.dispatch(HandshakeContext.java:477)
	at java.base/sun.security.ssl.SSLEngineImpl$DelegatedTask$DelegatedAction.run(SSLEngineImpl.java:1274)
	at java.base/sun.security.ssl.SSLEngineImpl$DelegatedTask$DelegatedAction.run(SSLEngineImpl.java:1261)
	at java.base/java.security.AccessController.doPrivileged(AccessController.java:714)
	at java.base/sun.security.ssl.SSLEngineImpl$DelegatedTask.run(SSLEngineImpl.java:1206)
	at io.netty.handler.ssl.SslHandler.runDelegatedTasks(SslHandler.java:1695)
	at io.netty.handler.ssl.SslHandler.unwrap(SslHandler.java:1541)
	at io.netty.handler.ssl.SslHandler.decodeJdkCompatible(SslHandler.java:1377)
	at io.netty.handler.ssl.SslHandler.decode(SslHandler.java:1428)
	at io.netty.handler.codec.ByteToMessageDecoder.decodeRemovalReentryProtection(ByteToMessageDecoder.java:545)
	at io.netty.handler.codec.ByteToMessageDecoder.callDecode(ByteToMessageDecoder.java:484)
	... 16 more
Caused by: sun.security.validator.ValidatorException: PKIX path validation failed: java.security.cert.CertPathValidatorException: validity check failed
	at java.base/sun.security.validator.PKIXValidator.doValidate(PKIXValidator.java:318)
	at java.base/sun.security.validator.PKIXValidator.engineValidate(PKIXValidator.java:267)
	at java.base/sun.security.validator.Validator.validate(Validator.java:256)
	at java.base/sun.security.ssl.X509TrustManagerImpl.checkTrusted(X509TrustManagerImpl.java:284)
	at java.base/sun.security.ssl.X509TrustManagerImpl.checkClientTrusted(X509TrustManagerImpl.java:138)
	at io.netty.handler.ssl.EnhancingX509ExtendedTrustManager.checkClientTrusted(EnhancingX509ExtendedTrustManager.java:77)
	at java.base/sun.security.ssl.CertificateMessage$T13CertificateConsumer.checkClientCerts(CertificateMessage.java:1210)
	... 30 more
Caused by: java.security.cert.CertPathValidatorException: validity check failed
	at java.base/sun.security.provider.certpath.PKIXMasterCertPathValidator.validate(PKIXMasterCertPathValidator.java:135)
	at java.base/sun.security.provider.certpath.PKIXCertPathValidator.validate(PKIXCertPathValidator.java:224)
	at java.base/sun.security.provider.certpath.PKIXCertPathValidator.validate(PKIXCertPathValidator.java:144)
	at java.base/sun.security.provider.certpath.PKIXCertPathValidator.engineValidate(PKIXCertPathValidator.java:83)
	at java.base/java.security.cert.CertPathValidator.validate(CertPathValidator.java:309)
	at java.base/sun.security.validator.PKIXValidator.doValidate(PKIXValidator.java:313)
	... 36 more
Caused by: java.security.cert.CertificateExpiredException: NotAfter: Tue Jan 02 01:00:00 CET 2024
	at java.base/sun.security.x509.CertificateValidity.valid(CertificateValidity.java:182)
	at java.base/sun.security.x509.X509CertImpl.checkValidity(X509CertImpl.java:534)
	at java.base/sun.security.provider.certpath.BasicChecker.verifyValidity(BasicChecker.java:190)
	at java.base/sun.security.provider.certpath.BasicChecker.check(BasicChecker.java:144)
	at java.base/sun.security.provider.certpath.PKIXMasterCertPathValidator.validate(PKIXMasterCertPathValidator.java:125)
	... 41 more
[2026-08-08T16:30:38,812][INFO ][org.logstash.beats.BeatsHandler][beats-tls][cea61c76cb89e8de1c33fda45ab2b43ef03d0a587a2da8dd49b947033416f5e3] [local: 192.168.1.56:5044, remote: 192.168.1.55:42966] Handling exception: io.netty.handler.codec.DecoderException: javax.net.ssl.SSLHandshakeException: (certificate_unknown) PKIX path validation failed: java.security.cert.CertPathValidatorException: validity check failed (caused by: java.security.cert.CertificateExpiredException: NotAfter: Tue Jan 02 01:00:00 CET 2024)
[2026-08-08T16:30:38,813][WARN ][io.netty.channel.DefaultChannelPipeline][beats-tls][cea61c76cb89e8de1c33fda45ab2b43ef03d0a587a2da8dd49b947033416f5e3] An exceptionCaught() event was fired, and it reached at the tail of the pipeline. It usually means the last handler in the pipeline did not handle the exception.
io.netty.handler.codec.DecoderException: javax.net.ssl.SSLHandshakeException: (certificate_unknown) PKIX path validation failed: java.security.cert.CertPathValidatorException: validity check failed
	at io.netty.handler.codec.ByteToMessageDecoder.callDecode(ByteToMessageDecoder.java:515)
	at io.netty.handler.codec.ByteToMessageDecoder.channelRead(ByteToMessageDecoder.java:296)
	at io.netty.channel.AbstractChannelHandlerContext.invokeChannelRead(AbstractChannelHandlerContext.java:444)
	at io.netty.channel.AbstractChannelHandlerContext.invokeChannelRead(AbstractChannelHandlerContext.java:420)
	at io.netty.channel.AbstractChannelHandlerContext.fireChannelRead(AbstractChannelHandlerContext.java:412)
	at io.netty.channel.DefaultChannelPipeline$HeadContext.channelRead(DefaultChannelPipeline.java:1357)
	at io.netty.channel.AbstractChannelHandlerContext.invokeChannelRead(AbstractChannelHandlerContext.java:440)
	at io.netty.channel.AbstractChannelHandlerContext.invokeChannelRead(AbstractChannelHandlerContext.java:420)
	at io.netty.channel.DefaultChannelPipeline.fireChannelRead(DefaultChannelPipeline.java:868)
	at io.netty.channel.nio.AbstractNioByteChannel$NioByteUnsafe.read(AbstractNioByteChannel.java:171)
	at io.netty.channel.nio.NioEventLoop.processSelectedKey(NioEventLoop.java:796)
	at io.netty.channel.nio.NioEventLoop.processSelectedKeysOptimized(NioEventLoop.java:732)
	at io.netty.channel.nio.NioEventLoop.processSelectedKeys(NioEventLoop.java:658)
	at io.netty.channel.nio.NioEventLoop.run(NioEventLoop.java:562)
	at io.netty.util.concurrent.SingleThreadEventExecutor$4.run(SingleThreadEventExecutor.java:998)
	at io.netty.util.internal.ThreadExecutorMap$2.run(ThreadExecutorMap.java:74)
	at java.base/java.lang.Thread.run(Thread.java:1583)
Caused by: javax.net.ssl.SSLHandshakeException: (certificate_unknown) PKIX path validation failed: java.security.cert.CertPathValidatorException: validity check failed
	at java.base/sun.security.ssl.Alert.createSSLException(Alert.java:130)
	at java.base/sun.security.ssl.TransportContext.fatal(TransportContext.java:383)
	at java.base/sun.security.ssl.TransportContext.fatal(TransportContext.java:326)
	at java.base/sun.security.ssl.TransportContext.fatal(TransportContext.java:321)
	at java.base/sun.security.ssl.CertificateMessage$T13CertificateConsumer.checkClientCerts(CertificateMessage.java:1232)
	at java.base/sun.security.ssl.CertificateMessage$T13CertificateConsumer.onConsumeCertificate(CertificateMessage.java:1136)
	at java.base/sun.security.ssl.CertificateMessage$T13CertificateConsumer.consume(CertificateMessage.java:1113)
	at java.base/sun.security.ssl.SSLHandshake.consume(SSLHandshake.java:393)
	at java.base/sun.security.ssl.HandshakeContext.dispatch(HandshakeContext.java:477)
	at java.base/sun.security.ssl.SSLEngineImpl$DelegatedTask$DelegatedAction.run(SSLEngineImpl.java:1274)
	at java.base/sun.security.ssl.SSLEngineImpl$DelegatedTask$DelegatedAction.run(SSLEngineImpl.java:1261)
	at java.base/java.security.AccessController.doPrivileged(AccessController.java:714)
	at java.base/sun.security.ssl.SSLEngineImpl$DelegatedTask.run(SSLEngineImpl.java:1206)
	at io.netty.handler.ssl.SslHandler.runDelegatedTasks(SslHandler.java:1695)
	at io.netty.handler.ssl.SslHandler.unwrap(SslHandler.java:1541)
	at io.netty.handler.ssl.SslHandler.decodeJdkCompatible(SslHandler.java:1377)
	at io.netty.handler.ssl.SslHandler.decode(SslHandler.java:1428)
	at io.netty.handler.codec.ByteToMessageDecoder.decodeRemovalReentryProtection(ByteToMessageDecoder.java:545)
	at io.netty.handler.codec.ByteToMessageDecoder.callDecode(ByteToMessageDecoder.java:484)
	... 16 more
Caused by: sun.security.validator.ValidatorException: PKIX path validation failed: java.security.cert.CertPathValidatorException: validity check failed
	at java.base/sun.security.validator.PKIXValidator.doValidate(PKIXValidator.java:318)
	at java.base/sun.security.validator.PKIXValidator.engineValidate(PKIXValidator.java:267)
	at java.base/sun.security.validator.Validator.validate(Validator.java:256)
	at java.base/sun.security.ssl.X509TrustManagerImpl.checkTrusted(X509TrustManagerImpl.java:284)
	at java.base/sun.security.ssl.X509TrustManagerImpl.checkClientTrusted(X509TrustManagerImpl.java:138)
	at io.netty.handler.ssl.EnhancingX509ExtendedTrustManager.checkClientTrusted(EnhancingX509ExtendedTrustManager.java:77)
	at java.base/sun.security.ssl.CertificateMessage$T13CertificateConsumer.checkClientCerts(CertificateMessage.java:1210)
	... 30 more
Caused by: java.security.cert.CertPathValidatorException: validity check failed
	at java.base/sun.security.provider.certpath.PKIXMasterCertPathValidator.validate(PKIXMasterCertPathValidator.java:135)
	at java.base/sun.security.provider.certpath.PKIXCertPathValidator.validate(PKIXCertPathValidator.java:224)
	at java.base/sun.security.provider.certpath.PKIXCertPathValidator.validate(PKIXCertPathValidator.java:144)
	at java.base/sun.security.provider.certpath.PKIXCertPathValidator.engineValidate(PKIXCertPathValidator.java:83)
	at java.base/java.security.cert.CertPathValidator.validate(CertPathValidator.java:309)
	at java.base/sun.security.validator.PKIXValidator.doValidate(PKIXValidator.java:313)
	... 36 more
Caused by: java.security.cert.CertificateExpiredException: NotAfter: Tue Jan 02 01:00:00 CET 2024
	at java.base/sun.security.x509.CertificateValidity.valid(CertificateValidity.java:182)
	at java.base/sun.security.x509.X509CertImpl.checkValidity(X509CertImpl.java:534)
	at java.base/sun.security.provider.certpath.BasicChecker.verifyValidity(BasicChecker.java:190)
	at java.base/sun.security.provider.certpath.BasicChecker.check(BasicChecker.java:144)
	at java.base/sun.security.provider.certpath.PKIXMasterCertPathValidator.validate(PKIXMasterCertPathValidator.java:125)
	... 41 more
[2026-08-08T16:30:40,148][INFO ][org.logstash.beats.BeatsHandler][beats-tls][cea61c76cb89e8de1c33fda45ab2b43ef03d0a587a2da8dd49b947033416f5e3] [local: 192.168.1.56:5044, remote: 192.168.1.55:42968] Handling exception: io.netty.handler.codec.DecoderException: javax.net.ssl.SSLHandshakeException: (certificate_unknown) PKIX path validation failed: java.security.cert.CertPathValidatorException: validity check failed (caused by: java.security.cert.CertificateExpiredException: NotAfter: Tue Jan 02 01:00:00 CET 2024)
[2026-08-08T16:30:40,151][WARN ][io.netty.channel.DefaultChannelPipeline][beats-tls][cea61c76cb89e8de1c33fda45ab2b43ef03d0a587a2da8dd49b947033416f5e3] An exceptionCaught() event was fired, and it reached at the tail of the pipeline. It usually means the last handler in the pipeline did not handle the exception.
io.netty.handler.codec.DecoderException: javax.net.ssl.SSLHandshakeException: (certificate_unknown) PKIX path validation failed: java.security.cert.CertPathValidatorException: validity check failed
	at io.netty.handler.codec.ByteToMessageDecoder.callDecode(ByteToMessageDecoder.java:515)
	at io.netty.handler.codec.ByteToMessageDecoder.channelRead(ByteToMessageDecoder.java:296)
	at io.netty.channel.AbstractChannelHandlerContext.invokeChannelRead(AbstractChannelHandlerContext.java:444)
	at io.netty.channel.AbstractChannelHandlerContext.invokeChannelRead(AbstractChannelHandlerContext.java:420)
	at io.netty.channel.AbstractChannelHandlerContext.fireChannelRead(AbstractChannelHandlerContext.java:412)
	at io.netty.channel.DefaultChannelPipeline$HeadContext.channelRead(DefaultChannelPipeline.java:1357)
	at io.netty.channel.AbstractChannelHandlerContext.invokeChannelRead(AbstractChannelHandlerContext.java:440)
	at io.netty.channel.AbstractChannelHandlerContext.invokeChannelRead(AbstractChannelHandlerContext.java:420)
	at io.netty.channel.DefaultChannelPipeline.fireChannelRead(DefaultChannelPipeline.java:868)
	at io.netty.channel.nio.AbstractNioByteChannel$NioByteUnsafe.read(AbstractNioByteChannel.java:171)
	at io.netty.channel.nio.NioEventLoop.processSelectedKey(NioEventLoop.java:796)
	at io.netty.channel.nio.NioEventLoop.processSelectedKeysOptimized(NioEventLoop.java:732)
	at io.netty.channel.nio.NioEventLoop.processSelectedKeys(NioEventLoop.java:658)
	at io.netty.channel.nio.NioEventLoop.run(NioEventLoop.java:562)
	at io.netty.util.concurrent.SingleThreadEventExecutor$4.run(SingleThreadEventExecutor.java:998)
	at io.netty.util.internal.ThreadExecutorMap$2.run(ThreadExecutorMap.java:74)
	at java.base/java.lang.Thread.run(Thread.java:1583)
Caused by: javax.net.ssl.SSLHandshakeException: (certificate_unknown) PKIX path validation failed: java.security.cert.CertPathValidatorException: validity check failed
	at java.base/sun.security.ssl.Alert.createSSLException(Alert.java:130)
	at java.base/sun.security.ssl.TransportContext.fatal(TransportContext.java:383)
	at java.base/sun.security.ssl.TransportContext.fatal(TransportContext.java:326)
	at java.base/sun.security.ssl.TransportContext.fatal(TransportContext.java:321)
	at java.base/sun.security.ssl.CertificateMessage$T13CertificateConsumer.checkClientCerts(CertificateMessage.java:1232)
	at java.base/sun.security.ssl.CertificateMessage$T13CertificateConsumer.onConsumeCertificate(CertificateMessage.java:1136)
	at java.base/sun.security.ssl.CertificateMessage$T13CertificateConsumer.consume(CertificateMessage.java:1113)
	at java.base/sun.security.ssl.SSLHandshake.consume(SSLHandshake.java:393)
	at java.base/sun.security.ssl.HandshakeContext.dispatch(HandshakeContext.java:477)
	at java.base/sun.security.ssl.SSLEngineImpl$DelegatedTask$DelegatedAction.run(SSLEngineImpl.java:1274)
	at java.base/sun.security.ssl.SSLEngineImpl$DelegatedTask$DelegatedAction.run(SSLEngineImpl.java:1261)
	at java.base/java.security.AccessController.doPrivileged(AccessController.java:714)
	at java.base/sun.security.ssl.SSLEngineImpl$DelegatedTask.run(SSLEngineImpl.java:1206)
	at io.netty.handler.ssl.SslHandler.runDelegatedTasks(SslHandler.java:1695)
	at io.netty.handler.ssl.SslHandler.unwrap(SslHandler.java:1541)
	at io.netty.handler.ssl.SslHandler.decodeJdkCompatible(SslHandler.java:1377)
	at io.netty.handler.ssl.SslHandler.decode(SslHandler.java:1428)
	at io.netty.handler.codec.ByteToMessageDecoder.decodeRemovalReentryProtection(ByteToMessageDecoder.java:545)
	at io.netty.handler.codec.ByteToMessageDecoder.callDecode(ByteToMessageDecoder.java:484)
	... 16 more
Caused by: sun.security.validator.ValidatorException: PKIX path validation failed: java.security.cert.CertPathValidatorException: validity check failed
	at java.base/sun.security.validator.PKIXValidator.doValidate(PKIXValidator.java:318)
	at java.base/sun.security.validator.PKIXValidator.engineValidate(PKIXValidator.java:267)
	at java.base/sun.security.validator.Validator.validate(Validator.java:256)
	at java.base/sun.security.ssl.X509TrustManagerImpl.checkTrusted(X509TrustManagerImpl.java:284)
	at java.base/sun.security.ssl.X509TrustManagerImpl.checkClientTrusted(X509TrustManagerImpl.java:138)
	at io.netty.handler.ssl.EnhancingX509ExtendedTrustManager.checkClientTrusted(EnhancingX509ExtendedTrustManager.java:77)
	at java.base/sun.security.ssl.CertificateMessage$T13CertificateConsumer.checkClientCerts(CertificateMessage.java:1210)
	... 30 more
Caused by: java.security.cert.CertPathValidatorException: validity check failed
	at java.base/sun.security.provider.certpath.PKIXMasterCertPathValidator.validate(PKIXMasterCertPathValidator.java:135)
	at java.base/sun.security.provider.certpath.PKIXCertPathValidator.validate(PKIXCertPathValidator.java:224)
	at java.base/sun.security.provider.certpath.PKIXCertPathValidator.validate(PKIXCertPathValidator.java:144)
	at java.base/sun.security.provider.certpath.PKIXCertPathValidator.engineValidate(PKIXCertPathValidator.java:83)
	at java.base/java.security.cert.CertPathValidator.validate(CertPathValidator.java:309)
	at java.base/sun.security.validator.PKIXValidator.doValidate(PKIXValidator.java:313)
	... 36 more
Caused by: java.security.cert.CertificateExpiredException: NotAfter: Tue Jan 02 01:00:00 CET 2024
	at java.base/sun.security.x509.CertificateValidity.valid(CertificateValidity.java:182)
	at java.base/sun.security.x509.X509CertImpl.checkValidity(X509CertImpl.java:534)
	at java.base/sun.security.provider.certpath.BasicChecker.verifyValidity(BasicChecker.java:190)
	at java.base/sun.security.provider.certpath.BasicChecker.check(BasicChecker.java:144)
	at java.base/sun.security.provider.certpath.PKIXMasterCertPathValidator.validate(PKIXMasterCertPathValidator.java:125)
	... 41 more
[2026-08-08T16:30:41,576][INFO ][org.logstash.beats.BeatsHandler][beats-tls][cea61c76cb89e8de1c33fda45ab2b43ef03d0a587a2da8dd49b947033416f5e3] [local: 192.168.1.56:5044, remote: 192.168.1.55:42980] Handling exception: io.netty.handler.codec.DecoderException: javax.net.ssl.SSLHandshakeException: (certificate_unknown) PKIX path validation failed: java.security.cert.CertPathValidatorException: validity check failed (caused by: java.security.cert.CertificateExpiredException: NotAfter: Tue Jan 02 01:00:00 CET 2024)
[2026-08-08T16:30:41,577][WARN ][io.netty.channel.DefaultChannelPipeline][beats-tls][cea61c76cb89e8de1c33fda45ab2b43ef03d0a587a2da8dd49b947033416f5e3] An exceptionCaught() event was fired, and it reached at the tail of the pipeline. It usually means the last handler in the pipeline did not handle the exception.
io.netty.handler.codec.DecoderException: javax.net.ssl.SSLHandshakeException: (certificate_unknown) PKIX path validation failed: java.security.cert.CertPathValidatorException: validity check failed
	at io.netty.handler.codec.ByteToMessageDecoder.callDecode(ByteToMessageDecoder.java:515)
	at io.netty.handler.codec.ByteToMessageDecoder.channelRead(ByteToMessageDecoder.java:296)
	at io.netty.channel.AbstractChannelHandlerContext.invokeChannelRead(AbstractChannelHandlerContext.java:444)
	at io.netty.channel.AbstractChannelHandlerContext.invokeChannelRead(AbstractChannelHandlerContext.java:420)
	at io.netty.channel.AbstractChannelHandlerContext.fireChannelRead(AbstractChannelHandlerContext.java:412)
	at io.netty.channel.DefaultChannelPipeline$HeadContext.channelRead(DefaultChannelPipeline.java:1357)
	at io.netty.channel.AbstractChannelHandlerContext.invokeChannelRead(AbstractChannelHandlerContext.java:440)
	at io.netty.channel.AbstractChannelHandlerContext.invokeChannelRead(AbstractChannelHandlerContext.java:420)
	at io.netty.channel.DefaultChannelPipeline.fireChannelRead(DefaultChannelPipeline.java:868)
	at io.netty.channel.nio.AbstractNioByteChannel$NioByteUnsafe.read(AbstractNioByteChannel.java:171)
	at io.netty.channel.nio.NioEventLoop.processSelectedKey(NioEventLoop.java:796)
	at io.netty.channel.nio.NioEventLoop.processSelectedKeysOptimized(NioEventLoop.java:732)
	at io.netty.channel.nio.NioEventLoop.processSelectedKeys(NioEventLoop.java:658)
	at io.netty.channel.nio.NioEventLoop.run(NioEventLoop.java:562)
	at io.netty.util.concurrent.SingleThreadEventExecutor$4.run(SingleThreadEventExecutor.java:998)
	at io.netty.util.internal.ThreadExecutorMap$2.run(ThreadExecutorMap.java:74)
	at java.base/java.lang.Thread.run(Thread.java:1583)
Caused by: javax.net.ssl.SSLHandshakeException: (certificate_unknown) PKIX path validation failed: java.security.cert.CertPathValidatorException: validity check failed
	at java.base/sun.security.ssl.Alert.createSSLException(Alert.java:130)
	at java.base/sun.security.ssl.TransportContext.fatal(TransportContext.java:383)
	at java.base/sun.security.ssl.TransportContext.fatal(TransportContext.java:326)
	at java.base/sun.security.ssl.TransportContext.fatal(TransportContext.java:321)
	at java.base/sun.security.ssl.CertificateMessage$T13CertificateConsumer.checkClientCerts(CertificateMessage.java:1232)
	at java.base/sun.security.ssl.CertificateMessage$T13CertificateConsumer.onConsumeCertificate(CertificateMessage.java:1136)
	at java.base/sun.security.ssl.CertificateMessage$T13CertificateConsumer.consume(CertificateMessage.java:1113)
	at java.base/sun.security.ssl.SSLHandshake.consume(SSLHandshake.java:393)
	at java.base/sun.security.ssl.HandshakeContext.dispatch(HandshakeContext.java:477)
	at java.base/sun.security.ssl.SSLEngineImpl$DelegatedTask$DelegatedAction.run(SSLEngineImpl.java:1274)
	at java.base/sun.security.ssl.SSLEngineImpl$DelegatedTask$DelegatedAction.run(SSLEngineImpl.java:1261)
	at java.base/java.security.AccessController.doPrivileged(AccessController.java:714)
	at java.base/sun.security.ssl.SSLEngineImpl$DelegatedTask.run(SSLEngineImpl.java:1206)
	at io.netty.handler.ssl.SslHandler.runDelegatedTasks(SslHandler.java:1695)
	at io.netty.handler.ssl.SslHandler.unwrap(SslHandler.java:1541)
	at io.netty.handler.ssl.SslHandler.decodeJdkCompatible(SslHandler.java:1377)
	at io.netty.handler.ssl.SslHandler.decode(SslHandler.java:1428)
	at io.netty.handler.codec.ByteToMessageDecoder.decodeRemovalReentryProtection(ByteToMessageDecoder.java:545)
	at io.netty.handler.codec.ByteToMessageDecoder.callDecode(ByteToMessageDecoder.java:484)
	... 16 more
Caused by: sun.security.validator.ValidatorException: PKIX path validation failed: java.security.cert.CertPathValidatorException: validity check failed
	at java.base/sun.security.validator.PKIXValidator.doValidate(PKIXValidator.java:318)
	at java.base/sun.security.validator.PKIXValidator.engineValidate(PKIXValidator.java:267)
	at java.base/sun.security.validator.Validator.validate(Validator.java:256)
	at java.base/sun.security.ssl.X509TrustManagerImpl.checkTrusted(X509TrustManagerImpl.java:284)
	at java.base/sun.security.ssl.X509TrustManagerImpl.checkClientTrusted(X509TrustManagerImpl.java:138)
	at io.netty.handler.ssl.EnhancingX509ExtendedTrustManager.checkClientTrusted(EnhancingX509ExtendedTrustManager.java:77)
	at java.base/sun.security.ssl.CertificateMessage$T13CertificateConsumer.checkClientCerts(CertificateMessage.java:1210)
	... 30 more
Caused by: java.security.cert.CertPathValidatorException: validity check failed
	at java.base/sun.security.provider.certpath.PKIXMasterCertPathValidator.validate(PKIXMasterCertPathValidator.java:135)
	at java.base/sun.security.provider.certpath.PKIXCertPathValidator.validate(PKIXCertPathValidator.java:224)
	at java.base/sun.security.provider.certpath.PKIXCertPathValidator.validate(PKIXCertPathValidator.java:144)
	at java.base/sun.security.provider.certpath.PKIXCertPathValidator.engineValidate(PKIXCertPathValidator.java:83)
	at java.base/java.security.cert.CertPathValidator.validate(CertPathValidator.java:309)
	at java.base/sun.security.validator.PKIXValidator.doValidate(PKIXValidator.java:313)
	... 36 more
Caused by: java.security.cert.CertificateExpiredException: NotAfter: Tue Jan 02 01:00:00 CET 2024
	at java.base/sun.security.x509.CertificateValidity.valid(CertificateValidity.java:182)
	at java.base/sun.security.x509.X509CertImpl.checkValidity(X509CertImpl.java:534)
	at java.base/sun.security.provider.certpath.BasicChecker.verifyValidity(BasicChecker.java:190)
	at java.base/sun.security.provider.certpath.BasicChecker.check(BasicChecker.java:144)
	at java.base/sun.security.provider.certpath.PKIXMasterCertPathValidator.validate(PKIXMasterCertPathValidator.java:125)
	... 41 more
[2026-08-08T16:30:43,033][INFO ][org.logstash.beats.BeatsHandler][beats-tls][cea61c76cb89e8de1c33fda45ab2b43ef03d0a587a2da8dd49b947033416f5e3] [local: 192.168.1.56:5044, remote: 192.168.1.55:42984] Handling exception: io.netty.handler.codec.DecoderException: javax.net.ssl.SSLHandshakeException: (certificate_unknown) PKIX path validation failed: java.security.cert.CertPathValidatorException: validity check failed (caused by: java.security.cert.CertificateExpiredException: NotAfter: Tue Jan 02 01:00:00 CET 2024)
[2026-08-08T16:30:43,064][WARN ][io.netty.channel.DefaultChannelPipeline][beats-tls][cea61c76cb89e8de1c33fda45ab2b43ef03d0a587a2da8dd49b947033416f5e3] An exceptionCaught() event was fired, and it reached at the tail of the pipeline. It usually means the last handler in the pipeline did not handle the exception.
io.netty.handler.codec.DecoderException: javax.net.ssl.SSLHandshakeException: (certificate_unknown) PKIX path validation failed: java.security.cert.CertPathValidatorException: validity check failed
	at io.netty.handler.codec.ByteToMessageDecoder.callDecode(ByteToMessageDecoder.java:515)
	at io.netty.handler.codec.ByteToMessageDecoder.channelRead(ByteToMessageDecoder.java:296)
	at io.netty.channel.AbstractChannelHandlerContext.invokeChannelRead(AbstractChannelHandlerContext.java:444)
	at io.netty.channel.AbstractChannelHandlerContext.invokeChannelRead(AbstractChannelHandlerContext.java:420)
	at io.netty.channel.AbstractChannelHandlerContext.fireChannelRead(AbstractChannelHandlerContext.java:412)
	at io.netty.channel.DefaultChannelPipeline$HeadContext.channelRead(DefaultChannelPipeline.java:1357)
	at io.netty.channel.AbstractChannelHandlerContext.invokeChannelRead(AbstractChannelHandlerContext.java:440)
	at io.netty.channel.AbstractChannelHandlerContext.invokeChannelRead(AbstractChannelHandlerContext.java:420)
	at io.netty.channel.DefaultChannelPipeline.fireChannelRead(DefaultChannelPipeline.java:868)
	at io.netty.channel.nio.AbstractNioByteChannel$NioByteUnsafe.read(AbstractNioByteChannel.java:171)
	at io.netty.channel.nio.NioEventLoop.processSelectedKey(NioEventLoop.java:796)
	at io.netty.channel.nio.NioEventLoop.processSelectedKeysOptimized(NioEventLoop.java:732)
	at io.netty.channel.nio.NioEventLoop.processSelectedKeys(NioEventLoop.java:658)
	at io.netty.channel.nio.NioEventLoop.run(NioEventLoop.java:562)
	at io.netty.util.concurrent.SingleThreadEventExecutor$4.run(SingleThreadEventExecutor.java:998)
	at io.netty.util.internal.ThreadExecutorMap$2.run(ThreadExecutorMap.java:74)
	at java.base/java.lang.Thread.run(Thread.java:1583)
Caused by: javax.net.ssl.SSLHandshakeException: (certificate_unknown) PKIX path validation failed: java.security.cert.CertPathValidatorException: validity check failed
	at java.base/sun.security.ssl.Alert.createSSLException(Alert.java:130)
	at java.base/sun.security.ssl.TransportContext.fatal(TransportContext.java:383)
	at java.base/sun.security.ssl.TransportContext.fatal(TransportContext.java:326)
	at java.base/sun.security.ssl.TransportContext.fatal(TransportContext.java:321)
	at java.base/sun.security.ssl.CertificateMessage$T13CertificateConsumer.checkClientCerts(CertificateMessage.java:1232)
	at java.base/sun.security.ssl.CertificateMessage$T13CertificateConsumer.onConsumeCertificate(CertificateMessage.java:1136)
	at java.base/sun.security.ssl.CertificateMessage$T13CertificateConsumer.consume(CertificateMessage.java:1113)
	at java.base/sun.security.ssl.SSLHandshake.consume(SSLHandshake.java:393)
	at java.base/sun.security.ssl.HandshakeContext.dispatch(HandshakeContext.java:477)
	at java.base/sun.security.ssl.SSLEngineImpl$DelegatedTask$DelegatedAction.run(SSLEngineImpl.java:1274)
	at java.base/sun.security.ssl.SSLEngineImpl$DelegatedTask$DelegatedAction.run(SSLEngineImpl.java:1261)
	at java.base/java.security.AccessController.doPrivileged(AccessController.java:714)
	at java.base/sun.security.ssl.SSLEngineImpl$DelegatedTask.run(SSLEngineImpl.java:1206)
	at io.netty.handler.ssl.SslHandler.runDelegatedTasks(SslHandler.java:1695)
	at io.netty.handler.ssl.SslHandler.unwrap(SslHandler.java:1541)
	at io.netty.handler.ssl.SslHandler.decodeJdkCompatible(SslHandler.java:1377)
	at io.netty.handler.ssl.SslHandler.decode(SslHandler.java:1428)
	at io.netty.handler.codec.ByteToMessageDecoder.decodeRemovalReentryProtection(ByteToMessageDecoder.java:545)
	at io.netty.handler.codec.ByteToMessageDecoder.callDecode(ByteToMessageDecoder.java:484)
	... 16 more
Caused by: sun.security.validator.ValidatorException: PKIX path validation failed: java.security.cert.CertPathValidatorException: validity check failed
	at java.base/sun.security.validator.PKIXValidator.doValidate(PKIXValidator.java:318)
	at java.base/sun.security.validator.PKIXValidator.engineValidate(PKIXValidator.java:267)
	at java.base/sun.security.validator.Validator.validate(Validator.java:256)
	at java.base/sun.security.ssl.X509TrustManagerImpl.checkTrusted(X509TrustManagerImpl.java:284)
	at java.base/sun.security.ssl.X509TrustManagerImpl.checkClientTrusted(X509TrustManagerImpl.java:138)
	at io.netty.handler.ssl.EnhancingX509ExtendedTrustManager.checkClientTrusted(EnhancingX509ExtendedTrustManager.java:77)
	at java.base/sun.security.ssl.CertificateMessage$T13CertificateConsumer.checkClientCerts(CertificateMessage.java:1210)
	... 30 more
Caused by: java.security.cert.CertPathValidatorException: validity check failed
	at java.base/sun.security.provider.certpath.PKIXMasterCertPathValidator.validate(PKIXMasterCertPathValidator.java:135)
	at java.base/sun.security.provider.certpath.PKIXCertPathValidator.validate(PKIXCertPathValidator.java:224)
	at java.base/sun.security.provider.certpath.PKIXCertPathValidator.validate(PKIXCertPathValidator.java:144)
	at java.base/sun.security.provider.certpath.PKIXCertPathValidator.engineValidate(PKIXCertPathValidator.java:83)
	at java.base/java.security.cert.CertPathValidator.validate(CertPathValidator.java:309)
	at java.base/sun.security.validator.PKIXValidator.doValidate(PKIXValidator.java:313)
	... 36 more
Caused by: java.security.cert.CertificateExpiredException: NotAfter: Tue Jan 02 01:00:00 CET 2024
	at java.base/sun.security.x509.CertificateValidity.valid(CertificateValidity.java:182)
	at java.base/sun.security.x509.X509CertImpl.checkValidity(X509CertImpl.java:534)
	at java.base/sun.security.provider.certpath.BasicChecker.verifyValidity(BasicChecker.java:190)
	at java.base/sun.security.provider.certpath.BasicChecker.check(BasicChecker.java:144)
	at java.base/sun.security.provider.certpath.PKIXMasterCertPathValidator.validate(PKIXMasterCertPathValidator.java:125)
	... 41 more
[2026-08-08T16:30:44,407][INFO ][org.logstash.beats.BeatsHandler][beats-tls][cea61c76cb89e8de1c33fda45ab2b43ef03d0a587a2da8dd49b947033416f5e3] [local: 192.168.1.56:5044, remote: 192.168.1.55:42992] Handling exception: io.netty.handler.codec.DecoderException: javax.net.ssl.SSLHandshakeException: (certificate_unknown) PKIX path validation failed: java.security.cert.CertPathValidatorException: validity check failed (caused by: java.security.cert.CertificateExpiredException: NotAfter: Tue Jan 02 01:00:00 CET 2024)
[2026-08-08T16:30:44,408][WARN ][io.netty.channel.DefaultChannelPipeline][beats-tls][cea61c76cb89e8de1c33fda45ab2b43ef03d0a587a2da8dd49b947033416f5e3] An exceptionCaught() event was fired, and it reached at the tail of the pipeline. It usually means the last handler in the pipeline did not handle the exception.
io.netty.handler.codec.DecoderException: javax.net.ssl.SSLHandshakeException: (certificate_unknown) PKIX path validation failed: java.security.cert.CertPathValidatorException: validity check failed
	at io.netty.handler.codec.ByteToMessageDecoder.callDecode(ByteToMessageDecoder.java:515)
	at io.netty.handler.codec.ByteToMessageDecoder.channelRead(ByteToMessageDecoder.java:296)
	at io.netty.channel.AbstractChannelHandlerContext.invokeChannelRead(AbstractChannelHandlerContext.java:444)
	at io.netty.channel.AbstractChannelHandlerContext.invokeChannelRead(AbstractChannelHandlerContext.java:420)
	at io.netty.channel.AbstractChannelHandlerContext.fireChannelRead(AbstractChannelHandlerContext.java:412)
	at io.netty.channel.DefaultChannelPipeline$HeadContext.channelRead(DefaultChannelPipeline.java:1357)
	at io.netty.channel.AbstractChannelHandlerContext.invokeChannelRead(AbstractChannelHandlerContext.java:440)
	at io.netty.channel.AbstractChannelHandlerContext.invokeChannelRead(AbstractChannelHandlerContext.java:420)
	at io.netty.channel.DefaultChannelPipeline.fireChannelRead(DefaultChannelPipeline.java:868)
	at io.netty.channel.nio.AbstractNioByteChannel$NioByteUnsafe.read(AbstractNioByteChannel.java:171)
	at io.netty.channel.nio.NioEventLoop.processSelectedKey(NioEventLoop.java:796)
	at io.netty.channel.nio.NioEventLoop.processSelectedKeysOptimized(NioEventLoop.java:732)
	at io.netty.channel.nio.NioEventLoop.processSelectedKeys(NioEventLoop.java:658)
	at io.netty.channel.nio.NioEventLoop.run(NioEventLoop.java:562)
	at io.netty.util.concurrent.SingleThreadEventExecutor$4.run(SingleThreadEventExecutor.java:998)
	at io.netty.util.internal.ThreadExecutorMap$2.run(ThreadExecutorMap.java:74)
	at java.base/java.lang.Thread.run(Thread.java:1583)
Caused by: javax.net.ssl.SSLHandshakeException: (certificate_unknown) PKIX path validation failed: java.security.cert.CertPathValidatorException: validity check failed
	at java.base/sun.security.ssl.Alert.createSSLException(Alert.java:130)
	at java.base/sun.security.ssl.TransportContext.fatal(TransportContext.java:383)
	at java.base/sun.security.ssl.TransportContext.fatal(TransportContext.java:326)
	at java.base/sun.security.ssl.TransportContext.fatal(TransportContext.java:321)
	at java.base/sun.security.ssl.CertificateMessage$T13CertificateConsumer.checkClientCerts(CertificateMessage.java:1232)
	at java.base/sun.security.ssl.CertificateMessage$T13CertificateConsumer.onConsumeCertificate(CertificateMessage.java:1136)
	at java.base/sun.security.ssl.CertificateMessage$T13CertificateConsumer.consume(CertificateMessage.java:1113)
	at java.base/sun.security.ssl.SSLHandshake.consume(SSLHandshake.java:393)
	at java.base/sun.security.ssl.HandshakeContext.dispatch(HandshakeContext.java:477)
	at java.base/sun.security.ssl.SSLEngineImpl$DelegatedTask$DelegatedAction.run(SSLEngineImpl.java:1274)
	at java.base/sun.security.ssl.SSLEngineImpl$DelegatedTask$DelegatedAction.run(SSLEngineImpl.java:1261)
	at java.base/java.security.AccessController.doPrivileged(AccessController.java:714)
	at java.base/sun.security.ssl.SSLEngineImpl$DelegatedTask.run(SSLEngineImpl.java:1206)
	at io.netty.handler.ssl.SslHandler.runDelegatedTasks(SslHandler.java:1695)
	at io.netty.handler.ssl.SslHandler.unwrap(SslHandler.java:1541)
	at io.netty.handler.ssl.SslHandler.decodeJdkCompatible(SslHandler.java:1377)
	at io.netty.handler.ssl.SslHandler.decode(SslHandler.java:1428)
	at io.netty.handler.codec.ByteToMessageDecoder.decodeRemovalReentryProtection(ByteToMessageDecoder.java:545)
	at io.netty.handler.codec.ByteToMessageDecoder.callDecode(ByteToMessageDecoder.java:484)
	... 16 more
Caused by: sun.security.validator.ValidatorException: PKIX path validation failed: java.security.cert.CertPathValidatorException: validity check failed
	at java.base/sun.security.validator.PKIXValidator.doValidate(PKIXValidator.java:318)
	at java.base/sun.security.validator.PKIXValidator.engineValidate(PKIXValidator.java:267)
	at java.base/sun.security.validator.Validator.validate(Validator.java:256)
	at java.base/sun.security.ssl.X509TrustManagerImpl.checkTrusted(X509TrustManagerImpl.java:284)
	at java.base/sun.security.ssl.X509TrustManagerImpl.checkClientTrusted(X509TrustManagerImpl.java:138)
	at io.netty.handler.ssl.EnhancingX509ExtendedTrustManager.checkClientTrusted(EnhancingX509ExtendedTrustManager.java:77)
	at java.base/sun.security.ssl.CertificateMessage$T13CertificateConsumer.checkClientCerts(CertificateMessage.java:1210)
	... 30 more
Caused by: java.security.cert.CertPathValidatorException: validity check failed
	at java.base/sun.security.provider.certpath.PKIXMasterCertPathValidator.validate(PKIXMasterCertPathValidator.java:135)
	at java.base/sun.security.provider.certpath.PKIXCertPathValidator.validate(PKIXCertPathValidator.java:224)
	at java.base/sun.security.provider.certpath.PKIXCertPathValidator.validate(PKIXCertPathValidator.java:144)
	at java.base/sun.security.provider.certpath.PKIXCertPathValidator.engineValidate(PKIXCertPathValidator.java:83)
	at java.base/java.security.cert.CertPathValidator.validate(CertPathValidator.java:309)
	at java.base/sun.security.validator.PKIXValidator.doValidate(PKIXValidator.java:313)
	... 36 more
Caused by: java.security.cert.CertificateExpiredException: NotAfter: Tue Jan 02 01:00:00 CET 2024
	at java.base/sun.security.x509.CertificateValidity.valid(CertificateValidity.java:182)
	at java.base/sun.security.x509.X509CertImpl.checkValidity(X509CertImpl.java:534)
	at java.base/sun.security.provider.certpath.BasicChecker.verifyValidity(BasicChecker.java:190)
	at java.base/sun.security.provider.certpath.BasicChecker.check(BasicChecker.java:144)
	at java.base/sun.security.provider.certpath.PKIXMasterCertPathValidator.validate(PKIXMasterCertPathValidator.java:125)
	... 41 more
[2026-08-08T16:30:45,652][INFO ][org.logstash.beats.BeatsHandler][beats-tls][cea61c76cb89e8de1c33fda45ab2b43ef03d0a587a2da8dd49b947033416f5e3] [local: 192.168.1.56:5044, remote: 192.168.1.55:43000] Handling exception: io.netty.handler.codec.DecoderException: javax.net.ssl.SSLHandshakeException: (certificate_unknown) PKIX path validation failed: java.security.cert.CertPathValidatorException: validity check failed (caused by: java.security.cert.CertificateExpiredException: NotAfter: Tue Jan 02 01:00:00 CET 2024)
[2026-08-08T16:30:45,654][WARN ][io.netty.channel.DefaultChannelPipeline][beats-tls][cea61c76cb89e8de1c33fda45ab2b43ef03d0a587a2da8dd49b947033416f5e3] An exceptionCaught() event was fired, and it reached at the tail of the pipeline. It usually means the last handler in the pipeline did not handle the exception.
io.netty.handler.codec.DecoderException: javax.net.ssl.SSLHandshakeException: (certificate_unknown) PKIX path validation failed: java.security.cert.CertPathValidatorException: validity check failed
	at io.netty.handler.codec.ByteToMessageDecoder.callDecode(ByteToMessageDecoder.java:515)
	at io.netty.handler.codec.ByteToMessageDecoder.channelRead(ByteToMessageDecoder.java:296)
	at io.netty.channel.AbstractChannelHandlerContext.invokeChannelRead(AbstractChannelHandlerContext.java:444)
	at io.netty.channel.AbstractChannelHandlerContext.invokeChannelRead(AbstractChannelHandlerContext.java:420)
	at io.netty.channel.AbstractChannelHandlerContext.fireChannelRead(AbstractChannelHandlerContext.java:412)
	at io.netty.channel.DefaultChannelPipeline$HeadContext.channelRead(DefaultChannelPipeline.java:1357)
	at io.netty.channel.AbstractChannelHandlerContext.invokeChannelRead(AbstractChannelHandlerContext.java:440)
	at io.netty.channel.AbstractChannelHandlerContext.invokeChannelRead(AbstractChannelHandlerContext.java:420)
	at io.netty.channel.DefaultChannelPipeline.fireChannelRead(DefaultChannelPipeline.java:868)
	at io.netty.channel.nio.AbstractNioByteChannel$NioByteUnsafe.read(AbstractNioByteChannel.java:171)
	at io.netty.channel.nio.NioEventLoop.processSelectedKey(NioEventLoop.java:796)
	at io.netty.channel.nio.NioEventLoop.processSelectedKeysOptimized(NioEventLoop.java:732)
	at io.netty.channel.nio.NioEventLoop.processSelectedKeys(NioEventLoop.java:658)
	at io.netty.channel.nio.NioEventLoop.run(NioEventLoop.java:562)
	at io.netty.util.concurrent.SingleThreadEventExecutor$4.run(SingleThreadEventExecutor.java:998)
	at io.netty.util.internal.ThreadExecutorMap$2.run(ThreadExecutorMap.java:74)
	at java.base/java.lang.Thread.run(Thread.java:1583)
Caused by: javax.net.ssl.SSLHandshakeException: (certificate_unknown) PKIX path validation failed: java.security.cert.CertPathValidatorException: validity check failed
	at java.base/sun.security.ssl.Alert.createSSLException(Alert.java:130)
	at java.base/sun.security.ssl.TransportContext.fatal(TransportContext.java:383)
	at java.base/sun.security.ssl.TransportContext.fatal(TransportContext.java:326)
	at java.base/sun.security.ssl.TransportContext.fatal(TransportContext.java:321)
	at java.base/sun.security.ssl.CertificateMessage$T13CertificateConsumer.checkClientCerts(CertificateMessage.java:1232)
	at java.base/sun.security.ssl.CertificateMessage$T13CertificateConsumer.onConsumeCertificate(CertificateMessage.java:1136)
	at java.base/sun.security.ssl.CertificateMessage$T13CertificateConsumer.consume(CertificateMessage.java:1113)
	at java.base/sun.security.ssl.SSLHandshake.consume(SSLHandshake.java:393)
	at java.base/sun.security.ssl.HandshakeContext.dispatch(HandshakeContext.java:477)
	at java.base/sun.security.ssl.SSLEngineImpl$DelegatedTask$DelegatedAction.run(SSLEngineImpl.java:1274)
	at java.base/sun.security.ssl.SSLEngineImpl$DelegatedTask$DelegatedAction.run(SSLEngineImpl.java:1261)
	at java.base/java.security.AccessController.doPrivileged(AccessController.java:714)
	at java.base/sun.security.ssl.SSLEngineImpl$DelegatedTask.run(SSLEngineImpl.java:1206)
	at io.netty.handler.ssl.SslHandler.runDelegatedTasks(SslHandler.java:1695)
	at io.netty.handler.ssl.SslHandler.unwrap(SslHandler.java:1541)
	at io.netty.handler.ssl.SslHandler.decodeJdkCompatible(SslHandler.java:1377)
	at io.netty.handler.ssl.SslHandler.decode(SslHandler.java:1428)
	at io.netty.handler.codec.ByteToMessageDecoder.decodeRemovalReentryProtection(ByteToMessageDecoder.java:545)
	at io.netty.handler.codec.ByteToMessageDecoder.callDecode(ByteToMessageDecoder.java:484)
	... 16 more
Caused by: sun.security.validator.ValidatorException: PKIX path validation failed: java.security.cert.CertPathValidatorException: validity check failed
	at java.base/sun.security.validator.PKIXValidator.doValidate(PKIXValidator.java:318)
	at java.base/sun.security.validator.PKIXValidator.engineValidate(PKIXValidator.java:267)
	at java.base/sun.security.validator.Validator.validate(Validator.java:256)
	at java.base/sun.security.ssl.X509TrustManagerImpl.checkTrusted(X509TrustManagerImpl.java:284)
	at java.base/sun.security.ssl.X509TrustManagerImpl.checkClientTrusted(X509TrustManagerImpl.java:138)
	at io.netty.handler.ssl.EnhancingX509ExtendedTrustManager.checkClientTrusted(EnhancingX509ExtendedTrustManager.java:77)
	at java.base/sun.security.ssl.CertificateMessage$T13CertificateConsumer.checkClientCerts(CertificateMessage.java:1210)
	... 30 more
Caused by: java.security.cert.CertPathValidatorException: validity check failed
	at java.base/sun.security.provider.certpath.PKIXMasterCertPathValidator.validate(PKIXMasterCertPathValidator.java:135)
	at java.base/sun.security.provider.certpath.PKIXCertPathValidator.validate(PKIXCertPathValidator.java:224)
	at java.base/sun.security.provider.certpath.PKIXCertPathValidator.validate(PKIXCertPathValidator.java:144)
	at java.base/sun.security.provider.certpath.PKIXCertPathValidator.engineValidate(PKIXCertPathValidator.java:83)
	at java.base/java.security.cert.CertPathValidator.validate(CertPathValidator.java:309)
	at java.base/sun.security.validator.PKIXValidator.doValidate(PKIXValidator.java:313)
	... 36 more
Caused by: java.security.cert.CertificateExpiredException: NotAfter: Tue Jan 02 01:00:00 CET 2024
	at java.base/sun.security.x509.CertificateValidity.valid(CertificateValidity.java:182)
	at java.base/sun.security.x509.X509CertImpl.checkValidity(X509CertImpl.java:534)
	at java.base/sun.security.provider.certpath.BasicChecker.verifyValidity(BasicChecker.java:190)
	at java.base/sun.security.provider.certpath.BasicChecker.check(BasicChecker.java:144)
	at java.base/sun.security.provider.certpath.PKIXMasterCertPathValidator.validate(PKIXMasterCertPathValidator.java:125)
	... 41 more
[2026-08-08T16:30:47,573][INFO ][org.logstash.beats.BeatsHandler][beats-tls][cea61c76cb89e8de1c33fda45ab2b43ef03d0a587a2da8dd49b947033416f5e3] [local: 192.168.1.56:5044, remote: 192.168.1.55:43014] Handling exception: io.netty.handler.codec.DecoderException: javax.net.ssl.SSLHandshakeException: (certificate_unknown) PKIX path validation failed: java.security.cert.CertPathValidatorException: validity check failed (caused by: java.security.cert.CertificateExpiredException: NotAfter: Tue Jan 02 01:00:00 CET 2024)
[2026-08-08T16:30:47,574][WARN ][io.netty.channel.DefaultChannelPipeline][beats-tls][cea61c76cb89e8de1c33fda45ab2b43ef03d0a587a2da8dd49b947033416f5e3] An exceptionCaught() event was fired, and it reached at the tail of the pipeline. It usually means the last handler in the pipeline did not handle the exception.
io.netty.handler.codec.DecoderException: javax.net.ssl.SSLHandshakeException: (certificate_unknown) PKIX path validation failed: java.security.cert.CertPathValidatorException: validity check failed
	at io.netty.handler.codec.ByteToMessageDecoder.callDecode(ByteToMessageDecoder.java:515)
	at io.netty.handler.codec.ByteToMessageDecoder.channelRead(ByteToMessageDecoder.java:296)
	at io.netty.channel.AbstractChannelHandlerContext.invokeChannelRead(AbstractChannelHandlerContext.java:444)
	at io.netty.channel.AbstractChannelHandlerContext.invokeChannelRead(AbstractChannelHandlerContext.java:420)
	at io.netty.channel.AbstractChannelHandlerContext.fireChannelRead(AbstractChannelHandlerContext.java:412)
	at io.netty.channel.DefaultChannelPipeline$HeadContext.channelRead(DefaultChannelPipeline.java:1357)
	at io.netty.channel.AbstractChannelHandlerContext.invokeChannelRead(AbstractChannelHandlerContext.java:440)
	at io.netty.channel.AbstractChannelHandlerContext.invokeChannelRead(AbstractChannelHandlerContext.java:420)
	at io.netty.channel.DefaultChannelPipeline.fireChannelRead(DefaultChannelPipeline.java:868)
	at io.netty.channel.nio.AbstractNioByteChannel$NioByteUnsafe.read(AbstractNioByteChannel.java:171)
	at io.netty.channel.nio.NioEventLoop.processSelectedKey(NioEventLoop.java:796)
	at io.netty.channel.nio.NioEventLoop.processSelectedKeysOptimized(NioEventLoop.java:732)
	at io.netty.channel.nio.NioEventLoop.processSelectedKeys(NioEventLoop.java:658)
	at io.netty.channel.nio.NioEventLoop.run(NioEventLoop.java:562)
	at io.netty.util.concurrent.SingleThreadEventExecutor$4.run(SingleThreadEventExecutor.java:998)
	at io.netty.util.internal.ThreadExecutorMap$2.run(ThreadExecutorMap.java:74)
	at java.base/java.lang.Thread.run(Thread.java:1583)
Caused by: javax.net.ssl.SSLHandshakeException: (certificate_unknown) PKIX path validation failed: java.security.cert.CertPathValidatorException: validity check failed
	at java.base/sun.security.ssl.Alert.createSSLException(Alert.java:130)
	at java.base/sun.security.ssl.TransportContext.fatal(TransportContext.java:383)
	at java.base/sun.security.ssl.TransportContext.fatal(TransportContext.java:326)
	at java.base/sun.security.ssl.TransportContext.fatal(TransportContext.java:321)
	at java.base/sun.security.ssl.CertificateMessage$T13CertificateConsumer.checkClientCerts(CertificateMessage.java:1232)
	at java.base/sun.security.ssl.CertificateMessage$T13CertificateConsumer.onConsumeCertificate(CertificateMessage.java:1136)
	at java.base/sun.security.ssl.CertificateMessage$T13CertificateConsumer.consume(CertificateMessage.java:1113)
	at java.base/sun.security.ssl.SSLHandshake.consume(SSLHandshake.java:393)
	at java.base/sun.security.ssl.HandshakeContext.dispatch(HandshakeContext.java:477)
	at java.base/sun.security.ssl.SSLEngineImpl$DelegatedTask$DelegatedAction.run(SSLEngineImpl.java:1274)
	at java.base/sun.security.ssl.SSLEngineImpl$DelegatedTask$DelegatedAction.run(SSLEngineImpl.java:1261)
	at java.base/java.security.AccessController.doPrivileged(AccessController.java:714)
	at java.base/sun.security.ssl.SSLEngineImpl$DelegatedTask.run(SSLEngineImpl.java:1206)
	at io.netty.handler.ssl.SslHandler.runDelegatedTasks(SslHandler.java:1695)
	at io.netty.handler.ssl.SslHandler.unwrap(SslHandler.java:1541)
	at io.netty.handler.ssl.SslHandler.decodeJdkCompatible(SslHandler.java:1377)
	at io.netty.handler.ssl.SslHandler.decode(SslHandler.java:1428)
	at io.netty.handler.codec.ByteToMessageDecoder.decodeRemovalReentryProtection(ByteToMessageDecoder.java:545)
	at io.netty.handler.codec.ByteToMessageDecoder.callDecode(ByteToMessageDecoder.java:484)
	... 16 more
Caused by: sun.security.validator.ValidatorException: PKIX path validation failed: java.security.cert.CertPathValidatorException: validity check failed
	at java.base/sun.security.validator.PKIXValidator.doValidate(PKIXValidator.java:318)
	at java.base/sun.security.validator.PKIXValidator.engineValidate(PKIXValidator.java:267)
	at java.base/sun.security.validator.Validator.validate(Validator.java:256)
	at java.base/sun.security.ssl.X509TrustManagerImpl.checkTrusted(X509TrustManagerImpl.java:284)
	at java.base/sun.security.ssl.X509TrustManagerImpl.checkClientTrusted(X509TrustManagerImpl.java:138)
	at io.netty.handler.ssl.EnhancingX509ExtendedTrustManager.checkClientTrusted(EnhancingX509ExtendedTrustManager.java:77)
	at java.base/sun.security.ssl.CertificateMessage$T13CertificateConsumer.checkClientCerts(CertificateMessage.java:1210)
	... 30 more
Caused by: java.security.cert.CertPathValidatorException: validity check failed
	at java.base/sun.security.provider.certpath.PKIXMasterCertPathValidator.validate(PKIXMasterCertPathValidator.java:135)
	at java.base/sun.security.provider.certpath.PKIXCertPathValidator.validate(PKIXCertPathValidator.java:224)
	at java.base/sun.security.provider.certpath.PKIXCertPathValidator.validate(PKIXCertPathValidator.java:144)
	at java.base/sun.security.provider.certpath.PKIXCertPathValidator.engineValidate(PKIXCertPathValidator.java:83)
	at java.base/java.security.cert.CertPathValidator.validate(CertPathValidator.java:309)
	at java.base/sun.security.validator.PKIXValidator.doValidate(PKIXValidator.java:313)
	... 36 more
Caused by: java.security.cert.CertificateExpiredException: NotAfter: Tue Jan 02 01:00:00 CET 2024
	at java.base/sun.security.x509.CertificateValidity.valid(CertificateValidity.java:182)
	at java.base/sun.security.x509.X509CertImpl.checkValidity(X509CertImpl.java:534)
	at java.base/sun.security.provider.certpath.BasicChecker.verifyValidity(BasicChecker.java:190)
	at java.base/sun.security.provider.certpath.BasicChecker.check(BasicChecker.java:144)
	at java.base/sun.security.provider.certpath.PKIXMasterCertPathValidator.validate(PKIXMasterCertPathValidator.java:125)
	... 41 more
[2026-08-08T16:30:49,115][INFO ][org.logstash.beats.BeatsHandler][beats-tls][cea61c76cb89e8de1c33fda45ab2b43ef03d0a587a2da8dd49b947033416f5e3] [local: 192.168.1.56:5044, remote: 192.168.1.55:37506] Handling exception: io.netty.handler.codec.DecoderException: javax.net.ssl.SSLHandshakeException: (certificate_unknown) PKIX path validation failed: java.security.cert.CertPathValidatorException: validity check failed (caused by: java.security.cert.CertificateExpiredException: NotAfter: Tue Jan 02 01:00:00 CET 2024)
[2026-08-08T16:30:49,117][WARN ][io.netty.channel.DefaultChannelPipeline][beats-tls][cea61c76cb89e8de1c33fda45ab2b43ef03d0a587a2da8dd49b947033416f5e3] An exceptionCaught() event was fired, and it reached at the tail of the pipeline. It usually means the last handler in the pipeline did not handle the exception.
io.netty.handler.codec.DecoderException: javax.net.ssl.SSLHandshakeException: (certificate_unknown) PKIX path validation failed: java.security.cert.CertPathValidatorException: validity check failed
	at io.netty.handler.codec.ByteToMessageDecoder.callDecode(ByteToMessageDecoder.java:515)
	at io.netty.handler.codec.ByteToMessageDecoder.channelRead(ByteToMessageDecoder.java:296)
	at io.netty.channel.AbstractChannelHandlerContext.invokeChannelRead(AbstractChannelHandlerContext.java:444)
	at io.netty.channel.AbstractChannelHandlerContext.invokeChannelRead(AbstractChannelHandlerContext.java:420)
	at io.netty.channel.AbstractChannelHandlerContext.fireChannelRead(AbstractChannelHandlerContext.java:412)
	at io.netty.channel.DefaultChannelPipeline$HeadContext.channelRead(DefaultChannelPipeline.java:1357)
	at io.netty.channel.AbstractChannelHandlerContext.invokeChannelRead(AbstractChannelHandlerContext.java:440)
	at io.netty.channel.AbstractChannelHandlerContext.invokeChannelRead(AbstractChannelHandlerContext.java:420)
	at io.netty.channel.DefaultChannelPipeline.fireChannelRead(DefaultChannelPipeline.java:868)
	at io.netty.channel.nio.AbstractNioByteChannel$NioByteUnsafe.read(AbstractNioByteChannel.java:171)
	at io.netty.channel.nio.NioEventLoop.processSelectedKey(NioEventLoop.java:796)
	at io.netty.channel.nio.NioEventLoop.processSelectedKeysOptimized(NioEventLoop.java:732)
	at io.netty.channel.nio.NioEventLoop.processSelectedKeys(NioEventLoop.java:658)
	at io.netty.channel.nio.NioEventLoop.run(NioEventLoop.java:562)
	at io.netty.util.concurrent.SingleThreadEventExecutor$4.run(SingleThreadEventExecutor.java:998)
	at io.netty.util.internal.ThreadExecutorMap$2.run(ThreadExecutorMap.java:74)
	at java.base/java.lang.Thread.run(Thread.java:1583)
Caused by: javax.net.ssl.SSLHandshakeException: (certificate_unknown) PKIX path validation failed: java.security.cert.CertPathValidatorException: validity check failed
	at java.base/sun.security.ssl.Alert.createSSLException(Alert.java:130)
	at java.base/sun.security.ssl.TransportContext.fatal(TransportContext.java:383)
	at java.base/sun.security.ssl.TransportContext.fatal(TransportContext.java:326)
	at java.base/sun.security.ssl.TransportContext.fatal(TransportContext.java:321)
	at java.base/sun.security.ssl.CertificateMessage$T13CertificateConsumer.checkClientCerts(CertificateMessage.java:1232)
	at java.base/sun.security.ssl.CertificateMessage$T13CertificateConsumer.onConsumeCertificate(CertificateMessage.java:1136)
	at java.base/sun.security.ssl.CertificateMessage$T13CertificateConsumer.consume(CertificateMessage.java:1113)
	at java.base/sun.security.ssl.SSLHandshake.consume(SSLHandshake.java:393)
	at java.base/sun.security.ssl.HandshakeContext.dispatch(HandshakeContext.java:477)
	at java.base/sun.security.ssl.SSLEngineImpl$DelegatedTask$DelegatedAction.run(SSLEngineImpl.java:1274)
	at java.base/sun.security.ssl.SSLEngineImpl$DelegatedTask$DelegatedAction.run(SSLEngineImpl.java:1261)
	at java.base/java.security.AccessController.doPrivileged(AccessController.java:714)
	at java.base/sun.security.ssl.SSLEngineImpl$DelegatedTask.run(SSLEngineImpl.java:1206)
	at io.netty.handler.ssl.SslHandler.runDelegatedTasks(SslHandler.java:1695)
	at io.netty.handler.ssl.SslHandler.unwrap(SslHandler.java:1541)
	at io.netty.handler.ssl.SslHandler.decodeJdkCompatible(SslHandler.java:1377)
	at io.netty.handler.ssl.SslHandler.decode(SslHandler.java:1428)
	at io.netty.handler.codec.ByteToMessageDecoder.decodeRemovalReentryProtection(ByteToMessageDecoder.java:545)
	at io.netty.handler.codec.ByteToMessageDecoder.callDecode(ByteToMessageDecoder.java:484)
	... 16 more
Caused by: sun.security.validator.ValidatorException: PKIX path validation failed: java.security.cert.CertPathValidatorException: validity check failed
	at java.base/sun.security.validator.PKIXValidator.doValidate(PKIXValidator.java:318)
	at java.base/sun.security.validator.PKIXValidator.engineValidate(PKIXValidator.java:267)
	at java.base/sun.security.validator.Validator.validate(Validator.java:256)
	at java.base/sun.security.ssl.X509TrustManagerImpl.checkTrusted(X509TrustManagerImpl.java:284)
	at java.base/sun.security.ssl.X509TrustManagerImpl.checkClientTrusted(X509TrustManagerImpl.java:138)
	at io.netty.handler.ssl.EnhancingX509ExtendedTrustManager.checkClientTrusted(EnhancingX509ExtendedTrustManager.java:77)
	at java.base/sun.security.ssl.CertificateMessage$T13CertificateConsumer.checkClientCerts(CertificateMessage.java:1210)
	... 30 more
Caused by: java.security.cert.CertPathValidatorException: validity check failed
	at java.base/sun.security.provider.certpath.PKIXMasterCertPathValidator.validate(PKIXMasterCertPathValidator.java:135)
	at java.base/sun.security.provider.certpath.PKIXCertPathValidator.validate(PKIXCertPathValidator.java:224)
	at java.base/sun.security.provider.certpath.PKIXCertPathValidator.validate(PKIXCertPathValidator.java:144)
	at java.base/sun.security.provider.certpath.PKIXCertPathValidator.engineValidate(PKIXCertPathValidator.java:83)
	at java.base/java.security.cert.CertPathValidator.validate(CertPathValidator.java:309)
	at java.base/sun.security.validator.PKIXValidator.doValidate(PKIXValidator.java:313)
	... 36 more
Caused by: java.security.cert.CertificateExpiredException: NotAfter: Tue Jan 02 01:00:00 CET 2024
	at java.base/sun.security.x509.CertificateValidity.valid(CertificateValidity.java:182)
	at java.base/sun.security.x509.X509CertImpl.checkValidity(X509CertImpl.java:534)
	at java.base/sun.security.provider.certpath.BasicChecker.verifyValidity(BasicChecker.java:190)
	at java.base/sun.security.provider.certpath.BasicChecker.check(BasicChecker.java:144)
	at java.base/sun.security.provider.certpath.PKIXMasterCertPathValidator.validate(PKIXMasterCertPathValidator.java:125)
	... 41 more
[2026-08-08T16:30:51,093][INFO ][org.logstash.beats.BeatsHandler][beats-tls][cea61c76cb89e8de1c33fda45ab2b43ef03d0a587a2da8dd49b947033416f5e3] [local: 192.168.1.56:5044, remote: 192.168.1.55:37520] Handling exception: io.netty.handler.codec.DecoderException: javax.net.ssl.SSLHandshakeException: (certificate_unknown) PKIX path validation failed: java.security.cert.CertPathValidatorException: validity check failed (caused by: java.security.cert.CertificateExpiredException: NotAfter: Tue Jan 02 01:00:00 CET 2024)
[2026-08-08T16:30:51,095][WARN ][io.netty.channel.DefaultChannelPipeline][beats-tls][cea61c76cb89e8de1c33fda45ab2b43ef03d0a587a2da8dd49b947033416f5e3] An exceptionCaught() event was fired, and it reached at the tail of the pipeline. It usually means the last handler in the pipeline did not handle the exception.
io.netty.handler.codec.DecoderException: javax.net.ssl.SSLHandshakeException: (certificate_unknown) PKIX path validation failed: java.security.cert.CertPathValidatorException: validity check failed
	at io.netty.handler.codec.ByteToMessageDecoder.callDecode(ByteToMessageDecoder.java:515)
	at io.netty.handler.codec.ByteToMessageDecoder.channelRead(ByteToMessageDecoder.java:296)
	at io.netty.channel.AbstractChannelHandlerContext.invokeChannelRead(AbstractChannelHandlerContext.java:444)
	at io.netty.channel.AbstractChannelHandlerContext.invokeChannelRead(AbstractChannelHandlerContext.java:420)
	at io.netty.channel.AbstractChannelHandlerContext.fireChannelRead(AbstractChannelHandlerContext.java:412)
	at io.netty.channel.DefaultChannelPipeline$HeadContext.channelRead(DefaultChannelPipeline.java:1357)
	at io.netty.channel.AbstractChannelHandlerContext.invokeChannelRead(AbstractChannelHandlerContext.java:440)
	at io.netty.channel.AbstractChannelHandlerContext.invokeChannelRead(AbstractChannelHandlerContext.java:420)
	at io.netty.channel.DefaultChannelPipeline.fireChannelRead(DefaultChannelPipeline.java:868)
	at io.netty.channel.nio.AbstractNioByteChannel$NioByteUnsafe.read(AbstractNioByteChannel.java:171)
	at io.netty.channel.nio.NioEventLoop.processSelectedKey(NioEventLoop.java:796)
	at io.netty.channel.nio.NioEventLoop.processSelectedKeysOptimized(NioEventLoop.java:732)
	at io.netty.channel.nio.NioEventLoop.processSelectedKeys(NioEventLoop.java:658)
	at io.netty.channel.nio.NioEventLoop.run(NioEventLoop.java:562)
	at io.netty.util.concurrent.SingleThreadEventExecutor$4.run(SingleThreadEventExecutor.java:998)
	at io.netty.util.internal.ThreadExecutorMap$2.run(ThreadExecutorMap.java:74)
	at java.base/java.lang.Thread.run(Thread.java:1583)
Caused by: javax.net.ssl.SSLHandshakeException: (certificate_unknown) PKIX path validation failed: java.security.cert.CertPathValidatorException: validity check failed
	at java.base/sun.security.ssl.Alert.createSSLException(Alert.java:130)
	at java.base/sun.security.ssl.TransportContext.fatal(TransportContext.java:383)
	at java.base/sun.security.ssl.TransportContext.fatal(TransportContext.java:326)
	at java.base/sun.security.ssl.TransportContext.fatal(TransportContext.java:321)
	at java.base/sun.security.ssl.CertificateMessage$T13CertificateConsumer.checkClientCerts(CertificateMessage.java:1232)
	at java.base/sun.security.ssl.CertificateMessage$T13CertificateConsumer.onConsumeCertificate(CertificateMessage.java:1136)
	at java.base/sun.security.ssl.CertificateMessage$T13CertificateConsumer.consume(CertificateMessage.java:1113)
	at java.base/sun.security.ssl.SSLHandshake.consume(SSLHandshake.java:393)
	at java.base/sun.security.ssl.HandshakeContext.dispatch(HandshakeContext.java:477)
	at java.base/sun.security.ssl.SSLEngineImpl$DelegatedTask$DelegatedAction.run(SSLEngineImpl.java:1274)
	at java.base/sun.security.ssl.SSLEngineImpl$DelegatedTask$DelegatedAction.run(SSLEngineImpl.java:1261)
	at java.base/java.security.AccessController.doPrivileged(AccessController.java:714)
	at java.base/sun.security.ssl.SSLEngineImpl$DelegatedTask.run(SSLEngineImpl.java:1206)
	at io.netty.handler.ssl.SslHandler.runDelegatedTasks(SslHandler.java:1695)
	at io.netty.handler.ssl.SslHandler.unwrap(SslHandler.java:1541)
	at io.netty.handler.ssl.SslHandler.decodeJdkCompatible(SslHandler.java:1377)
	at io.netty.handler.ssl.SslHandler.decode(SslHandler.java:1428)
	at io.netty.handler.codec.ByteToMessageDecoder.decodeRemovalReentryProtection(ByteToMessageDecoder.java:545)
	at io.netty.handler.codec.ByteToMessageDecoder.callDecode(ByteToMessageDecoder.java:484)
	... 16 more
Caused by: sun.security.validator.ValidatorException: PKIX path validation failed: java.security.cert.CertPathValidatorException: validity check failed
	at java.base/sun.security.validator.PKIXValidator.doValidate(PKIXValidator.java:318)
	at java.base/sun.security.validator.PKIXValidator.engineValidate(PKIXValidator.java:267)
	at java.base/sun.security.validator.Validator.validate(Validator.java:256)
	at java.base/sun.security.ssl.X509TrustManagerImpl.checkTrusted(X509TrustManagerImpl.java:284)
	at java.base/sun.security.ssl.X509TrustManagerImpl.checkClientTrusted(X509TrustManagerImpl.java:138)
	at io.netty.handler.ssl.EnhancingX509ExtendedTrustManager.checkClientTrusted(EnhancingX509ExtendedTrustManager.java:77)
	at java.base/sun.security.ssl.CertificateMessage$T13CertificateConsumer.checkClientCerts(CertificateMessage.java:1210)
	... 30 more
Caused by: java.security.cert.CertPathValidatorException: validity check failed
	at java.base/sun.security.provider.certpath.PKIXMasterCertPathValidator.validate(PKIXMasterCertPathValidator.java:135)
	at java.base/sun.security.provider.certpath.PKIXCertPathValidator.validate(PKIXCertPathValidator.java:224)
	at java.base/sun.security.provider.certpath.PKIXCertPathValidator.validate(PKIXCertPathValidator.java:144)
	at java.base/sun.security.provider.certpath.PKIXCertPathValidator.engineValidate(PKIXCertPathValidator.java:83)
	at java.base/java.security.cert.CertPathValidator.validate(CertPathValidator.java:309)
	at java.base/sun.security.validator.PKIXValidator.doValidate(PKIXValidator.java:313)
	... 36 more
Caused by: java.security.cert.CertificateExpiredException: NotAfter: Tue Jan 02 01:00:00 CET 2024
	at java.base/sun.security.x509.CertificateValidity.valid(CertificateValidity.java:182)
	at java.base/sun.security.x509.X509CertImpl.checkValidity(X509CertImpl.java:534)
	at java.base/sun.security.provider.certpath.BasicChecker.verifyValidity(BasicChecker.java:190)
	at java.base/sun.security.provider.certpath.BasicChecker.check(BasicChecker.java:144)
	at java.base/sun.security.provider.certpath.PKIXMasterCertPathValidator.validate(PKIXMasterCertPathValidator.java:125)
	... 41 more
[2026-08-08T16:30:52,635][INFO ][org.logstash.beats.BeatsHandler][beats-tls][cea61c76cb89e8de1c33fda45ab2b43ef03d0a587a2da8dd49b947033416f5e3] [local: 192.168.1.56:5044, remote: 192.168.1.55:37522] Handling exception: io.netty.handler.codec.DecoderException: javax.net.ssl.SSLHandshakeException: (certificate_unknown) PKIX path validation failed: java.security.cert.CertPathValidatorException: validity check failed (caused by: java.security.cert.CertificateExpiredException: NotAfter: Tue Jan 02 01:00:00 CET 2024)
[2026-08-08T16:30:52,637][WARN ][io.netty.channel.DefaultChannelPipeline][beats-tls][cea61c76cb89e8de1c33fda45ab2b43ef03d0a587a2da8dd49b947033416f5e3] An exceptionCaught() event was fired, and it reached at the tail of the pipeline. It usually means the last handler in the pipeline did not handle the exception.
io.netty.handler.codec.DecoderException: javax.net.ssl.SSLHandshakeException: (certificate_unknown) PKIX path validation failed: java.security.cert.CertPathValidatorException: validity check failed
	at io.netty.handler.codec.ByteToMessageDecoder.callDecode(ByteToMessageDecoder.java:515)
	at io.netty.handler.codec.ByteToMessageDecoder.channelRead(ByteToMessageDecoder.java:296)
	at io.netty.channel.AbstractChannelHandlerContext.invokeChannelRead(AbstractChannelHandlerContext.java:444)
	at io.netty.channel.AbstractChannelHandlerContext.invokeChannelRead(AbstractChannelHandlerContext.java:420)
	at io.netty.channel.AbstractChannelHandlerContext.fireChannelRead(AbstractChannelHandlerContext.java:412)
	at io.netty.channel.DefaultChannelPipeline$HeadContext.channelRead(DefaultChannelPipeline.java:1357)
	at io.netty.channel.AbstractChannelHandlerContext.invokeChannelRead(AbstractChannelHandlerContext.java:440)
	at io.netty.channel.AbstractChannelHandlerContext.invokeChannelRead(AbstractChannelHandlerContext.java:420)
	at io.netty.channel.DefaultChannelPipeline.fireChannelRead(DefaultChannelPipeline.java:868)
	at io.netty.channel.nio.AbstractNioByteChannel$NioByteUnsafe.read(AbstractNioByteChannel.java:171)
	at io.netty.channel.nio.NioEventLoop.processSelectedKey(NioEventLoop.java:796)
	at io.netty.channel.nio.NioEventLoop.processSelectedKeysOptimized(NioEventLoop.java:732)
	at io.netty.channel.nio.NioEventLoop.processSelectedKeys(NioEventLoop.java:658)
	at io.netty.channel.nio.NioEventLoop.run(NioEventLoop.java:562)
	at io.netty.util.concurrent.SingleThreadEventExecutor$4.run(SingleThreadEventExecutor.java:998)
	at io.netty.util.internal.ThreadExecutorMap$2.run(ThreadExecutorMap.java:74)
	at java.base/java.lang.Thread.run(Thread.java:1583)
Caused by: javax.net.ssl.SSLHandshakeException: (certificate_unknown) PKIX path validation failed: java.security.cert.CertPathValidatorException: validity check failed
	at java.base/sun.security.ssl.Alert.createSSLException(Alert.java:130)
	at java.base/sun.security.ssl.TransportContext.fatal(TransportContext.java:383)
	at java.base/sun.security.ssl.TransportContext.fatal(TransportContext.java:326)
	at java.base/sun.security.ssl.TransportContext.fatal(TransportContext.java:321)
	at java.base/sun.security.ssl.CertificateMessage$T13CertificateConsumer.checkClientCerts(CertificateMessage.java:1232)
	at java.base/sun.security.ssl.CertificateMessage$T13CertificateConsumer.onConsumeCertificate(CertificateMessage.java:1136)
	at java.base/sun.security.ssl.CertificateMessage$T13CertificateConsumer.consume(CertificateMessage.java:1113)
	at java.base/sun.security.ssl.SSLHandshake.consume(SSLHandshake.java:393)
	at java.base/sun.security.ssl.HandshakeContext.dispatch(HandshakeContext.java:477)
	at java.base/sun.security.ssl.SSLEngineImpl$DelegatedTask$DelegatedAction.run(SSLEngineImpl.java:1274)
	at java.base/sun.security.ssl.SSLEngineImpl$DelegatedTask$DelegatedAction.run(SSLEngineImpl.java:1261)
	at java.base/java.security.AccessController.doPrivileged(AccessController.java:714)
	at java.base/sun.security.ssl.SSLEngineImpl$DelegatedTask.run(SSLEngineImpl.java:1206)
	at io.netty.handler.ssl.SslHandler.runDelegatedTasks(SslHandler.java:1695)
	at io.netty.handler.ssl.SslHandler.unwrap(SslHandler.java:1541)
	at io.netty.handler.ssl.SslHandler.decodeJdkCompatible(SslHandler.java:1377)
	at io.netty.handler.ssl.SslHandler.decode(SslHandler.java:1428)
	at io.netty.handler.codec.ByteToMessageDecoder.decodeRemovalReentryProtection(ByteToMessageDecoder.java:545)
	at io.netty.handler.codec.ByteToMessageDecoder.callDecode(ByteToMessageDecoder.java:484)
	... 16 more
Caused by: sun.security.validator.ValidatorException: PKIX path validation failed: java.security.cert.CertPathValidatorException: validity check failed
	at java.base/sun.security.validator.PKIXValidator.doValidate(PKIXValidator.java:318)
	at java.base/sun.security.validator.PKIXValidator.engineValidate(PKIXValidator.java:267)
	at java.base/sun.security.validator.Validator.validate(Validator.java:256)
	at java.base/sun.security.ssl.X509TrustManagerImpl.checkTrusted(X509TrustManagerImpl.java:284)
	at java.base/sun.security.ssl.X509TrustManagerImpl.checkClientTrusted(X509TrustManagerImpl.java:138)
	at io.netty.handler.ssl.EnhancingX509ExtendedTrustManager.checkClientTrusted(EnhancingX509ExtendedTrustManager.java:77)
	at java.base/sun.security.ssl.CertificateMessage$T13CertificateConsumer.checkClientCerts(CertificateMessage.java:1210)
	... 30 more
Caused by: java.security.cert.CertPathValidatorException: validity check failed
	at java.base/sun.security.provider.certpath.PKIXMasterCertPathValidator.validate(PKIXMasterCertPathValidator.java:135)
	at java.base/sun.security.provider.certpath.PKIXCertPathValidator.validate(PKIXCertPathValidator.java:224)
	at java.base/sun.security.provider.certpath.PKIXCertPathValidator.validate(PKIXCertPathValidator.java:144)
	at java.base/sun.security.provider.certpath.PKIXCertPathValidator.engineValidate(PKIXCertPathValidator.java:83)
	at java.base/java.security.cert.CertPathValidator.validate(CertPathValidator.java:309)
	at java.base/sun.security.validator.PKIXValidator.doValidate(PKIXValidator.java:313)
	... 36 more
Caused by: java.security.cert.CertificateExpiredException: NotAfter: Tue Jan 02 01:00:00 CET 2024
	at java.base/sun.security.x509.CertificateValidity.valid(CertificateValidity.java:182)
	at java.base/sun.security.x509.X509CertImpl.checkValidity(X509CertImpl.java:534)
	at java.base/sun.security.provider.certpath.BasicChecker.verifyValidity(BasicChecker.java:190)
	at java.base/sun.security.provider.certpath.BasicChecker.check(BasicChecker.java:144)
	at java.base/sun.security.provider.certpath.PKIXMasterCertPathValidator.validate(PKIXMasterCertPathValidator.java:125)
	... 41 more
[2026-08-08T16:30:54,078][INFO ][org.logstash.beats.BeatsHandler][beats-tls][cea61c76cb89e8de1c33fda45ab2b43ef03d0a587a2da8dd49b947033416f5e3] [local: 192.168.1.56:5044, remote: 192.168.1.55:37530] Handling exception: io.netty.handler.codec.DecoderException: javax.net.ssl.SSLHandshakeException: (certificate_unknown) PKIX path validation failed: java.security.cert.CertPathValidatorException: validity check failed (caused by: java.security.cert.CertificateExpiredException: NotAfter: Tue Jan 02 01:00:00 CET 2024)
[2026-08-08T16:30:54,078][WARN ][io.netty.channel.DefaultChannelPipeline][beats-tls][cea61c76cb89e8de1c33fda45ab2b43ef03d0a587a2da8dd49b947033416f5e3] An exceptionCaught() event was fired, and it reached at the tail of the pipeline. It usually means the last handler in the pipeline did not handle the exception.
io.netty.handler.codec.DecoderException: javax.net.ssl.SSLHandshakeException: (certificate_unknown) PKIX path validation failed: java.security.cert.CertPathValidatorException: validity check failed
	at io.netty.handler.codec.ByteToMessageDecoder.callDecode(ByteToMessageDecoder.java:515)
	at io.netty.handler.codec.ByteToMessageDecoder.channelRead(ByteToMessageDecoder.java:296)
	at io.netty.channel.AbstractChannelHandlerContext.invokeChannelRead(AbstractChannelHandlerContext.java:444)
	at io.netty.channel.AbstractChannelHandlerContext.invokeChannelRead(AbstractChannelHandlerContext.java:420)
	at io.netty.channel.AbstractChannelHandlerContext.fireChannelRead(AbstractChannelHandlerContext.java:412)
	at io.netty.channel.DefaultChannelPipeline$HeadContext.channelRead(DefaultChannelPipeline.java:1357)
	at io.netty.channel.AbstractChannelHandlerContext.invokeChannelRead(AbstractChannelHandlerContext.java:440)
	at io.netty.channel.AbstractChannelHandlerContext.invokeChannelRead(AbstractChannelHandlerContext.java:420)
	at io.netty.channel.DefaultChannelPipeline.fireChannelRead(DefaultChannelPipeline.java:868)
	at io.netty.channel.nio.AbstractNioByteChannel$NioByteUnsafe.read(AbstractNioByteChannel.java:171)
	at io.netty.channel.nio.NioEventLoop.processSelectedKey(NioEventLoop.java:796)
	at io.netty.channel.nio.NioEventLoop.processSelectedKeysOptimized(NioEventLoop.java:732)
	at io.netty.channel.nio.NioEventLoop.processSelectedKeys(NioEventLoop.java:658)
	at io.netty.channel.nio.NioEventLoop.run(NioEventLoop.java:562)
	at io.netty.util.concurrent.SingleThreadEventExecutor$4.run(SingleThreadEventExecutor.java:998)
	at io.netty.util.internal.ThreadExecutorMap$2.run(ThreadExecutorMap.java:74)
	at java.base/java.lang.Thread.run(Thread.java:1583)
Caused by: javax.net.ssl.SSLHandshakeException: (certificate_unknown) PKIX path validation failed: java.security.cert.CertPathValidatorException: validity check failed
	at java.base/sun.security.ssl.Alert.createSSLException(Alert.java:130)
	at java.base/sun.security.ssl.TransportContext.fatal(TransportContext.java:383)
	at java.base/sun.security.ssl.TransportContext.fatal(TransportContext.java:326)
	at java.base/sun.security.ssl.TransportContext.fatal(TransportContext.java:321)
	at java.base/sun.security.ssl.CertificateMessage$T13CertificateConsumer.checkClientCerts(CertificateMessage.java:1232)
	at java.base/sun.security.ssl.CertificateMessage$T13CertificateConsumer.onConsumeCertificate(CertificateMessage.java:1136)
	at java.base/sun.security.ssl.CertificateMessage$T13CertificateConsumer.consume(CertificateMessage.java:1113)
	at java.base/sun.security.ssl.SSLHandshake.consume(SSLHandshake.java:393)
	at java.base/sun.security.ssl.HandshakeContext.dispatch(HandshakeContext.java:477)
	at java.base/sun.security.ssl.SSLEngineImpl$DelegatedTask$DelegatedAction.run(SSLEngineImpl.java:1274)
	at java.base/sun.security.ssl.SSLEngineImpl$DelegatedTask$DelegatedAction.run(SSLEngineImpl.java:1261)
	at java.base/java.security.AccessController.doPrivileged(AccessController.java:714)
	at java.base/sun.security.ssl.SSLEngineImpl$DelegatedTask.run(SSLEngineImpl.java:1206)
	at io.netty.handler.ssl.SslHandler.runDelegatedTasks(SslHandler.java:1695)
	at io.netty.handler.ssl.SslHandler.unwrap(SslHandler.java:1541)
	at io.netty.handler.ssl.SslHandler.decodeJdkCompatible(SslHandler.java:1377)
	at io.netty.handler.ssl.SslHandler.decode(SslHandler.java:1428)
	at io.netty.handler.codec.ByteToMessageDecoder.decodeRemovalReentryProtection(ByteToMessageDecoder.java:545)
	at io.netty.handler.codec.ByteToMessageDecoder.callDecode(ByteToMessageDecoder.java:484)
	... 16 more
Caused by: sun.security.validator.ValidatorException: PKIX path validation failed: java.security.cert.CertPathValidatorException: validity check failed
	at java.base/sun.security.validator.PKIXValidator.doValidate(PKIXValidator.java:318)
	at java.base/sun.security.validator.PKIXValidator.engineValidate(PKIXValidator.java:267)
	at java.base/sun.security.validator.Validator.validate(Validator.java:256)
	at java.base/sun.security.ssl.X509TrustManagerImpl.checkTrusted(X509TrustManagerImpl.java:284)
	at java.base/sun.security.ssl.X509TrustManagerImpl.checkClientTrusted(X509TrustManagerImpl.java:138)
	at io.netty.handler.ssl.EnhancingX509ExtendedTrustManager.checkClientTrusted(EnhancingX509ExtendedTrustManager.java:77)
	at java.base/sun.security.ssl.CertificateMessage$T13CertificateConsumer.checkClientCerts(CertificateMessage.java:1210)
	... 30 more
Caused by: java.security.cert.CertPathValidatorException: validity check failed
	at java.base/sun.security.provider.certpath.PKIXMasterCertPathValidator.validate(PKIXMasterCertPathValidator.java:135)
	at java.base/sun.security.provider.certpath.PKIXCertPathValidator.validate(PKIXCertPathValidator.java:224)
	at java.base/sun.security.provider.certpath.PKIXCertPathValidator.validate(PKIXCertPathValidator.java:144)
	at java.base/sun.security.provider.certpath.PKIXCertPathValidator.engineValidate(PKIXCertPathValidator.java:83)
	at java.base/java.security.cert.CertPathValidator.validate(CertPathValidator.java:309)
	at java.base/sun.security.validator.PKIXValidator.doValidate(PKIXValidator.java:313)
	... 36 more
Caused by: java.security.cert.CertificateExpiredException: NotAfter: Tue Jan 02 01:00:00 CET 2024
	at java.base/sun.security.x509.CertificateValidity.valid(CertificateValidity.java:182)
	at java.base/sun.security.x509.X509CertImpl.checkValidity(X509CertImpl.java:534)
	at java.base/sun.security.provider.certpath.BasicChecker.verifyValidity(BasicChecker.java:190)
	at java.base/sun.security.provider.certpath.BasicChecker.check(BasicChecker.java:144)
	at java.base/sun.security.provider.certpath.PKIXMasterCertPathValidator.validate(PKIXMasterCertPathValidator.java:125)
	... 41 more
[2026-08-08T16:30:56,478][INFO ][org.logstash.beats.BeatsHandler][beats-tls][cea61c76cb89e8de1c33fda45ab2b43ef03d0a587a2da8dd49b947033416f5e3] [local: 192.168.1.56:5044, remote: 192.168.1.55:37536] Handling exception: io.netty.handler.codec.DecoderException: javax.net.ssl.SSLHandshakeException: (certificate_unknown) PKIX path validation failed: java.security.cert.CertPathValidatorException: validity check failed (caused by: java.security.cert.CertificateExpiredException: NotAfter: Tue Jan 02 01:00:00 CET 2024)
[2026-08-08T16:30:56,481][WARN ][io.netty.channel.DefaultChannelPipeline][beats-tls][cea61c76cb89e8de1c33fda45ab2b43ef03d0a587a2da8dd49b947033416f5e3] An exceptionCaught() event was fired, and it reached at the tail of the pipeline. It usually means the last handler in the pipeline did not handle the exception.
io.netty.handler.codec.DecoderException: javax.net.ssl.SSLHandshakeException: (certificate_unknown) PKIX path validation failed: java.security.cert.CertPathValidatorException: validity check failed
	at io.netty.handler.codec.ByteToMessageDecoder.callDecode(ByteToMessageDecoder.java:515)
	at io.netty.handler.codec.ByteToMessageDecoder.channelRead(ByteToMessageDecoder.java:296)
	at io.netty.channel.AbstractChannelHandlerContext.invokeChannelRead(AbstractChannelHandlerContext.java:444)
	at io.netty.channel.AbstractChannelHandlerContext.invokeChannelRead(AbstractChannelHandlerContext.java:420)
	at io.netty.channel.AbstractChannelHandlerContext.fireChannelRead(AbstractChannelHandlerContext.java:412)
	at io.netty.channel.DefaultChannelPipeline$HeadContext.channelRead(DefaultChannelPipeline.java:1357)
	at io.netty.channel.AbstractChannelHandlerContext.invokeChannelRead(AbstractChannelHandlerContext.java:440)
	at io.netty.channel.AbstractChannelHandlerContext.invokeChannelRead(AbstractChannelHandlerContext.java:420)
	at io.netty.channel.DefaultChannelPipeline.fireChannelRead(DefaultChannelPipeline.java:868)
	at io.netty.channel.nio.AbstractNioByteChannel$NioByteUnsafe.read(AbstractNioByteChannel.java:171)
	at io.netty.channel.nio.NioEventLoop.processSelectedKey(NioEventLoop.java:796)
	at io.netty.channel.nio.NioEventLoop.processSelectedKeysOptimized(NioEventLoop.java:732)
	at io.netty.channel.nio.NioEventLoop.processSelectedKeys(NioEventLoop.java:658)
	at io.netty.channel.nio.NioEventLoop.run(NioEventLoop.java:562)
	at io.netty.util.concurrent.SingleThreadEventExecutor$4.run(SingleThreadEventExecutor.java:998)
	at io.netty.util.internal.ThreadExecutorMap$2.run(ThreadExecutorMap.java:74)
	at java.base/java.lang.Thread.run(Thread.java:1583)
Caused by: javax.net.ssl.SSLHandshakeException: (certificate_unknown) PKIX path validation failed: java.security.cert.CertPathValidatorException: validity check failed
	at java.base/sun.security.ssl.Alert.createSSLException(Alert.java:130)
	at java.base/sun.security.ssl.TransportContext.fatal(TransportContext.java:383)
	at java.base/sun.security.ssl.TransportContext.fatal(TransportContext.java:326)
	at java.base/sun.security.ssl.TransportContext.fatal(TransportContext.java:321)
	at java.base/sun.security.ssl.CertificateMessage$T13CertificateConsumer.checkClientCerts(CertificateMessage.java:1232)
	at java.base/sun.security.ssl.CertificateMessage$T13CertificateConsumer.onConsumeCertificate(CertificateMessage.java:1136)
	at java.base/sun.security.ssl.CertificateMessage$T13CertificateConsumer.consume(CertificateMessage.java:1113)
	at java.base/sun.security.ssl.SSLHandshake.consume(SSLHandshake.java:393)
	at java.base/sun.security.ssl.HandshakeContext.dispatch(HandshakeContext.java:477)
	at java.base/sun.security.ssl.SSLEngineImpl$DelegatedTask$DelegatedAction.run(SSLEngineImpl.java:1274)
	at java.base/sun.security.ssl.SSLEngineImpl$DelegatedTask$DelegatedAction.run(SSLEngineImpl.java:1261)
	at java.base/java.security.AccessController.doPrivileged(AccessController.java:714)
	at java.base/sun.security.ssl.SSLEngineImpl$DelegatedTask.run(SSLEngineImpl.java:1206)
	at io.netty.handler.ssl.SslHandler.runDelegatedTasks(SslHandler.java:1695)
	at io.netty.handler.ssl.SslHandler.unwrap(SslHandler.java:1541)
	at io.netty.handler.ssl.SslHandler.decodeJdkCompatible(SslHandler.java:1377)
	at io.netty.handler.ssl.SslHandler.decode(SslHandler.java:1428)
	at io.netty.handler.codec.ByteToMessageDecoder.decodeRemovalReentryProtection(ByteToMessageDecoder.java:545)
	at io.netty.handler.codec.ByteToMessageDecoder.callDecode(ByteToMessageDecoder.java:484)
	... 16 more
Caused by: sun.security.validator.ValidatorException: PKIX path validation failed: java.security.cert.CertPathValidatorException: validity check failed
	at java.base/sun.security.validator.PKIXValidator.doValidate(PKIXValidator.java:318)
	at java.base/sun.security.validator.PKIXValidator.engineValidate(PKIXValidator.java:267)
	at java.base/sun.security.validator.Validator.validate(Validator.java:256)
	at java.base/sun.security.ssl.X509TrustManagerImpl.checkTrusted(X509TrustManagerImpl.java:284)
	at java.base/sun.security.ssl.X509TrustManagerImpl.checkClientTrusted(X509TrustManagerImpl.java:138)
	at io.netty.handler.ssl.EnhancingX509ExtendedTrustManager.checkClientTrusted(EnhancingX509ExtendedTrustManager.java:77)
	at java.base/sun.security.ssl.CertificateMessage$T13CertificateConsumer.checkClientCerts(CertificateMessage.java:1210)
	... 30 more
Caused by: java.security.cert.CertPathValidatorException: validity check failed
	at java.base/sun.security.provider.certpath.PKIXMasterCertPathValidator.validate(PKIXMasterCertPathValidator.java:135)
	at java.base/sun.security.provider.certpath.PKIXCertPathValidator.validate(PKIXCertPathValidator.java:224)
	at java.base/sun.security.provider.certpath.PKIXCertPathValidator.validate(PKIXCertPathValidator.java:144)
	at java.base/sun.security.provider.certpath.PKIXCertPathValidator.engineValidate(PKIXCertPathValidator.java:83)
	at java.base/java.security.cert.CertPathValidator.validate(CertPathValidator.java:309)
	at java.base/sun.security.validator.PKIXValidator.doValidate(PKIXValidator.java:313)
	... 36 more
Caused by: java.security.cert.CertificateExpiredException: NotAfter: Tue Jan 02 01:00:00 CET 2024
	at java.base/sun.security.x509.CertificateValidity.valid(CertificateValidity.java:182)
	at java.base/sun.security.x509.X509CertImpl.checkValidity(X509CertImpl.java:534)
	at java.base/sun.security.provider.certpath.BasicChecker.verifyValidity(BasicChecker.java:190)
	at java.base/sun.security.provider.certpath.BasicChecker.check(BasicChecker.java:144)
	at java.base/sun.security.provider.certpath.PKIXMasterCertPathValidator.validate(PKIXMasterCertPathValidator.java:125)
	... 41 more
[2026-08-08T16:30:57,670][INFO ][org.logstash.beats.BeatsHandler][beats-tls][cea61c76cb89e8de1c33fda45ab2b43ef03d0a587a2da8dd49b947033416f5e3] [local: 192.168.1.56:5044, remote: 192.168.1.55:37542] Handling exception: io.netty.handler.codec.DecoderException: javax.net.ssl.SSLHandshakeException: (certificate_unknown) PKIX path validation failed: java.security.cert.CertPathValidatorException: validity check failed (caused by: java.security.cert.CertificateExpiredException: NotAfter: Tue Jan 02 01:00:00 CET 2024)
[2026-08-08T16:30:57,671][WARN ][io.netty.channel.DefaultChannelPipeline][beats-tls][cea61c76cb89e8de1c33fda45ab2b43ef03d0a587a2da8dd49b947033416f5e3] An exceptionCaught() event was fired, and it reached at the tail of the pipeline. It usually means the last handler in the pipeline did not handle the exception.
io.netty.handler.codec.DecoderException: javax.net.ssl.SSLHandshakeException: (certificate_unknown) PKIX path validation failed: java.security.cert.CertPathValidatorException: validity check failed
	at io.netty.handler.codec.ByteToMessageDecoder.callDecode(ByteToMessageDecoder.java:515)
	at io.netty.handler.codec.ByteToMessageDecoder.channelRead(ByteToMessageDecoder.java:296)
	at io.netty.channel.AbstractChannelHandlerContext.invokeChannelRead(AbstractChannelHandlerContext.java:444)
	at io.netty.channel.AbstractChannelHandlerContext.invokeChannelRead(AbstractChannelHandlerContext.java:420)
	at io.netty.channel.AbstractChannelHandlerContext.fireChannelRead(AbstractChannelHandlerContext.java:412)
	at io.netty.channel.DefaultChannelPipeline$HeadContext.channelRead(DefaultChannelPipeline.java:1357)
	at io.netty.channel.AbstractChannelHandlerContext.invokeChannelRead(AbstractChannelHandlerContext.java:440)
	at io.netty.channel.AbstractChannelHandlerContext.invokeChannelRead(AbstractChannelHandlerContext.java:420)
	at io.netty.channel.DefaultChannelPipeline.fireChannelRead(DefaultChannelPipeline.java:868)
	at io.netty.channel.nio.AbstractNioByteChannel$NioByteUnsafe.read(AbstractNioByteChannel.java:171)
	at io.netty.channel.nio.NioEventLoop.processSelectedKey(NioEventLoop.java:796)
	at io.netty.channel.nio.NioEventLoop.processSelectedKeysOptimized(NioEventLoop.java:732)
	at io.netty.channel.nio.NioEventLoop.processSelectedKeys(NioEventLoop.java:658)
	at io.netty.channel.nio.NioEventLoop.run(NioEventLoop.java:562)
	at io.netty.util.concurrent.SingleThreadEventExecutor$4.run(SingleThreadEventExecutor.java:998)
	at io.netty.util.internal.ThreadExecutorMap$2.run(ThreadExecutorMap.java:74)
	at java.base/java.lang.Thread.run(Thread.java:1583)
Caused by: javax.net.ssl.SSLHandshakeException: (certificate_unknown) PKIX path validation failed: java.security.cert.CertPathValidatorException: validity check failed
	at java.base/sun.security.ssl.Alert.createSSLException(Alert.java:130)
	at java.base/sun.security.ssl.TransportContext.fatal(TransportContext.java:383)
	at java.base/sun.security.ssl.TransportContext.fatal(TransportContext.java:326)
	at java.base/sun.security.ssl.TransportContext.fatal(TransportContext.java:321)
	at java.base/sun.security.ssl.CertificateMessage$T13CertificateConsumer.checkClientCerts(CertificateMessage.java:1232)
	at java.base/sun.security.ssl.CertificateMessage$T13CertificateConsumer.onConsumeCertificate(CertificateMessage.java:1136)
	at java.base/sun.security.ssl.CertificateMessage$T13CertificateConsumer.consume(CertificateMessage.java:1113)
	at java.base/sun.security.ssl.SSLHandshake.consume(SSLHandshake.java:393)
	at java.base/sun.security.ssl.HandshakeContext.dispatch(HandshakeContext.java:477)
	at java.base/sun.security.ssl.SSLEngineImpl$DelegatedTask$DelegatedAction.run(SSLEngineImpl.java:1274)
	at java.base/sun.security.ssl.SSLEngineImpl$DelegatedTask$DelegatedAction.run(SSLEngineImpl.java:1261)
	at java.base/java.security.AccessController.doPrivileged(AccessController.java:714)
	at java.base/sun.security.ssl.SSLEngineImpl$DelegatedTask.run(SSLEngineImpl.java:1206)
	at io.netty.handler.ssl.SslHandler.runDelegatedTasks(SslHandler.java:1695)
	at io.netty.handler.ssl.SslHandler.unwrap(SslHandler.java:1541)
	at io.netty.handler.ssl.SslHandler.decodeJdkCompatible(SslHandler.java:1377)
	at io.netty.handler.ssl.SslHandler.decode(SslHandler.java:1428)
	at io.netty.handler.codec.ByteToMessageDecoder.decodeRemovalReentryProtection(ByteToMessageDecoder.java:545)
	at io.netty.handler.codec.ByteToMessageDecoder.callDecode(ByteToMessageDecoder.java:484)
	... 16 more
Caused by: sun.security.validator.ValidatorException: PKIX path validation failed: java.security.cert.CertPathValidatorException: validity check failed
	at java.base/sun.security.validator.PKIXValidator.doValidate(PKIXValidator.java:318)
	at java.base/sun.security.validator.PKIXValidator.engineValidate(PKIXValidator.java:267)
	at java.base/sun.security.validator.Validator.validate(Validator.java:256)
	at java.base/sun.security.ssl.X509TrustManagerImpl.checkTrusted(X509TrustManagerImpl.java:284)
	at java.base/sun.security.ssl.X509TrustManagerImpl.checkClientTrusted(X509TrustManagerImpl.java:138)
	at io.netty.handler.ssl.EnhancingX509ExtendedTrustManager.checkClientTrusted(EnhancingX509ExtendedTrustManager.java:77)
	at java.base/sun.security.ssl.CertificateMessage$T13CertificateConsumer.checkClientCerts(CertificateMessage.java:1210)
	... 30 more
Caused by: java.security.cert.CertPathValidatorException: validity check failed
	at java.base/sun.security.provider.certpath.PKIXMasterCertPathValidator.validate(PKIXMasterCertPathValidator.java:135)
	at java.base/sun.security.provider.certpath.PKIXCertPathValidator.validate(PKIXCertPathValidator.java:224)
	at java.base/sun.security.provider.certpath.PKIXCertPathValidator.validate(PKIXCertPathValidator.java:144)
	at java.base/sun.security.provider.certpath.PKIXCertPathValidator.engineValidate(PKIXCertPathValidator.java:83)
	at java.base/java.security.cert.CertPathValidator.validate(CertPathValidator.java:309)
	at java.base/sun.security.validator.PKIXValidator.doValidate(PKIXValidator.java:313)
	... 36 more
Caused by: java.security.cert.CertificateExpiredException: NotAfter: Tue Jan 02 01:00:00 CET 2024
	at java.base/sun.security.x509.CertificateValidity.valid(CertificateValidity.java:182)
	at java.base/sun.security.x509.X509CertImpl.checkValidity(X509CertImpl.java:534)
	at java.base/sun.security.provider.certpath.BasicChecker.verifyValidity(BasicChecker.java:190)
	at java.base/sun.security.provider.certpath.BasicChecker.check(BasicChecker.java:144)
	at java.base/sun.security.provider.certpath.PKIXMasterCertPathValidator.validate(PKIXMasterCertPathValidator.java:125)
	... 41 more
[2026-08-08T16:31:00,828][INFO ][org.logstash.beats.BeatsHandler][beats-tls][cea61c76cb89e8de1c33fda45ab2b43ef03d0a587a2da8dd49b947033416f5e3] [local: 192.168.1.56:5044, remote: 192.168.1.55:36252] Handling exception: io.netty.handler.codec.DecoderException: javax.net.ssl.SSLHandshakeException: (certificate_unknown) PKIX path validation failed: java.security.cert.CertPathValidatorException: validity check failed (caused by: java.security.cert.CertificateExpiredException: NotAfter: Tue Jan 02 01:00:00 CET 2024)
[2026-08-08T16:31:00,830][WARN ][io.netty.channel.DefaultChannelPipeline][beats-tls][cea61c76cb89e8de1c33fda45ab2b43ef03d0a587a2da8dd49b947033416f5e3] An exceptionCaught() event was fired, and it reached at the tail of the pipeline. It usually means the last handler in the pipeline did not handle the exception.
io.netty.handler.codec.DecoderException: javax.net.ssl.SSLHandshakeException: (certificate_unknown) PKIX path validation failed: java.security.cert.CertPathValidatorException: validity check failed
	at io.netty.handler.codec.ByteToMessageDecoder.callDecode(ByteToMessageDecoder.java:515)
	at io.netty.handler.codec.ByteToMessageDecoder.channelRead(ByteToMessageDecoder.java:296)
	at io.netty.channel.AbstractChannelHandlerContext.invokeChannelRead(AbstractChannelHandlerContext.java:444)
	at io.netty.channel.AbstractChannelHandlerContext.invokeChannelRead(AbstractChannelHandlerContext.java:420)
	at io.netty.channel.AbstractChannelHandlerContext.fireChannelRead(AbstractChannelHandlerContext.java:412)
	at io.netty.channel.DefaultChannelPipeline$HeadContext.channelRead(DefaultChannelPipeline.java:1357)
	at io.netty.channel.AbstractChannelHandlerContext.invokeChannelRead(AbstractChannelHandlerContext.java:440)
	at io.netty.channel.AbstractChannelHandlerContext.invokeChannelRead(AbstractChannelHandlerContext.java:420)
	at io.netty.channel.DefaultChannelPipeline.fireChannelRead(DefaultChannelPipeline.java:868)
	at io.netty.channel.nio.AbstractNioByteChannel$NioByteUnsafe.read(AbstractNioByteChannel.java:171)
	at io.netty.channel.nio.NioEventLoop.processSelectedKey(NioEventLoop.java:796)
	at io.netty.channel.nio.NioEventLoop.processSelectedKeysOptimized(NioEventLoop.java:732)
	at io.netty.channel.nio.NioEventLoop.processSelectedKeys(NioEventLoop.java:658)
	at io.netty.channel.nio.NioEventLoop.run(NioEventLoop.java:562)
	at io.netty.util.concurrent.SingleThreadEventExecutor$4.run(SingleThreadEventExecutor.java:998)
	at io.netty.util.internal.ThreadExecutorMap$2.run(ThreadExecutorMap.java:74)
	at java.base/java.lang.Thread.run(Thread.java:1583)
Caused by: javax.net.ssl.SSLHandshakeException: (certificate_unknown) PKIX path validation failed: java.security.cert.CertPathValidatorException: validity check failed
	at java.base/sun.security.ssl.Alert.createSSLException(Alert.java:130)
	at java.base/sun.security.ssl.TransportContext.fatal(TransportContext.java:383)
	at java.base/sun.security.ssl.TransportContext.fatal(TransportContext.java:326)
	at java.base/sun.security.ssl.TransportContext.fatal(TransportContext.java:321)
	at java.base/sun.security.ssl.CertificateMessage$T13CertificateConsumer.checkClientCerts(CertificateMessage.java:1232)
	at java.base/sun.security.ssl.CertificateMessage$T13CertificateConsumer.onConsumeCertificate(CertificateMessage.java:1136)
	at java.base/sun.security.ssl.CertificateMessage$T13CertificateConsumer.consume(CertificateMessage.java:1113)
	at java.base/sun.security.ssl.SSLHandshake.consume(SSLHandshake.java:393)
	at java.base/sun.security.ssl.HandshakeContext.dispatch(HandshakeContext.java:477)
	at java.base/sun.security.ssl.SSLEngineImpl$DelegatedTask$DelegatedAction.run(SSLEngineImpl.java:1274)
	at java.base/sun.security.ssl.SSLEngineImpl$DelegatedTask$DelegatedAction.run(SSLEngineImpl.java:1261)
	at java.base/java.security.AccessController.doPrivileged(AccessController.java:714)
	at java.base/sun.security.ssl.SSLEngineImpl$DelegatedTask.run(SSLEngineImpl.java:1206)
	at io.netty.handler.ssl.SslHandler.runDelegatedTasks(SslHandler.java:1695)
	at io.netty.handler.ssl.SslHandler.unwrap(SslHandler.java:1541)
	at io.netty.handler.ssl.SslHandler.decodeJdkCompatible(SslHandler.java:1377)
	at io.netty.handler.ssl.SslHandler.decode(SslHandler.java:1428)
	at io.netty.handler.codec.ByteToMessageDecoder.decodeRemovalReentryProtection(ByteToMessageDecoder.java:545)
	at io.netty.handler.codec.ByteToMessageDecoder.callDecode(ByteToMessageDecoder.java:484)
	... 16 more
Caused by: sun.security.validator.ValidatorException: PKIX path validation failed: java.security.cert.CertPathValidatorException: validity check failed
	at java.base/sun.security.validator.PKIXValidator.doValidate(PKIXValidator.java:318)
	at java.base/sun.security.validator.PKIXValidator.engineValidate(PKIXValidator.java:267)
	at java.base/sun.security.validator.Validator.validate(Validator.java:256)
	at java.base/sun.security.ssl.X509TrustManagerImpl.checkTrusted(X509TrustManagerImpl.java:284)
	at java.base/sun.security.ssl.X509TrustManagerImpl.checkClientTrusted(X509TrustManagerImpl.java:138)
	at io.netty.handler.ssl.EnhancingX509ExtendedTrustManager.checkClientTrusted(EnhancingX509ExtendedTrustManager.java:77)
	at java.base/sun.security.ssl.CertificateMessage$T13CertificateConsumer.checkClientCerts(CertificateMessage.java:1210)
	... 30 more
Caused by: java.security.cert.CertPathValidatorException: validity check failed
	at java.base/sun.security.provider.certpath.PKIXMasterCertPathValidator.validate(PKIXMasterCertPathValidator.java:135)
	at java.base/sun.security.provider.certpath.PKIXCertPathValidator.validate(PKIXCertPathValidator.java:224)
	at java.base/sun.security.provider.certpath.PKIXCertPathValidator.validate(PKIXCertPathValidator.java:144)
	at java.base/sun.security.provider.certpath.PKIXCertPathValidator.engineValidate(PKIXCertPathValidator.java:83)
	at java.base/java.security.cert.CertPathValidator.validate(CertPathValidator.java:309)
	at java.base/sun.security.validator.PKIXValidator.doValidate(PKIXValidator.java:313)
	... 36 more
Caused by: java.security.cert.CertificateExpiredException: NotAfter: Tue Jan 02 01:00:00 CET 2024
	at java.base/sun.security.x509.CertificateValidity.valid(CertificateValidity.java:182)
	at java.base/sun.security.x509.X509CertImpl.checkValidity(X509CertImpl.java:534)
	at java.base/sun.security.provider.certpath.BasicChecker.verifyValidity(BasicChecker.java:190)
	at java.base/sun.security.provider.certpath.BasicChecker.check(BasicChecker.java:144)
	at java.base/sun.security.provider.certpath.PKIXMasterCertPathValidator.validate(PKIXMasterCertPathValidator.java:125)
	... 41 more
[2026-08-08T16:31:02,068][INFO ][org.logstash.beats.BeatsHandler][beats-tls][cea61c76cb89e8de1c33fda45ab2b43ef03d0a587a2da8dd49b947033416f5e3] [local: 192.168.1.56:5044, remote: 192.168.1.55:36260] Handling exception: io.netty.handler.codec.DecoderException: javax.net.ssl.SSLHandshakeException: (certificate_unknown) PKIX path validation failed: java.security.cert.CertPathValidatorException: validity check failed (caused by: java.security.cert.CertificateExpiredException: NotAfter: Tue Jan 02 01:00:00 CET 2024)
[2026-08-08T16:31:02,069][WARN ][io.netty.channel.DefaultChannelPipeline][beats-tls][cea61c76cb89e8de1c33fda45ab2b43ef03d0a587a2da8dd49b947033416f5e3] An exceptionCaught() event was fired, and it reached at the tail of the pipeline. It usually means the last handler in the pipeline did not handle the exception.
io.netty.handler.codec.DecoderException: javax.net.ssl.SSLHandshakeException: (certificate_unknown) PKIX path validation failed: java.security.cert.CertPathValidatorException: validity check failed
	at io.netty.handler.codec.ByteToMessageDecoder.callDecode(ByteToMessageDecoder.java:515)
	at io.netty.handler.codec.ByteToMessageDecoder.channelRead(ByteToMessageDecoder.java:296)
	at io.netty.channel.AbstractChannelHandlerContext.invokeChannelRead(AbstractChannelHandlerContext.java:444)
	at io.netty.channel.AbstractChannelHandlerContext.invokeChannelRead(AbstractChannelHandlerContext.java:420)
	at io.netty.channel.AbstractChannelHandlerContext.fireChannelRead(AbstractChannelHandlerContext.java:412)
	at io.netty.channel.DefaultChannelPipeline$HeadContext.channelRead(DefaultChannelPipeline.java:1357)
	at io.netty.channel.AbstractChannelHandlerContext.invokeChannelRead(AbstractChannelHandlerContext.java:440)
	at io.netty.channel.AbstractChannelHandlerContext.invokeChannelRead(AbstractChannelHandlerContext.java:420)
	at io.netty.channel.DefaultChannelPipeline.fireChannelRead(DefaultChannelPipeline.java:868)
	at io.netty.channel.nio.AbstractNioByteChannel$NioByteUnsafe.read(AbstractNioByteChannel.java:171)
	at io.netty.channel.nio.NioEventLoop.processSelectedKey(NioEventLoop.java:796)
	at io.netty.channel.nio.NioEventLoop.processSelectedKeysOptimized(NioEventLoop.java:732)
	at io.netty.channel.nio.NioEventLoop.processSelectedKeys(NioEventLoop.java:658)
	at io.netty.channel.nio.NioEventLoop.run(NioEventLoop.java:562)
	at io.netty.util.concurrent.SingleThreadEventExecutor$4.run(SingleThreadEventExecutor.java:998)
	at io.netty.util.internal.ThreadExecutorMap$2.run(ThreadExecutorMap.java:74)
	at java.base/java.lang.Thread.run(Thread.java:1583)
Caused by: javax.net.ssl.SSLHandshakeException: (certificate_unknown) PKIX path validation failed: java.security.cert.CertPathValidatorException: validity check failed
	at java.base/sun.security.ssl.Alert.createSSLException(Alert.java:130)
	at java.base/sun.security.ssl.TransportContext.fatal(TransportContext.java:383)
	at java.base/sun.security.ssl.TransportContext.fatal(TransportContext.java:326)
	at java.base/sun.security.ssl.TransportContext.fatal(TransportContext.java:321)
	at java.base/sun.security.ssl.CertificateMessage$T13CertificateConsumer.checkClientCerts(CertificateMessage.java:1232)
	at java.base/sun.security.ssl.CertificateMessage$T13CertificateConsumer.onConsumeCertificate(CertificateMessage.java:1136)
	at java.base/sun.security.ssl.CertificateMessage$T13CertificateConsumer.consume(CertificateMessage.java:1113)
	at java.base/sun.security.ssl.SSLHandshake.consume(SSLHandshake.java:393)
	at java.base/sun.security.ssl.HandshakeContext.dispatch(HandshakeContext.java:477)
	at java.base/sun.security.ssl.SSLEngineImpl$DelegatedTask$DelegatedAction.run(SSLEngineImpl.java:1274)
	at java.base/sun.security.ssl.SSLEngineImpl$DelegatedTask$DelegatedAction.run(SSLEngineImpl.java:1261)
	at java.base/java.security.AccessController.doPrivileged(AccessController.java:714)
	at java.base/sun.security.ssl.SSLEngineImpl$DelegatedTask.run(SSLEngineImpl.java:1206)
	at io.netty.handler.ssl.SslHandler.runDelegatedTasks(SslHandler.java:1695)
	at io.netty.handler.ssl.SslHandler.unwrap(SslHandler.java:1541)
	at io.netty.handler.ssl.SslHandler.decodeJdkCompatible(SslHandler.java:1377)
	at io.netty.handler.ssl.SslHandler.decode(SslHandler.java:1428)
	at io.netty.handler.codec.ByteToMessageDecoder.decodeRemovalReentryProtection(ByteToMessageDecoder.java:545)
	at io.netty.handler.codec.ByteToMessageDecoder.callDecode(ByteToMessageDecoder.java:484)
	... 16 more
Caused by: sun.security.validator.ValidatorException: PKIX path validation failed: java.security.cert.CertPathValidatorException: validity check failed
	at java.base/sun.security.validator.PKIXValidator.doValidate(PKIXValidator.java:318)
	at java.base/sun.security.validator.PKIXValidator.engineValidate(PKIXValidator.java:267)
	at java.base/sun.security.validator.Validator.validate(Validator.java:256)
	at java.base/sun.security.ssl.X509TrustManagerImpl.checkTrusted(X509TrustManagerImpl.java:284)
	at java.base/sun.security.ssl.X509TrustManagerImpl.checkClientTrusted(X509TrustManagerImpl.java:138)
	at io.netty.handler.ssl.EnhancingX509ExtendedTrustManager.checkClientTrusted(EnhancingX509ExtendedTrustManager.java:77)
	at java.base/sun.security.ssl.CertificateMessage$T13CertificateConsumer.checkClientCerts(CertificateMessage.java:1210)
	... 30 more
Caused by: java.security.cert.CertPathValidatorException: validity check failed
	at java.base/sun.security.provider.certpath.PKIXMasterCertPathValidator.validate(PKIXMasterCertPathValidator.java:135)
	at java.base/sun.security.provider.certpath.PKIXCertPathValidator.validate(PKIXCertPathValidator.java:224)
	at java.base/sun.security.provider.certpath.PKIXCertPathValidator.validate(PKIXCertPathValidator.java:144)
	at java.base/sun.security.provider.certpath.PKIXCertPathValidator.engineValidate(PKIXCertPathValidator.java:83)
	at java.base/java.security.cert.CertPathValidator.validate(CertPathValidator.java:309)
	at java.base/sun.security.validator.PKIXValidator.doValidate(PKIXValidator.java:313)
	... 36 more
Caused by: java.security.cert.CertificateExpiredException: NotAfter: Tue Jan 02 01:00:00 CET 2024
	at java.base/sun.security.x509.CertificateValidity.valid(CertificateValidity.java:182)
	at java.base/sun.security.x509.X509CertImpl.checkValidity(X509CertImpl.java:534)
	at java.base/sun.security.provider.certpath.BasicChecker.verifyValidity(BasicChecker.java:190)
	at java.base/sun.security.provider.certpath.BasicChecker.check(BasicChecker.java:144)
	at java.base/sun.security.provider.certpath.PKIXMasterCertPathValidator.validate(PKIXMasterCertPathValidator.java:125)
	... 41 more
[2026-08-08T16:31:04,111][INFO ][org.logstash.beats.BeatsHandler][beats-tls][cea61c76cb89e8de1c33fda45ab2b43ef03d0a587a2da8dd49b947033416f5e3] [local: 192.168.1.56:5044, remote: 192.168.1.55:36270] Handling exception: io.netty.handler.codec.DecoderException: javax.net.ssl.SSLHandshakeException: (certificate_unknown) PKIX path validation failed: java.security.cert.CertPathValidatorException: validity check failed (caused by: java.security.cert.CertificateExpiredException: NotAfter: Tue Jan 02 01:00:00 CET 2024)
[2026-08-08T16:31:04,112][WARN ][io.netty.channel.DefaultChannelPipeline][beats-tls][cea61c76cb89e8de1c33fda45ab2b43ef03d0a587a2da8dd49b947033416f5e3] An exceptionCaught() event was fired, and it reached at the tail of the pipeline. It usually means the last handler in the pipeline did not handle the exception.
io.netty.handler.codec.DecoderException: javax.net.ssl.SSLHandshakeException: (certificate_unknown) PKIX path validation failed: java.security.cert.CertPathValidatorException: validity check failed
	at io.netty.handler.codec.ByteToMessageDecoder.callDecode(ByteToMessageDecoder.java:515)
	at io.netty.handler.codec.ByteToMessageDecoder.channelRead(ByteToMessageDecoder.java:296)
	at io.netty.channel.AbstractChannelHandlerContext.invokeChannelRead(AbstractChannelHandlerContext.java:444)
	at io.netty.channel.AbstractChannelHandlerContext.invokeChannelRead(AbstractChannelHandlerContext.java:420)
	at io.netty.channel.AbstractChannelHandlerContext.fireChannelRead(AbstractChannelHandlerContext.java:412)
	at io.netty.channel.DefaultChannelPipeline$HeadContext.channelRead(DefaultChannelPipeline.java:1357)
	at io.netty.channel.AbstractChannelHandlerContext.invokeChannelRead(AbstractChannelHandlerContext.java:440)
	at io.netty.channel.AbstractChannelHandlerContext.invokeChannelRead(AbstractChannelHandlerContext.java:420)
	at io.netty.channel.DefaultChannelPipeline.fireChannelRead(DefaultChannelPipeline.java:868)
	at io.netty.channel.nio.AbstractNioByteChannel$NioByteUnsafe.read(AbstractNioByteChannel.java:171)
	at io.netty.channel.nio.NioEventLoop.processSelectedKey(NioEventLoop.java:796)
	at io.netty.channel.nio.NioEventLoop.processSelectedKeysOptimized(NioEventLoop.java:732)
	at io.netty.channel.nio.NioEventLoop.processSelectedKeys(NioEventLoop.java:658)
	at io.netty.channel.nio.NioEventLoop.run(NioEventLoop.java:562)
	at io.netty.util.concurrent.SingleThreadEventExecutor$4.run(SingleThreadEventExecutor.java:998)
	at io.netty.util.internal.ThreadExecutorMap$2.run(ThreadExecutorMap.java:74)
	at java.base/java.lang.Thread.run(Thread.java:1583)
Caused by: javax.net.ssl.SSLHandshakeException: (certificate_unknown) PKIX path validation failed: java.security.cert.CertPathValidatorException: validity check failed
	at java.base/sun.security.ssl.Alert.createSSLException(Alert.java:130)
	at java.base/sun.security.ssl.TransportContext.fatal(TransportContext.java:383)
	at java.base/sun.security.ssl.TransportContext.fatal(TransportContext.java:326)
	at java.base/sun.security.ssl.TransportContext.fatal(TransportContext.java:321)
	at java.base/sun.security.ssl.CertificateMessage$T13CertificateConsumer.checkClientCerts(CertificateMessage.java:1232)
	at java.base/sun.security.ssl.CertificateMessage$T13CertificateConsumer.onConsumeCertificate(CertificateMessage.java:1136)
	at java.base/sun.security.ssl.CertificateMessage$T13CertificateConsumer.consume(CertificateMessage.java:1113)
	at java.base/sun.security.ssl.SSLHandshake.consume(SSLHandshake.java:393)
	at java.base/sun.security.ssl.HandshakeContext.dispatch(HandshakeContext.java:477)
	at java.base/sun.security.ssl.SSLEngineImpl$DelegatedTask$DelegatedAction.run(SSLEngineImpl.java:1274)
	at java.base/sun.security.ssl.SSLEngineImpl$DelegatedTask$DelegatedAction.run(SSLEngineImpl.java:1261)
	at java.base/java.security.AccessController.doPrivileged(AccessController.java:714)
	at java.base/sun.security.ssl.SSLEngineImpl$DelegatedTask.run(SSLEngineImpl.java:1206)
	at io.netty.handler.ssl.SslHandler.runDelegatedTasks(SslHandler.java:1695)
	at io.netty.handler.ssl.SslHandler.unwrap(SslHandler.java:1541)
	at io.netty.handler.ssl.SslHandler.decodeJdkCompatible(SslHandler.java:1377)
	at io.netty.handler.ssl.SslHandler.decode(SslHandler.java:1428)
	at io.netty.handler.codec.ByteToMessageDecoder.decodeRemovalReentryProtection(ByteToMessageDecoder.java:545)
	at io.netty.handler.codec.ByteToMessageDecoder.callDecode(ByteToMessageDecoder.java:484)
	... 16 more
Caused by: sun.security.validator.ValidatorException: PKIX path validation failed: java.security.cert.CertPathValidatorException: validity check failed
	at java.base/sun.security.validator.PKIXValidator.doValidate(PKIXValidator.java:318)
	at java.base/sun.security.validator.PKIXValidator.engineValidate(PKIXValidator.java:267)
	at java.base/sun.security.validator.Validator.validate(Validator.java:256)
	at java.base/sun.security.ssl.X509TrustManagerImpl.checkTrusted(X509TrustManagerImpl.java:284)
	at java.base/sun.security.ssl.X509TrustManagerImpl.checkClientTrusted(X509TrustManagerImpl.java:138)
	at io.netty.handler.ssl.EnhancingX509ExtendedTrustManager.checkClientTrusted(EnhancingX509ExtendedTrustManager.java:77)
	at java.base/sun.security.ssl.CertificateMessage$T13CertificateConsumer.checkClientCerts(CertificateMessage.java:1210)
	... 30 more
Caused by: java.security.cert.CertPathValidatorException: validity check failed
	at java.base/sun.security.provider.certpath.PKIXMasterCertPathValidator.validate(PKIXMasterCertPathValidator.java:135)
	at java.base/sun.security.provider.certpath.PKIXCertPathValidator.validate(PKIXCertPathValidator.java:224)
	at java.base/sun.security.provider.certpath.PKIXCertPathValidator.validate(PKIXCertPathValidator.java:144)
	at java.base/sun.security.provider.certpath.PKIXCertPathValidator.engineValidate(PKIXCertPathValidator.java:83)
	at java.base/java.security.cert.CertPathValidator.validate(CertPathValidator.java:309)
	at java.base/sun.security.validator.PKIXValidator.doValidate(PKIXValidator.java:313)
	... 36 more
Caused by: java.security.cert.CertificateExpiredException: NotAfter: Tue Jan 02 01:00:00 CET 2024
	at java.base/sun.security.x509.CertificateValidity.valid(CertificateValidity.java:182)
	at java.base/sun.security.x509.X509CertImpl.checkValidity(X509CertImpl.java:534)
	at java.base/sun.security.provider.certpath.BasicChecker.verifyValidity(BasicChecker.java:190)
	at java.base/sun.security.provider.certpath.BasicChecker.check(BasicChecker.java:144)
	at java.base/sun.security.provider.certpath.PKIXMasterCertPathValidator.validate(PKIXMasterCertPathValidator.java:125)
	... 41 more
[2026-08-08T16:31:05,861][INFO ][org.logstash.beats.BeatsHandler][beats-tls][cea61c76cb89e8de1c33fda45ab2b43ef03d0a587a2da8dd49b947033416f5e3] [local: 192.168.1.56:5044, remote: 192.168.1.55:36274] Handling exception: io.netty.handler.codec.DecoderException: javax.net.ssl.SSLHandshakeException: (certificate_unknown) PKIX path validation failed: java.security.cert.CertPathValidatorException: validity check failed (caused by: java.security.cert.CertificateExpiredException: NotAfter: Tue Jan 02 01:00:00 CET 2024)
[2026-08-08T16:31:05,871][WARN ][io.netty.channel.DefaultChannelPipeline][beats-tls][cea61c76cb89e8de1c33fda45ab2b43ef03d0a587a2da8dd49b947033416f5e3] An exceptionCaught() event was fired, and it reached at the tail of the pipeline. It usually means the last handler in the pipeline did not handle the exception.
io.netty.handler.codec.DecoderException: javax.net.ssl.SSLHandshakeException: (certificate_unknown) PKIX path validation failed: java.security.cert.CertPathValidatorException: validity check failed
	at io.netty.handler.codec.ByteToMessageDecoder.callDecode(ByteToMessageDecoder.java:515)
	at io.netty.handler.codec.ByteToMessageDecoder.channelRead(ByteToMessageDecoder.java:296)
	at io.netty.channel.AbstractChannelHandlerContext.invokeChannelRead(AbstractChannelHandlerContext.java:444)
	at io.netty.channel.AbstractChannelHandlerContext.invokeChannelRead(AbstractChannelHandlerContext.java:420)
	at io.netty.channel.AbstractChannelHandlerContext.fireChannelRead(AbstractChannelHandlerContext.java:412)
	at io.netty.channel.DefaultChannelPipeline$HeadContext.channelRead(DefaultChannelPipeline.java:1357)
	at io.netty.channel.AbstractChannelHandlerContext.invokeChannelRead(AbstractChannelHandlerContext.java:440)
	at io.netty.channel.AbstractChannelHandlerContext.invokeChannelRead(AbstractChannelHandlerContext.java:420)
	at io.netty.channel.DefaultChannelPipeline.fireChannelRead(DefaultChannelPipeline.java:868)
	at io.netty.channel.nio.AbstractNioByteChannel$NioByteUnsafe.read(AbstractNioByteChannel.java:171)
	at io.netty.channel.nio.NioEventLoop.processSelectedKey(NioEventLoop.java:796)
	at io.netty.channel.nio.NioEventLoop.processSelectedKeysOptimized(NioEventLoop.java:732)
	at io.netty.channel.nio.NioEventLoop.processSelectedKeys(NioEventLoop.java:658)
	at io.netty.channel.nio.NioEventLoop.run(NioEventLoop.java:562)
	at io.netty.util.concurrent.SingleThreadEventExecutor$4.run(SingleThreadEventExecutor.java:998)
	at io.netty.util.internal.ThreadExecutorMap$2.run(ThreadExecutorMap.java:74)
	at java.base/java.lang.Thread.run(Thread.java:1583)
Caused by: javax.net.ssl.SSLHandshakeException: (certificate_unknown) PKIX path validation failed: java.security.cert.CertPathValidatorException: validity check failed
	at java.base/sun.security.ssl.Alert.createSSLException(Alert.java:130)
	at java.base/sun.security.ssl.TransportContext.fatal(TransportContext.java:383)
	at java.base/sun.security.ssl.TransportContext.fatal(TransportContext.java:326)
	at java.base/sun.security.ssl.TransportContext.fatal(TransportContext.java:321)
	at java.base/sun.security.ssl.CertificateMessage$T13CertificateConsumer.checkClientCerts(CertificateMessage.java:1232)
	at java.base/sun.security.ssl.CertificateMessage$T13CertificateConsumer.onConsumeCertificate(CertificateMessage.java:1136)
	at java.base/sun.security.ssl.CertificateMessage$T13CertificateConsumer.consume(CertificateMessage.java:1113)
	at java.base/sun.security.ssl.SSLHandshake.consume(SSLHandshake.java:393)
	at java.base/sun.security.ssl.HandshakeContext.dispatch(HandshakeContext.java:477)
	at java.base/sun.security.ssl.SSLEngineImpl$DelegatedTask$DelegatedAction.run(SSLEngineImpl.java:1274)
	at java.base/sun.security.ssl.SSLEngineImpl$DelegatedTask$DelegatedAction.run(SSLEngineImpl.java:1261)
	at java.base/java.security.AccessController.doPrivileged(AccessController.java:714)
	at java.base/sun.security.ssl.SSLEngineImpl$DelegatedTask.run(SSLEngineImpl.java:1206)
	at io.netty.handler.ssl.SslHandler.runDelegatedTasks(SslHandler.java:1695)
	at io.netty.handler.ssl.SslHandler.unwrap(SslHandler.java:1541)
	at io.netty.handler.ssl.SslHandler.decodeJdkCompatible(SslHandler.java:1377)
	at io.netty.handler.ssl.SslHandler.decode(SslHandler.java:1428)
	at io.netty.handler.codec.ByteToMessageDecoder.decodeRemovalReentryProtection(ByteToMessageDecoder.java:545)
	at io.netty.handler.codec.ByteToMessageDecoder.callDecode(ByteToMessageDecoder.java:484)
	... 16 more
Caused by: sun.security.validator.ValidatorException: PKIX path validation failed: java.security.cert.CertPathValidatorException: validity check failed
	at java.base/sun.security.validator.PKIXValidator.doValidate(PKIXValidator.java:318)
	at java.base/sun.security.validator.PKIXValidator.engineValidate(PKIXValidator.java:267)
	at java.base/sun.security.validator.Validator.validate(Validator.java:256)
	at java.base/sun.security.ssl.X509TrustManagerImpl.checkTrusted(X509TrustManagerImpl.java:284)
	at java.base/sun.security.ssl.X509TrustManagerImpl.checkClientTrusted(X509TrustManagerImpl.java:138)
	at io.netty.handler.ssl.EnhancingX509ExtendedTrustManager.checkClientTrusted(EnhancingX509ExtendedTrustManager.java:77)
	at java.base/sun.security.ssl.CertificateMessage$T13CertificateConsumer.checkClientCerts(CertificateMessage.java:1210)
	... 30 more
Caused by: java.security.cert.CertPathValidatorException: validity check failed
	at java.base/sun.security.provider.certpath.PKIXMasterCertPathValidator.validate(PKIXMasterCertPathValidator.java:135)
	at java.base/sun.security.provider.certpath.PKIXCertPathValidator.validate(PKIXCertPathValidator.java:224)
	at java.base/sun.security.provider.certpath.PKIXCertPathValidator.validate(PKIXCertPathValidator.java:144)
	at java.base/sun.security.provider.certpath.PKIXCertPathValidator.engineValidate(PKIXCertPathValidator.java:83)
	at java.base/java.security.cert.CertPathValidator.validate(CertPathValidator.java:309)
	at java.base/sun.security.validator.PKIXValidator.doValidate(PKIXValidator.java:313)
	... 36 more
Caused by: java.security.cert.CertificateExpiredException: NotAfter: Tue Jan 02 01:00:00 CET 2024
	at java.base/sun.security.x509.CertificateValidity.valid(CertificateValidity.java:182)
	at java.base/sun.security.x509.X509CertImpl.checkValidity(X509CertImpl.java:534)
	at java.base/sun.security.provider.certpath.BasicChecker.verifyValidity(BasicChecker.java:190)
	at java.base/sun.security.provider.certpath.BasicChecker.check(BasicChecker.java:144)
	at java.base/sun.security.provider.certpath.PKIXMasterCertPathValidator.validate(PKIXMasterCertPathValidator.java:125)
	... 41 more
[2026-08-08T16:31:07,651][INFO ][org.logstash.beats.BeatsHandler][beats-tls][cea61c76cb89e8de1c33fda45ab2b43ef03d0a587a2da8dd49b947033416f5e3] [local: 192.168.1.56:5044, remote: 192.168.1.55:36280] Handling exception: io.netty.handler.codec.DecoderException: javax.net.ssl.SSLHandshakeException: (certificate_unknown) PKIX path validation failed: java.security.cert.CertPathValidatorException: validity check failed (caused by: java.security.cert.CertificateExpiredException: NotAfter: Tue Jan 02 01:00:00 CET 2024)
[2026-08-08T16:31:07,652][WARN ][io.netty.channel.DefaultChannelPipeline][beats-tls][cea61c76cb89e8de1c33fda45ab2b43ef03d0a587a2da8dd49b947033416f5e3] An exceptionCaught() event was fired, and it reached at the tail of the pipeline. It usually means the last handler in the pipeline did not handle the exception.
io.netty.handler.codec.DecoderException: javax.net.ssl.SSLHandshakeException: (certificate_unknown) PKIX path validation failed: java.security.cert.CertPathValidatorException: validity check failed
	at io.netty.handler.codec.ByteToMessageDecoder.callDecode(ByteToMessageDecoder.java:515)
	at io.netty.handler.codec.ByteToMessageDecoder.channelRead(ByteToMessageDecoder.java:296)
	at io.netty.channel.AbstractChannelHandlerContext.invokeChannelRead(AbstractChannelHandlerContext.java:444)
	at io.netty.channel.AbstractChannelHandlerContext.invokeChannelRead(AbstractChannelHandlerContext.java:420)
	at io.netty.channel.AbstractChannelHandlerContext.fireChannelRead(AbstractChannelHandlerContext.java:412)
	at io.netty.channel.DefaultChannelPipeline$HeadContext.channelRead(DefaultChannelPipeline.java:1357)
	at io.netty.channel.AbstractChannelHandlerContext.invokeChannelRead(AbstractChannelHandlerContext.java:440)
	at io.netty.channel.AbstractChannelHandlerContext.invokeChannelRead(AbstractChannelHandlerContext.java:420)
	at io.netty.channel.DefaultChannelPipeline.fireChannelRead(DefaultChannelPipeline.java:868)
	at io.netty.channel.nio.AbstractNioByteChannel$NioByteUnsafe.read(AbstractNioByteChannel.java:171)
	at io.netty.channel.nio.NioEventLoop.processSelectedKey(NioEventLoop.java:796)
	at io.netty.channel.nio.NioEventLoop.processSelectedKeysOptimized(NioEventLoop.java:732)
	at io.netty.channel.nio.NioEventLoop.processSelectedKeys(NioEventLoop.java:658)
	at io.netty.channel.nio.NioEventLoop.run(NioEventLoop.java:562)
	at io.netty.util.concurrent.SingleThreadEventExecutor$4.run(SingleThreadEventExecutor.java:998)
	at io.netty.util.internal.ThreadExecutorMap$2.run(ThreadExecutorMap.java:74)
	at java.base/java.lang.Thread.run(Thread.java:1583)
Caused by: javax.net.ssl.SSLHandshakeException: (certificate_unknown) PKIX path validation failed: java.security.cert.CertPathValidatorException: validity check failed
	at java.base/sun.security.ssl.Alert.createSSLException(Alert.java:130)
	at java.base/sun.security.ssl.TransportContext.fatal(TransportContext.java:383)
	at java.base/sun.security.ssl.TransportContext.fatal(TransportContext.java:326)
	at java.base/sun.security.ssl.TransportContext.fatal(TransportContext.java:321)
	at java.base/sun.security.ssl.CertificateMessage$T13CertificateConsumer.checkClientCerts(CertificateMessage.java:1232)
	at java.base/sun.security.ssl.CertificateMessage$T13CertificateConsumer.onConsumeCertificate(CertificateMessage.java:1136)
	at java.base/sun.security.ssl.CertificateMessage$T13CertificateConsumer.consume(CertificateMessage.java:1113)
	at java.base/sun.security.ssl.SSLHandshake.consume(SSLHandshake.java:393)
	at java.base/sun.security.ssl.HandshakeContext.dispatch(HandshakeContext.java:477)
	at java.base/sun.security.ssl.SSLEngineImpl$DelegatedTask$DelegatedAction.run(SSLEngineImpl.java:1274)
	at java.base/sun.security.ssl.SSLEngineImpl$DelegatedTask$DelegatedAction.run(SSLEngineImpl.java:1261)
	at java.base/java.security.AccessController.doPrivileged(AccessController.java:714)
	at java.base/sun.security.ssl.SSLEngineImpl$DelegatedTask.run(SSLEngineImpl.java:1206)
	at io.netty.handler.ssl.SslHandler.runDelegatedTasks(SslHandler.java:1695)
	at io.netty.handler.ssl.SslHandler.unwrap(SslHandler.java:1541)
	at io.netty.handler.ssl.SslHandler.decodeJdkCompatible(SslHandler.java:1377)
	at io.netty.handler.ssl.SslHandler.decode(SslHandler.java:1428)
	at io.netty.handler.codec.ByteToMessageDecoder.decodeRemovalReentryProtection(ByteToMessageDecoder.java:545)
	at io.netty.handler.codec.ByteToMessageDecoder.callDecode(ByteToMessageDecoder.java:484)
	... 16 more
Caused by: sun.security.validator.ValidatorException: PKIX path validation failed: java.security.cert.CertPathValidatorException: validity check failed
	at java.base/sun.security.validator.PKIXValidator.doValidate(PKIXValidator.java:318)
	at java.base/sun.security.validator.PKIXValidator.engineValidate(PKIXValidator.java:267)
	at java.base/sun.security.validator.Validator.validate(Validator.java:256)
	at java.base/sun.security.ssl.X509TrustManagerImpl.checkTrusted(X509TrustManagerImpl.java:284)
	at java.base/sun.security.ssl.X509TrustManagerImpl.checkClientTrusted(X509TrustManagerImpl.java:138)
	at io.netty.handler.ssl.EnhancingX509ExtendedTrustManager.checkClientTrusted(EnhancingX509ExtendedTrustManager.java:77)
	at java.base/sun.security.ssl.CertificateMessage$T13CertificateConsumer.checkClientCerts(CertificateMessage.java:1210)
	... 30 more
Caused by: java.security.cert.CertPathValidatorException: validity check failed
	at java.base/sun.security.provider.certpath.PKIXMasterCertPathValidator.validate(PKIXMasterCertPathValidator.java:135)
	at java.base/sun.security.provider.certpath.PKIXCertPathValidator.validate(PKIXCertPathValidator.java:224)
	at java.base/sun.security.provider.certpath.PKIXCertPathValidator.validate(PKIXCertPathValidator.java:144)
	at java.base/sun.security.provider.certpath.PKIXCertPathValidator.engineValidate(PKIXCertPathValidator.java:83)
	at java.base/java.security.cert.CertPathValidator.validate(CertPathValidator.java:309)
	at java.base/sun.security.validator.PKIXValidator.doValidate(PKIXValidator.java:313)
	... 36 more
Caused by: java.security.cert.CertificateExpiredException: NotAfter: Tue Jan 02 01:00:00 CET 2024
	at java.base/sun.security.x509.CertificateValidity.valid(CertificateValidity.java:182)
	at java.base/sun.security.x509.X509CertImpl.checkValidity(X509CertImpl.java:534)
	at java.base/sun.security.provider.certpath.BasicChecker.verifyValidity(BasicChecker.java:190)
	at java.base/sun.security.provider.certpath.BasicChecker.check(BasicChecker.java:144)
	at java.base/sun.security.provider.certpath.PKIXMasterCertPathValidator.validate(PKIXMasterCertPathValidator.java:125)
	... 41 more
[2026-08-08T16:31:10,882][INFO ][org.logstash.beats.BeatsHandler][beats-tls][cea61c76cb89e8de1c33fda45ab2b43ef03d0a587a2da8dd49b947033416f5e3] [local: 192.168.1.56:5044, remote: 192.168.1.55:60222] Handling exception: io.netty.handler.codec.DecoderException: javax.net.ssl.SSLHandshakeException: (certificate_unknown) PKIX path validation failed: java.security.cert.CertPathValidatorException: validity check failed (caused by: java.security.cert.CertificateExpiredException: NotAfter: Tue Jan 02 01:00:00 CET 2024)
[2026-08-08T16:31:10,882][WARN ][io.netty.channel.DefaultChannelPipeline][beats-tls][cea61c76cb89e8de1c33fda45ab2b43ef03d0a587a2da8dd49b947033416f5e3] An exceptionCaught() event was fired, and it reached at the tail of the pipeline. It usually means the last handler in the pipeline did not handle the exception.
io.netty.handler.codec.DecoderException: javax.net.ssl.SSLHandshakeException: (certificate_unknown) PKIX path validation failed: java.security.cert.CertPathValidatorException: validity check failed
	at io.netty.handler.codec.ByteToMessageDecoder.callDecode(ByteToMessageDecoder.java:515)
	at io.netty.handler.codec.ByteToMessageDecoder.channelRead(ByteToMessageDecoder.java:296)
	at io.netty.channel.AbstractChannelHandlerContext.invokeChannelRead(AbstractChannelHandlerContext.java:444)
	at io.netty.channel.AbstractChannelHandlerContext.invokeChannelRead(AbstractChannelHandlerContext.java:420)
	at io.netty.channel.AbstractChannelHandlerContext.fireChannelRead(AbstractChannelHandlerContext.java:412)
	at io.netty.channel.DefaultChannelPipeline$HeadContext.channelRead(DefaultChannelPipeline.java:1357)
	at io.netty.channel.AbstractChannelHandlerContext.invokeChannelRead(AbstractChannelHandlerContext.java:440)
	at io.netty.channel.AbstractChannelHandlerContext.invokeChannelRead(AbstractChannelHandlerContext.java:420)
	at io.netty.channel.DefaultChannelPipeline.fireChannelRead(DefaultChannelPipeline.java:868)
	at io.netty.channel.nio.AbstractNioByteChannel$NioByteUnsafe.read(AbstractNioByteChannel.java:171)
	at io.netty.channel.nio.NioEventLoop.processSelectedKey(NioEventLoop.java:796)
	at io.netty.channel.nio.NioEventLoop.processSelectedKeysOptimized(NioEventLoop.java:732)
	at io.netty.channel.nio.NioEventLoop.processSelectedKeys(NioEventLoop.java:658)
	at io.netty.channel.nio.NioEventLoop.run(NioEventLoop.java:562)
	at io.netty.util.concurrent.SingleThreadEventExecutor$4.run(SingleThreadEventExecutor.java:998)
	at io.netty.util.internal.ThreadExecutorMap$2.run(ThreadExecutorMap.java:74)
	at java.base/java.lang.Thread.run(Thread.java:1583)
Caused by: javax.net.ssl.SSLHandshakeException: (certificate_unknown) PKIX path validation failed: java.security.cert.CertPathValidatorException: validity check failed
	at java.base/sun.security.ssl.Alert.createSSLException(Alert.java:130)
	at java.base/sun.security.ssl.TransportContext.fatal(TransportContext.java:383)
	at java.base/sun.security.ssl.TransportContext.fatal(TransportContext.java:326)
	at java.base/sun.security.ssl.TransportContext.fatal(TransportContext.java:321)
	at java.base/sun.security.ssl.CertificateMessage$T13CertificateConsumer.checkClientCerts(CertificateMessage.java:1232)
	at java.base/sun.security.ssl.CertificateMessage$T13CertificateConsumer.onConsumeCertificate(CertificateMessage.java:1136)
	at java.base/sun.security.ssl.CertificateMessage$T13CertificateConsumer.consume(CertificateMessage.java:1113)
	at java.base/sun.security.ssl.SSLHandshake.consume(SSLHandshake.java:393)
	at java.base/sun.security.ssl.HandshakeContext.dispatch(HandshakeContext.java:477)
	at java.base/sun.security.ssl.SSLEngineImpl$DelegatedTask$DelegatedAction.run(SSLEngineImpl.java:1274)
	at java.base/sun.security.ssl.SSLEngineImpl$DelegatedTask$DelegatedAction.run(SSLEngineImpl.java:1261)
	at java.base/java.security.AccessController.doPrivileged(AccessController.java:714)
	at java.base/sun.security.ssl.SSLEngineImpl$DelegatedTask.run(SSLEngineImpl.java:1206)
	at io.netty.handler.ssl.SslHandler.runDelegatedTasks(SslHandler.java:1695)
	at io.netty.handler.ssl.SslHandler.unwrap(SslHandler.java:1541)
	at io.netty.handler.ssl.SslHandler.decodeJdkCompatible(SslHandler.java:1377)
	at io.netty.handler.ssl.SslHandler.decode(SslHandler.java:1428)
	at io.netty.handler.codec.ByteToMessageDecoder.decodeRemovalReentryProtection(ByteToMessageDecoder.java:545)
	at io.netty.handler.codec.ByteToMessageDecoder.callDecode(ByteToMessageDecoder.java:484)
	... 16 more
Caused by: sun.security.validator.ValidatorException: PKIX path validation failed: java.security.cert.CertPathValidatorException: validity check failed
	at java.base/sun.security.validator.PKIXValidator.doValidate(PKIXValidator.java:318)
	at java.base/sun.security.validator.PKIXValidator.engineValidate(PKIXValidator.java:267)
	at java.base/sun.security.validator.Validator.validate(Validator.java:256)
	at java.base/sun.security.ssl.X509TrustManagerImpl.checkTrusted(X509TrustManagerImpl.java:284)
	at java.base/sun.security.ssl.X509TrustManagerImpl.checkClientTrusted(X509TrustManagerImpl.java:138)
	at io.netty.handler.ssl.EnhancingX509ExtendedTrustManager.checkClientTrusted(EnhancingX509ExtendedTrustManager.java:77)
	at java.base/sun.security.ssl.CertificateMessage$T13CertificateConsumer.checkClientCerts(CertificateMessage.java:1210)
	... 30 more
Caused by: java.security.cert.CertPathValidatorException: validity check failed
	at java.base/sun.security.provider.certpath.PKIXMasterCertPathValidator.validate(PKIXMasterCertPathValidator.java:135)
	at java.base/sun.security.provider.certpath.PKIXCertPathValidator.validate(PKIXCertPathValidator.java:224)
	at java.base/sun.security.provider.certpath.PKIXCertPathValidator.validate(PKIXCertPathValidator.java:144)
	at java.base/sun.security.provider.certpath.PKIXCertPathValidator.engineValidate(PKIXCertPathValidator.java:83)
	at java.base/java.security.cert.CertPathValidator.validate(CertPathValidator.java:309)
	at java.base/sun.security.validator.PKIXValidator.doValidate(PKIXValidator.java:313)
	... 36 more
Caused by: java.security.cert.CertificateExpiredException: NotAfter: Tue Jan 02 01:00:00 CET 2024
	at java.base/sun.security.x509.CertificateValidity.valid(CertificateValidity.java:182)
	at java.base/sun.security.x509.X509CertImpl.checkValidity(X509CertImpl.java:534)
	at java.base/sun.security.provider.certpath.BasicChecker.verifyValidity(BasicChecker.java:190)
	at java.base/sun.security.provider.certpath.BasicChecker.check(BasicChecker.java:144)
	at java.base/sun.security.provider.certpath.PKIXMasterCertPathValidator.validate(PKIXMasterCertPathValidator.java:125)
	... 41 more
[2026-08-08T16:31:12,680][INFO ][org.logstash.beats.BeatsHandler][beats-tls][cea61c76cb89e8de1c33fda45ab2b43ef03d0a587a2da8dd49b947033416f5e3] [local: 192.168.1.56:5044, remote: 192.168.1.55:60228] Handling exception: io.netty.handler.codec.DecoderException: javax.net.ssl.SSLHandshakeException: (certificate_unknown) PKIX path validation failed: java.security.cert.CertPathValidatorException: validity check failed (caused by: java.security.cert.CertificateExpiredException: NotAfter: Tue Jan 02 01:00:00 CET 2024)
[2026-08-08T16:31:12,680][WARN ][io.netty.channel.DefaultChannelPipeline][beats-tls][cea61c76cb89e8de1c33fda45ab2b43ef03d0a587a2da8dd49b947033416f5e3] An exceptionCaught() event was fired, and it reached at the tail of the pipeline. It usually means the last handler in the pipeline did not handle the exception.
io.netty.handler.codec.DecoderException: javax.net.ssl.SSLHandshakeException: (certificate_unknown) PKIX path validation failed: java.security.cert.CertPathValidatorException: validity check failed
	at io.netty.handler.codec.ByteToMessageDecoder.callDecode(ByteToMessageDecoder.java:515)
	at io.netty.handler.codec.ByteToMessageDecoder.channelRead(ByteToMessageDecoder.java:296)
	at io.netty.channel.AbstractChannelHandlerContext.invokeChannelRead(AbstractChannelHandlerContext.java:444)
	at io.netty.channel.AbstractChannelHandlerContext.invokeChannelRead(AbstractChannelHandlerContext.java:420)
	at io.netty.channel.AbstractChannelHandlerContext.fireChannelRead(AbstractChannelHandlerContext.java:412)
	at io.netty.channel.DefaultChannelPipeline$HeadContext.channelRead(DefaultChannelPipeline.java:1357)
	at io.netty.channel.AbstractChannelHandlerContext.invokeChannelRead(AbstractChannelHandlerContext.java:440)
	at io.netty.channel.AbstractChannelHandlerContext.invokeChannelRead(AbstractChannelHandlerContext.java:420)
	at io.netty.channel.DefaultChannelPipeline.fireChannelRead(DefaultChannelPipeline.java:868)
	at io.netty.channel.nio.AbstractNioByteChannel$NioByteUnsafe.read(AbstractNioByteChannel.java:171)
	at io.netty.channel.nio.NioEventLoop.processSelectedKey(NioEventLoop.java:796)
	at io.netty.channel.nio.NioEventLoop.processSelectedKeysOptimized(NioEventLoop.java:732)
	at io.netty.channel.nio.NioEventLoop.processSelectedKeys(NioEventLoop.java:658)
	at io.netty.channel.nio.NioEventLoop.run(NioEventLoop.java:562)
	at io.netty.util.concurrent.SingleThreadEventExecutor$4.run(SingleThreadEventExecutor.java:998)
	at io.netty.util.internal.ThreadExecutorMap$2.run(ThreadExecutorMap.java:74)
	at java.base/java.lang.Thread.run(Thread.java:1583)
Caused by: javax.net.ssl.SSLHandshakeException: (certificate_unknown) PKIX path validation failed: java.security.cert.CertPathValidatorException: validity check failed
	at java.base/sun.security.ssl.Alert.createSSLException(Alert.java:130)
	at java.base/sun.security.ssl.TransportContext.fatal(TransportContext.java:383)
	at java.base/sun.security.ssl.TransportContext.fatal(TransportContext.java:326)
	at java.base/sun.security.ssl.TransportContext.fatal(TransportContext.java:321)
	at java.base/sun.security.ssl.CertificateMessage$T13CertificateConsumer.checkClientCerts(CertificateMessage.java:1232)
	at java.base/sun.security.ssl.CertificateMessage$T13CertificateConsumer.onConsumeCertificate(CertificateMessage.java:1136)
	at java.base/sun.security.ssl.CertificateMessage$T13CertificateConsumer.consume(CertificateMessage.java:1113)
	at java.base/sun.security.ssl.SSLHandshake.consume(SSLHandshake.java:393)
	at java.base/sun.security.ssl.HandshakeContext.dispatch(HandshakeContext.java:477)
	at java.base/sun.security.ssl.SSLEngineImpl$DelegatedTask$DelegatedAction.run(SSLEngineImpl.java:1274)
	at java.base/sun.security.ssl.SSLEngineImpl$DelegatedTask$DelegatedAction.run(SSLEngineImpl.java:1261)
	at java.base/java.security.AccessController.doPrivileged(AccessController.java:714)
	at java.base/sun.security.ssl.SSLEngineImpl$DelegatedTask.run(SSLEngineImpl.java:1206)
	at io.netty.handler.ssl.SslHandler.runDelegatedTasks(SslHandler.java:1695)
	at io.netty.handler.ssl.SslHandler.unwrap(SslHandler.java:1541)
	at io.netty.handler.ssl.SslHandler.decodeJdkCompatible(SslHandler.java:1377)
	at io.netty.handler.ssl.SslHandler.decode(SslHandler.java:1428)
	at io.netty.handler.codec.ByteToMessageDecoder.decodeRemovalReentryProtection(ByteToMessageDecoder.java:545)
	at io.netty.handler.codec.ByteToMessageDecoder.callDecode(ByteToMessageDecoder.java:484)
	... 16 more
Caused by: sun.security.validator.ValidatorException: PKIX path validation failed: java.security.cert.CertPathValidatorException: validity check failed
	at java.base/sun.security.validator.PKIXValidator.doValidate(PKIXValidator.java:318)
	at java.base/sun.security.validator.PKIXValidator.engineValidate(PKIXValidator.java:267)
	at java.base/sun.security.validator.Validator.validate(Validator.java:256)
	at java.base/sun.security.ssl.X509TrustManagerImpl.checkTrusted(X509TrustManagerImpl.java:284)
	at java.base/sun.security.ssl.X509TrustManagerImpl.checkClientTrusted(X509TrustManagerImpl.java:138)
	at io.netty.handler.ssl.EnhancingX509ExtendedTrustManager.checkClientTrusted(EnhancingX509ExtendedTrustManager.java:77)
	at java.base/sun.security.ssl.CertificateMessage$T13CertificateConsumer.checkClientCerts(CertificateMessage.java:1210)
	... 30 more
Caused by: java.security.cert.CertPathValidatorException: validity check failed
	at java.base/sun.security.provider.certpath.PKIXMasterCertPathValidator.validate(PKIXMasterCertPathValidator.java:135)
	at java.base/sun.security.provider.certpath.PKIXCertPathValidator.validate(PKIXCertPathValidator.java:224)
	at java.base/sun.security.provider.certpath.PKIXCertPathValidator.validate(PKIXCertPathValidator.java:144)
	at java.base/sun.security.provider.certpath.PKIXCertPathValidator.engineValidate(PKIXCertPathValidator.java:83)
	at java.base/java.security.cert.CertPathValidator.validate(CertPathValidator.java:309)
	at java.base/sun.security.validator.PKIXValidator.doValidate(PKIXValidator.java:313)
	... 36 more
Caused by: java.security.cert.CertificateExpiredException: NotAfter: Tue Jan 02 01:00:00 CET 2024
	at java.base/sun.security.x509.CertificateValidity.valid(CertificateValidity.java:182)
	at java.base/sun.security.x509.X509CertImpl.checkValidity(X509CertImpl.java:534)
	at java.base/sun.security.provider.certpath.BasicChecker.verifyValidity(BasicChecker.java:190)
	at java.base/sun.security.provider.certpath.BasicChecker.check(BasicChecker.java:144)
	at java.base/sun.security.provider.certpath.PKIXMasterCertPathValidator.validate(PKIXMasterCertPathValidator.java:125)
	... 41 more
[2026-08-08T16:31:16,501][INFO ][org.logstash.beats.BeatsHandler][beats-tls][cea61c76cb89e8de1c33fda45ab2b43ef03d0a587a2da8dd49b947033416f5e3] [local: 192.168.1.56:5044, remote: 192.168.1.55:60244] Handling exception: io.netty.handler.codec.DecoderException: javax.net.ssl.SSLHandshakeException: (certificate_unknown) PKIX path validation failed: java.security.cert.CertPathValidatorException: validity check failed (caused by: java.security.cert.CertificateExpiredException: NotAfter: Tue Jan 02 01:00:00 CET 2024)
[2026-08-08T16:31:16,502][WARN ][io.netty.channel.DefaultChannelPipeline][beats-tls][cea61c76cb89e8de1c33fda45ab2b43ef03d0a587a2da8dd49b947033416f5e3] An exceptionCaught() event was fired, and it reached at the tail of the pipeline. It usually means the last handler in the pipeline did not handle the exception.
io.netty.handler.codec.DecoderException: javax.net.ssl.SSLHandshakeException: (certificate_unknown) PKIX path validation failed: java.security.cert.CertPathValidatorException: validity check failed
	at io.netty.handler.codec.ByteToMessageDecoder.callDecode(ByteToMessageDecoder.java:515)
	at io.netty.handler.codec.ByteToMessageDecoder.channelRead(ByteToMessageDecoder.java:296)
	at io.netty.channel.AbstractChannelHandlerContext.invokeChannelRead(AbstractChannelHandlerContext.java:444)
	at io.netty.channel.AbstractChannelHandlerContext.invokeChannelRead(AbstractChannelHandlerContext.java:420)
	at io.netty.channel.AbstractChannelHandlerContext.fireChannelRead(AbstractChannelHandlerContext.java:412)
	at io.netty.channel.DefaultChannelPipeline$HeadContext.channelRead(DefaultChannelPipeline.java:1357)
	at io.netty.channel.AbstractChannelHandlerContext.invokeChannelRead(AbstractChannelHandlerContext.java:440)
	at io.netty.channel.AbstractChannelHandlerContext.invokeChannelRead(AbstractChannelHandlerContext.java:420)
	at io.netty.channel.DefaultChannelPipeline.fireChannelRead(DefaultChannelPipeline.java:868)
	at io.netty.channel.nio.AbstractNioByteChannel$NioByteUnsafe.read(AbstractNioByteChannel.java:171)
	at io.netty.channel.nio.NioEventLoop.processSelectedKey(NioEventLoop.java:796)
	at io.netty.channel.nio.NioEventLoop.processSelectedKeysOptimized(NioEventLoop.java:732)
	at io.netty.channel.nio.NioEventLoop.processSelectedKeys(NioEventLoop.java:658)
	at io.netty.channel.nio.NioEventLoop.run(NioEventLoop.java:562)
	at io.netty.util.concurrent.SingleThreadEventExecutor$4.run(SingleThreadEventExecutor.java:998)
	at io.netty.util.internal.ThreadExecutorMap$2.run(ThreadExecutorMap.java:74)
	at java.base/java.lang.Thread.run(Thread.java:1583)
Caused by: javax.net.ssl.SSLHandshakeException: (certificate_unknown) PKIX path validation failed: java.security.cert.CertPathValidatorException: validity check failed
	at java.base/sun.security.ssl.Alert.createSSLException(Alert.java:130)
	at java.base/sun.security.ssl.TransportContext.fatal(TransportContext.java:383)
	at java.base/sun.security.ssl.TransportContext.fatal(TransportContext.java:326)
	at java.base/sun.security.ssl.TransportContext.fatal(TransportContext.java:321)
	at java.base/sun.security.ssl.CertificateMessage$T13CertificateConsumer.checkClientCerts(CertificateMessage.java:1232)
	at java.base/sun.security.ssl.CertificateMessage$T13CertificateConsumer.onConsumeCertificate(CertificateMessage.java:1136)
	at java.base/sun.security.ssl.CertificateMessage$T13CertificateConsumer.consume(CertificateMessage.java:1113)
	at java.base/sun.security.ssl.SSLHandshake.consume(SSLHandshake.java:393)
	at java.base/sun.security.ssl.HandshakeContext.dispatch(HandshakeContext.java:477)
	at java.base/sun.security.ssl.SSLEngineImpl$DelegatedTask$DelegatedAction.run(SSLEngineImpl.java:1274)
	at java.base/sun.security.ssl.SSLEngineImpl$DelegatedTask$DelegatedAction.run(SSLEngineImpl.java:1261)
	at java.base/java.security.AccessController.doPrivileged(AccessController.java:714)
	at java.base/sun.security.ssl.SSLEngineImpl$DelegatedTask.run(SSLEngineImpl.java:1206)
	at io.netty.handler.ssl.SslHandler.runDelegatedTasks(SslHandler.java:1695)
	at io.netty.handler.ssl.SslHandler.unwrap(SslHandler.java:1541)
	at io.netty.handler.ssl.SslHandler.decodeJdkCompatible(SslHandler.java:1377)
	at io.netty.handler.ssl.SslHandler.decode(SslHandler.java:1428)
	at io.netty.handler.codec.ByteToMessageDecoder.decodeRemovalReentryProtection(ByteToMessageDecoder.java:545)
	at io.netty.handler.codec.ByteToMessageDecoder.callDecode(ByteToMessageDecoder.java:484)
	... 16 more
Caused by: sun.security.validator.ValidatorException: PKIX path validation failed: java.security.cert.CertPathValidatorException: validity check failed
	at java.base/sun.security.validator.PKIXValidator.doValidate(PKIXValidator.java:318)
	at java.base/sun.security.validator.PKIXValidator.engineValidate(PKIXValidator.java:267)
	at java.base/sun.security.validator.Validator.validate(Validator.java:256)
	at java.base/sun.security.ssl.X509TrustManagerImpl.checkTrusted(X509TrustManagerImpl.java:284)
	at java.base/sun.security.ssl.X509TrustManagerImpl.checkClientTrusted(X509TrustManagerImpl.java:138)
	at io.netty.handler.ssl.EnhancingX509ExtendedTrustManager.checkClientTrusted(EnhancingX509ExtendedTrustManager.java:77)
	at java.base/sun.security.ssl.CertificateMessage$T13CertificateConsumer.checkClientCerts(CertificateMessage.java:1210)
	... 30 more
Caused by: java.security.cert.CertPathValidatorException: validity check failed
	at java.base/sun.security.provider.certpath.PKIXMasterCertPathValidator.validate(PKIXMasterCertPathValidator.java:135)
	at java.base/sun.security.provider.certpath.PKIXCertPathValidator.validate(PKIXCertPathValidator.java:224)
	at java.base/sun.security.provider.certpath.PKIXCertPathValidator.validate(PKIXCertPathValidator.java:144)
	at java.base/sun.security.provider.certpath.PKIXCertPathValidator.engineValidate(PKIXCertPathValidator.java:83)
	at java.base/java.security.cert.CertPathValidator.validate(CertPathValidator.java:309)
	at java.base/sun.security.validator.PKIXValidator.doValidate(PKIXValidator.java:313)
	... 36 more
Caused by: java.security.cert.CertificateExpiredException: NotAfter: Tue Jan 02 01:00:00 CET 2024
	at java.base/sun.security.x509.CertificateValidity.valid(CertificateValidity.java:182)
	at java.base/sun.security.x509.X509CertImpl.checkValidity(X509CertImpl.java:534)
	at java.base/sun.security.provider.certpath.BasicChecker.verifyValidity(BasicChecker.java:190)
	at java.base/sun.security.provider.certpath.BasicChecker.check(BasicChecker.java:144)
	at java.base/sun.security.provider.certpath.PKIXMasterCertPathValidator.validate(PKIXMasterCertPathValidator.java:125)
	... 41 more
[2026-08-08T16:31:21,040][INFO ][org.logstash.beats.BeatsHandler][beats-tls][cea61c76cb89e8de1c33fda45ab2b43ef03d0a587a2da8dd49b947033416f5e3] [local: 192.168.1.56:5044, remote: 192.168.1.55:45046] Handling exception: io.netty.handler.codec.DecoderException: javax.net.ssl.SSLHandshakeException: (certificate_unknown) PKIX path validation failed: java.security.cert.CertPathValidatorException: validity check failed (caused by: java.security.cert.CertificateExpiredException: NotAfter: Tue Jan 02 01:00:00 CET 2024)
[2026-08-08T16:31:21,041][WARN ][io.netty.channel.DefaultChannelPipeline][beats-tls][cea61c76cb89e8de1c33fda45ab2b43ef03d0a587a2da8dd49b947033416f5e3] An exceptionCaught() event was fired, and it reached at the tail of the pipeline. It usually means the last handler in the pipeline did not handle the exception.
io.netty.handler.codec.DecoderException: javax.net.ssl.SSLHandshakeException: (certificate_unknown) PKIX path validation failed: java.security.cert.CertPathValidatorException: validity check failed
	at io.netty.handler.codec.ByteToMessageDecoder.callDecode(ByteToMessageDecoder.java:515)
	at io.netty.handler.codec.ByteToMessageDecoder.channelRead(ByteToMessageDecoder.java:296)
	at io.netty.channel.AbstractChannelHandlerContext.invokeChannelRead(AbstractChannelHandlerContext.java:444)
	at io.netty.channel.AbstractChannelHandlerContext.invokeChannelRead(AbstractChannelHandlerContext.java:420)
	at io.netty.channel.AbstractChannelHandlerContext.fireChannelRead(AbstractChannelHandlerContext.java:412)
	at io.netty.channel.DefaultChannelPipeline$HeadContext.channelRead(DefaultChannelPipeline.java:1357)
	at io.netty.channel.AbstractChannelHandlerContext.invokeChannelRead(AbstractChannelHandlerContext.java:440)
	at io.netty.channel.AbstractChannelHandlerContext.invokeChannelRead(AbstractChannelHandlerContext.java:420)
	at io.netty.channel.DefaultChannelPipeline.fireChannelRead(DefaultChannelPipeline.java:868)
	at io.netty.channel.nio.AbstractNioByteChannel$NioByteUnsafe.read(AbstractNioByteChannel.java:171)
	at io.netty.channel.nio.NioEventLoop.processSelectedKey(NioEventLoop.java:796)
	at io.netty.channel.nio.NioEventLoop.processSelectedKeysOptimized(NioEventLoop.java:732)
	at io.netty.channel.nio.NioEventLoop.processSelectedKeys(NioEventLoop.java:658)
	at io.netty.channel.nio.NioEventLoop.run(NioEventLoop.java:562)
	at io.netty.util.concurrent.SingleThreadEventExecutor$4.run(SingleThreadEventExecutor.java:998)
	at io.netty.util.internal.ThreadExecutorMap$2.run(ThreadExecutorMap.java:74)
	at java.base/java.lang.Thread.run(Thread.java:1583)
Caused by: javax.net.ssl.SSLHandshakeException: (certificate_unknown) PKIX path validation failed: java.security.cert.CertPathValidatorException: validity check failed
	at java.base/sun.security.ssl.Alert.createSSLException(Alert.java:130)
	at java.base/sun.security.ssl.TransportContext.fatal(TransportContext.java:383)
	at java.base/sun.security.ssl.TransportContext.fatal(TransportContext.java:326)
	at java.base/sun.security.ssl.TransportContext.fatal(TransportContext.java:321)
	at java.base/sun.security.ssl.CertificateMessage$T13CertificateConsumer.checkClientCerts(CertificateMessage.java:1232)
	at java.base/sun.security.ssl.CertificateMessage$T13CertificateConsumer.onConsumeCertificate(CertificateMessage.java:1136)
	at java.base/sun.security.ssl.CertificateMessage$T13CertificateConsumer.consume(CertificateMessage.java:1113)
	at java.base/sun.security.ssl.SSLHandshake.consume(SSLHandshake.java:393)
	at java.base/sun.security.ssl.HandshakeContext.dispatch(HandshakeContext.java:477)
	at java.base/sun.security.ssl.SSLEngineImpl$DelegatedTask$DelegatedAction.run(SSLEngineImpl.java:1274)
	at java.base/sun.security.ssl.SSLEngineImpl$DelegatedTask$DelegatedAction.run(SSLEngineImpl.java:1261)
	at java.base/java.security.AccessController.doPrivileged(AccessController.java:714)
	at java.base/sun.security.ssl.SSLEngineImpl$DelegatedTask.run(SSLEngineImpl.java:1206)
	at io.netty.handler.ssl.SslHandler.runDelegatedTasks(SslHandler.java:1695)
	at io.netty.handler.ssl.SslHandler.unwrap(SslHandler.java:1541)
	at io.netty.handler.ssl.SslHandler.decodeJdkCompatible(SslHandler.java:1377)
	at io.netty.handler.ssl.SslHandler.decode(SslHandler.java:1428)
	at io.netty.handler.codec.ByteToMessageDecoder.decodeRemovalReentryProtection(ByteToMessageDecoder.java:545)
	at io.netty.handler.codec.ByteToMessageDecoder.callDecode(ByteToMessageDecoder.java:484)
	... 16 more
Caused by: sun.security.validator.ValidatorException: PKIX path validation failed: java.security.cert.CertPathValidatorException: validity check failed
	at java.base/sun.security.validator.PKIXValidator.doValidate(PKIXValidator.java:318)
	at java.base/sun.security.validator.PKIXValidator.engineValidate(PKIXValidator.java:267)
	at java.base/sun.security.validator.Validator.validate(Validator.java:256)
	at java.base/sun.security.ssl.X509TrustManagerImpl.checkTrusted(X509TrustManagerImpl.java:284)
	at java.base/sun.security.ssl.X509TrustManagerImpl.checkClientTrusted(X509TrustManagerImpl.java:138)
	at io.netty.handler.ssl.EnhancingX509ExtendedTrustManager.checkClientTrusted(EnhancingX509ExtendedTrustManager.java:77)
	at java.base/sun.security.ssl.CertificateMessage$T13CertificateConsumer.checkClientCerts(CertificateMessage.java:1210)
	... 30 more
Caused by: java.security.cert.CertPathValidatorException: validity check failed
	at java.base/sun.security.provider.certpath.PKIXMasterCertPathValidator.validate(PKIXMasterCertPathValidator.java:135)
	at java.base/sun.security.provider.certpath.PKIXCertPathValidator.validate(PKIXCertPathValidator.java:224)
	at java.base/sun.security.provider.certpath.PKIXCertPathValidator.validate(PKIXCertPathValidator.java:144)
	at java.base/sun.security.provider.certpath.PKIXCertPathValidator.engineValidate(PKIXCertPathValidator.java:83)
	at java.base/java.security.cert.CertPathValidator.validate(CertPathValidator.java:309)
	at java.base/sun.security.validator.PKIXValidator.doValidate(PKIXValidator.java:313)
	... 36 more
Caused by: java.security.cert.CertificateExpiredException: NotAfter: Tue Jan 02 01:00:00 CET 2024
	at java.base/sun.security.x509.CertificateValidity.valid(CertificateValidity.java:182)
	at java.base/sun.security.x509.X509CertImpl.checkValidity(X509CertImpl.java:534)
	at java.base/sun.security.provider.certpath.BasicChecker.verifyValidity(BasicChecker.java:190)
	at java.base/sun.security.provider.certpath.BasicChecker.check(BasicChecker.java:144)
	at java.base/sun.security.provider.certpath.PKIXMasterCertPathValidator.validate(PKIXMasterCertPathValidator.java:125)
	... 41 more
[2026-08-08T16:31:22,598][INFO ][org.logstash.beats.BeatsHandler][beats-tls][cea61c76cb89e8de1c33fda45ab2b43ef03d0a587a2da8dd49b947033416f5e3] [local: 192.168.1.56:5044, remote: 192.168.1.55:45060] Handling exception: io.netty.handler.codec.DecoderException: javax.net.ssl.SSLHandshakeException: (certificate_unknown) PKIX path validation failed: java.security.cert.CertPathValidatorException: validity check failed (caused by: java.security.cert.CertificateExpiredException: NotAfter: Tue Jan 02 01:00:00 CET 2024)
[2026-08-08T16:31:22,599][WARN ][io.netty.channel.DefaultChannelPipeline][beats-tls][cea61c76cb89e8de1c33fda45ab2b43ef03d0a587a2da8dd49b947033416f5e3] An exceptionCaught() event was fired, and it reached at the tail of the pipeline. It usually means the last handler in the pipeline did not handle the exception.
io.netty.handler.codec.DecoderException: javax.net.ssl.SSLHandshakeException: (certificate_unknown) PKIX path validation failed: java.security.cert.CertPathValidatorException: validity check failed
	at io.netty.handler.codec.ByteToMessageDecoder.callDecode(ByteToMessageDecoder.java:515)
	at io.netty.handler.codec.ByteToMessageDecoder.channelRead(ByteToMessageDecoder.java:296)
	at io.netty.channel.AbstractChannelHandlerContext.invokeChannelRead(AbstractChannelHandlerContext.java:444)
	at io.netty.channel.AbstractChannelHandlerContext.invokeChannelRead(AbstractChannelHandlerContext.java:420)
	at io.netty.channel.AbstractChannelHandlerContext.fireChannelRead(AbstractChannelHandlerContext.java:412)
	at io.netty.channel.DefaultChannelPipeline$HeadContext.channelRead(DefaultChannelPipeline.java:1357)
	at io.netty.channel.AbstractChannelHandlerContext.invokeChannelRead(AbstractChannelHandlerContext.java:440)
	at io.netty.channel.AbstractChannelHandlerContext.invokeChannelRead(AbstractChannelHandlerContext.java:420)
	at io.netty.channel.DefaultChannelPipeline.fireChannelRead(DefaultChannelPipeline.java:868)
	at io.netty.channel.nio.AbstractNioByteChannel$NioByteUnsafe.read(AbstractNioByteChannel.java:171)
	at io.netty.channel.nio.NioEventLoop.processSelectedKey(NioEventLoop.java:796)
	at io.netty.channel.nio.NioEventLoop.processSelectedKeysOptimized(NioEventLoop.java:732)
	at io.netty.channel.nio.NioEventLoop.processSelectedKeys(NioEventLoop.java:658)
	at io.netty.channel.nio.NioEventLoop.run(NioEventLoop.java:562)
	at io.netty.util.concurrent.SingleThreadEventExecutor$4.run(SingleThreadEventExecutor.java:998)
	at io.netty.util.internal.ThreadExecutorMap$2.run(ThreadExecutorMap.java:74)
	at java.base/java.lang.Thread.run(Thread.java:1583)
Caused by: javax.net.ssl.SSLHandshakeException: (certificate_unknown) PKIX path validation failed: java.security.cert.CertPathValidatorException: validity check failed
	at java.base/sun.security.ssl.Alert.createSSLException(Alert.java:130)
	at java.base/sun.security.ssl.TransportContext.fatal(TransportContext.java:383)
	at java.base/sun.security.ssl.TransportContext.fatal(TransportContext.java:326)
	at java.base/sun.security.ssl.TransportContext.fatal(TransportContext.java:321)
	at java.base/sun.security.ssl.CertificateMessage$T13CertificateConsumer.checkClientCerts(CertificateMessage.java:1232)
	at java.base/sun.security.ssl.CertificateMessage$T13CertificateConsumer.onConsumeCertificate(CertificateMessage.java:1136)
	at java.base/sun.security.ssl.CertificateMessage$T13CertificateConsumer.consume(CertificateMessage.java:1113)
	at java.base/sun.security.ssl.SSLHandshake.consume(SSLHandshake.java:393)
	at java.base/sun.security.ssl.HandshakeContext.dispatch(HandshakeContext.java:477)
	at java.base/sun.security.ssl.SSLEngineImpl$DelegatedTask$DelegatedAction.run(SSLEngineImpl.java:1274)
	at java.base/sun.security.ssl.SSLEngineImpl$DelegatedTask$DelegatedAction.run(SSLEngineImpl.java:1261)
	at java.base/java.security.AccessController.doPrivileged(AccessController.java:714)
	at java.base/sun.security.ssl.SSLEngineImpl$DelegatedTask.run(SSLEngineImpl.java:1206)
	at io.netty.handler.ssl.SslHandler.runDelegatedTasks(SslHandler.java:1695)
	at io.netty.handler.ssl.SslHandler.unwrap(SslHandler.java:1541)
	at io.netty.handler.ssl.SslHandler.decodeJdkCompatible(SslHandler.java:1377)
	at io.netty.handler.ssl.SslHandler.decode(SslHandler.java:1428)
	at io.netty.handler.codec.ByteToMessageDecoder.decodeRemovalReentryProtection(ByteToMessageDecoder.java:545)
	at io.netty.handler.codec.ByteToMessageDecoder.callDecode(ByteToMessageDecoder.java:484)
	... 16 more
Caused by: sun.security.validator.ValidatorException: PKIX path validation failed: java.security.cert.CertPathValidatorException: validity check failed
	at java.base/sun.security.validator.PKIXValidator.doValidate(PKIXValidator.java:318)
	at java.base/sun.security.validator.PKIXValidator.engineValidate(PKIXValidator.java:267)
	at java.base/sun.security.validator.Validator.validate(Validator.java:256)
	at java.base/sun.security.ssl.X509TrustManagerImpl.checkTrusted(X509TrustManagerImpl.java:284)
	at java.base/sun.security.ssl.X509TrustManagerImpl.checkClientTrusted(X509TrustManagerImpl.java:138)
	at io.netty.handler.ssl.EnhancingX509ExtendedTrustManager.checkClientTrusted(EnhancingX509ExtendedTrustManager.java:77)
	at java.base/sun.security.ssl.CertificateMessage$T13CertificateConsumer.checkClientCerts(CertificateMessage.java:1210)
	... 30 more
Caused by: java.security.cert.CertPathValidatorException: validity check failed
	at java.base/sun.security.provider.certpath.PKIXMasterCertPathValidator.validate(PKIXMasterCertPathValidator.java:135)
	at java.base/sun.security.provider.certpath.PKIXCertPathValidator.validate(PKIXCertPathValidator.java:224)
	at java.base/sun.security.provider.certpath.PKIXCertPathValidator.validate(PKIXCertPathValidator.java:144)
	at java.base/sun.security.provider.certpath.PKIXCertPathValidator.engineValidate(PKIXCertPathValidator.java:83)
	at java.base/java.security.cert.CertPathValidator.validate(CertPathValidator.java:309)
	at java.base/sun.security.validator.PKIXValidator.doValidate(PKIXValidator.java:313)
	... 36 more
Caused by: java.security.cert.CertificateExpiredException: NotAfter: Tue Jan 02 01:00:00 CET 2024
	at java.base/sun.security.x509.CertificateValidity.valid(CertificateValidity.java:182)
	at java.base/sun.security.x509.X509CertImpl.checkValidity(X509CertImpl.java:534)
	at java.base/sun.security.provider.certpath.BasicChecker.verifyValidity(BasicChecker.java:190)
	at java.base/sun.security.provider.certpath.BasicChecker.check(BasicChecker.java:144)
	at java.base/sun.security.provider.certpath.PKIXMasterCertPathValidator.validate(PKIXMasterCertPathValidator.java:125)
	... 41 more
[2026-08-08T16:31:24,212][INFO ][org.logstash.beats.BeatsHandler][beats-tls][cea61c76cb89e8de1c33fda45ab2b43ef03d0a587a2da8dd49b947033416f5e3] [local: 192.168.1.56:5044, remote: 192.168.1.55:45064] Handling exception: io.netty.handler.codec.DecoderException: javax.net.ssl.SSLHandshakeException: (certificate_unknown) PKIX path validation failed: java.security.cert.CertPathValidatorException: validity check failed (caused by: java.security.cert.CertificateExpiredException: NotAfter: Tue Jan 02 01:00:00 CET 2024)
[2026-08-08T16:31:24,214][WARN ][io.netty.channel.DefaultChannelPipeline][beats-tls][cea61c76cb89e8de1c33fda45ab2b43ef03d0a587a2da8dd49b947033416f5e3] An exceptionCaught() event was fired, and it reached at the tail of the pipeline. It usually means the last handler in the pipeline did not handle the exception.
io.netty.handler.codec.DecoderException: javax.net.ssl.SSLHandshakeException: (certificate_unknown) PKIX path validation failed: java.security.cert.CertPathValidatorException: validity check failed
	at io.netty.handler.codec.ByteToMessageDecoder.callDecode(ByteToMessageDecoder.java:515)
	at io.netty.handler.codec.ByteToMessageDecoder.channelRead(ByteToMessageDecoder.java:296)
	at io.netty.channel.AbstractChannelHandlerContext.invokeChannelRead(AbstractChannelHandlerContext.java:444)
	at io.netty.channel.AbstractChannelHandlerContext.invokeChannelRead(AbstractChannelHandlerContext.java:420)
	at io.netty.channel.AbstractChannelHandlerContext.fireChannelRead(AbstractChannelHandlerContext.java:412)
	at io.netty.channel.DefaultChannelPipeline$HeadContext.channelRead(DefaultChannelPipeline.java:1357)
	at io.netty.channel.AbstractChannelHandlerContext.invokeChannelRead(AbstractChannelHandlerContext.java:440)
	at io.netty.channel.AbstractChannelHandlerContext.invokeChannelRead(AbstractChannelHandlerContext.java:420)
	at io.netty.channel.DefaultChannelPipeline.fireChannelRead(DefaultChannelPipeline.java:868)
	at io.netty.channel.nio.AbstractNioByteChannel$NioByteUnsafe.read(AbstractNioByteChannel.java:171)
	at io.netty.channel.nio.NioEventLoop.processSelectedKey(NioEventLoop.java:796)
	at io.netty.channel.nio.NioEventLoop.processSelectedKeysOptimized(NioEventLoop.java:732)
	at io.netty.channel.nio.NioEventLoop.processSelectedKeys(NioEventLoop.java:658)
	at io.netty.channel.nio.NioEventLoop.run(NioEventLoop.java:562)
	at io.netty.util.concurrent.SingleThreadEventExecutor$4.run(SingleThreadEventExecutor.java:998)
	at io.netty.util.internal.ThreadExecutorMap$2.run(ThreadExecutorMap.java:74)
	at java.base/java.lang.Thread.run(Thread.java:1583)
Caused by: javax.net.ssl.SSLHandshakeException: (certificate_unknown) PKIX path validation failed: java.security.cert.CertPathValidatorException: validity check failed
	at java.base/sun.security.ssl.Alert.createSSLException(Alert.java:130)
	at java.base/sun.security.ssl.TransportContext.fatal(TransportContext.java:383)
	at java.base/sun.security.ssl.TransportContext.fatal(TransportContext.java:326)
	at java.base/sun.security.ssl.TransportContext.fatal(TransportContext.java:321)
	at java.base/sun.security.ssl.CertificateMessage$T13CertificateConsumer.checkClientCerts(CertificateMessage.java:1232)
	at java.base/sun.security.ssl.CertificateMessage$T13CertificateConsumer.onConsumeCertificate(CertificateMessage.java:1136)
	at java.base/sun.security.ssl.CertificateMessage$T13CertificateConsumer.consume(CertificateMessage.java:1113)
	at java.base/sun.security.ssl.SSLHandshake.consume(SSLHandshake.java:393)
	at java.base/sun.security.ssl.HandshakeContext.dispatch(HandshakeContext.java:477)
	at java.base/sun.security.ssl.SSLEngineImpl$DelegatedTask$DelegatedAction.run(SSLEngineImpl.java:1274)
	at java.base/sun.security.ssl.SSLEngineImpl$DelegatedTask$DelegatedAction.run(SSLEngineImpl.java:1261)
	at java.base/java.security.AccessController.doPrivileged(AccessController.java:714)
	at java.base/sun.security.ssl.SSLEngineImpl$DelegatedTask.run(SSLEngineImpl.java:1206)
	at io.netty.handler.ssl.SslHandler.runDelegatedTasks(SslHandler.java:1695)
	at io.netty.handler.ssl.SslHandler.unwrap(SslHandler.java:1541)
	at io.netty.handler.ssl.SslHandler.decodeJdkCompatible(SslHandler.java:1377)
	at io.netty.handler.ssl.SslHandler.decode(SslHandler.java:1428)
	at io.netty.handler.codec.ByteToMessageDecoder.decodeRemovalReentryProtection(ByteToMessageDecoder.java:545)
	at io.netty.handler.codec.ByteToMessageDecoder.callDecode(ByteToMessageDecoder.java:484)
	... 16 more
Caused by: sun.security.validator.ValidatorException: PKIX path validation failed: java.security.cert.CertPathValidatorException: validity check failed
	at java.base/sun.security.validator.PKIXValidator.doValidate(PKIXValidator.java:318)
	at java.base/sun.security.validator.PKIXValidator.engineValidate(PKIXValidator.java:267)
	at java.base/sun.security.validator.Validator.validate(Validator.java:256)
	at java.base/sun.security.ssl.X509TrustManagerImpl.checkTrusted(X509TrustManagerImpl.java:284)
	at java.base/sun.security.ssl.X509TrustManagerImpl.checkClientTrusted(X509TrustManagerImpl.java:138)
	at io.netty.handler.ssl.EnhancingX509ExtendedTrustManager.checkClientTrusted(EnhancingX509ExtendedTrustManager.java:77)
	at java.base/sun.security.ssl.CertificateMessage$T13CertificateConsumer.checkClientCerts(CertificateMessage.java:1210)
	... 30 more
Caused by: java.security.cert.CertPathValidatorException: validity check failed
	at java.base/sun.security.provider.certpath.PKIXMasterCertPathValidator.validate(PKIXMasterCertPathValidator.java:135)
	at java.base/sun.security.provider.certpath.PKIXCertPathValidator.validate(PKIXCertPathValidator.java:224)
	at java.base/sun.security.provider.certpath.PKIXCertPathValidator.validate(PKIXCertPathValidator.java:144)
	at java.base/sun.security.provider.certpath.PKIXCertPathValidator.engineValidate(PKIXCertPathValidator.java:83)
	at java.base/java.security.cert.CertPathValidator.validate(CertPathValidator.java:309)
	at java.base/sun.security.validator.PKIXValidator.doValidate(PKIXValidator.java:313)
	... 36 more
Caused by: java.security.cert.CertificateExpiredException: NotAfter: Tue Jan 02 01:00:00 CET 2024
	at java.base/sun.security.x509.CertificateValidity.valid(CertificateValidity.java:182)
	at java.base/sun.security.x509.X509CertImpl.checkValidity(X509CertImpl.java:534)
	at java.base/sun.security.provider.certpath.BasicChecker.verifyValidity(BasicChecker.java:190)
	at java.base/sun.security.provider.certpath.BasicChecker.check(BasicChecker.java:144)
	at java.base/sun.security.provider.certpath.PKIXMasterCertPathValidator.validate(PKIXMasterCertPathValidator.java:125)
	... 41 more
[2026-08-08T16:31:26,123][INFO ][org.logstash.beats.BeatsHandler][beats-tls][cea61c76cb89e8de1c33fda45ab2b43ef03d0a587a2da8dd49b947033416f5e3] [local: 192.168.1.56:5044, remote: 192.168.1.55:45066] Handling exception: io.netty.handler.codec.DecoderException: javax.net.ssl.SSLHandshakeException: (certificate_unknown) PKIX path validation failed: java.security.cert.CertPathValidatorException: validity check failed (caused by: java.security.cert.CertificateExpiredException: NotAfter: Tue Jan 02 01:00:00 CET 2024)
[2026-08-08T16:31:26,124][WARN ][io.netty.channel.DefaultChannelPipeline][beats-tls][cea61c76cb89e8de1c33fda45ab2b43ef03d0a587a2da8dd49b947033416f5e3] An exceptionCaught() event was fired, and it reached at the tail of the pipeline. It usually means the last handler in the pipeline did not handle the exception.
io.netty.handler.codec.DecoderException: javax.net.ssl.SSLHandshakeException: (certificate_unknown) PKIX path validation failed: java.security.cert.CertPathValidatorException: validity check failed
	at io.netty.handler.codec.ByteToMessageDecoder.callDecode(ByteToMessageDecoder.java:515)
	at io.netty.handler.codec.ByteToMessageDecoder.channelRead(ByteToMessageDecoder.java:296)
	at io.netty.channel.AbstractChannelHandlerContext.invokeChannelRead(AbstractChannelHandlerContext.java:444)
	at io.netty.channel.AbstractChannelHandlerContext.invokeChannelRead(AbstractChannelHandlerContext.java:420)
	at io.netty.channel.AbstractChannelHandlerContext.fireChannelRead(AbstractChannelHandlerContext.java:412)
	at io.netty.channel.DefaultChannelPipeline$HeadContext.channelRead(DefaultChannelPipeline.java:1357)
	at io.netty.channel.AbstractChannelHandlerContext.invokeChannelRead(AbstractChannelHandlerContext.java:440)
	at io.netty.channel.AbstractChannelHandlerContext.invokeChannelRead(AbstractChannelHandlerContext.java:420)
	at io.netty.channel.DefaultChannelPipeline.fireChannelRead(DefaultChannelPipeline.java:868)
	at io.netty.channel.nio.AbstractNioByteChannel$NioByteUnsafe.read(AbstractNioByteChannel.java:171)
	at io.netty.channel.nio.NioEventLoop.processSelectedKey(NioEventLoop.java:796)
	at io.netty.channel.nio.NioEventLoop.processSelectedKeysOptimized(NioEventLoop.java:732)
	at io.netty.channel.nio.NioEventLoop.processSelectedKeys(NioEventLoop.java:658)
	at io.netty.channel.nio.NioEventLoop.run(NioEventLoop.java:562)
	at io.netty.util.concurrent.SingleThreadEventExecutor$4.run(SingleThreadEventExecutor.java:998)
	at io.netty.util.internal.ThreadExecutorMap$2.run(ThreadExecutorMap.java:74)
	at java.base/java.lang.Thread.run(Thread.java:1583)
Caused by: javax.net.ssl.SSLHandshakeException: (certificate_unknown) PKIX path validation failed: java.security.cert.CertPathValidatorException: validity check failed
	at java.base/sun.security.ssl.Alert.createSSLException(Alert.java:130)
	at java.base/sun.security.ssl.TransportContext.fatal(TransportContext.java:383)
	at java.base/sun.security.ssl.TransportContext.fatal(TransportContext.java:326)
	at java.base/sun.security.ssl.TransportContext.fatal(TransportContext.java:321)
	at java.base/sun.security.ssl.CertificateMessage$T13CertificateConsumer.checkClientCerts(CertificateMessage.java:1232)
	at java.base/sun.security.ssl.CertificateMessage$T13CertificateConsumer.onConsumeCertificate(CertificateMessage.java:1136)
	at java.base/sun.security.ssl.CertificateMessage$T13CertificateConsumer.consume(CertificateMessage.java:1113)
	at java.base/sun.security.ssl.SSLHandshake.consume(SSLHandshake.java:393)
	at java.base/sun.security.ssl.HandshakeContext.dispatch(HandshakeContext.java:477)
	at java.base/sun.security.ssl.SSLEngineImpl$DelegatedTask$DelegatedAction.run(SSLEngineImpl.java:1274)
	at java.base/sun.security.ssl.SSLEngineImpl$DelegatedTask$DelegatedAction.run(SSLEngineImpl.java:1261)
	at java.base/java.security.AccessController.doPrivileged(AccessController.java:714)
	at java.base/sun.security.ssl.SSLEngineImpl$DelegatedTask.run(SSLEngineImpl.java:1206)
	at io.netty.handler.ssl.SslHandler.runDelegatedTasks(SslHandler.java:1695)
	at io.netty.handler.ssl.SslHandler.unwrap(SslHandler.java:1541)
	at io.netty.handler.ssl.SslHandler.decodeJdkCompatible(SslHandler.java:1377)
	at io.netty.handler.ssl.SslHandler.decode(SslHandler.java:1428)
	at io.netty.handler.codec.ByteToMessageDecoder.decodeRemovalReentryProtection(ByteToMessageDecoder.java:545)
	at io.netty.handler.codec.ByteToMessageDecoder.callDecode(ByteToMessageDecoder.java:484)
	... 16 more
Caused by: sun.security.validator.ValidatorException: PKIX path validation failed: java.security.cert.CertPathValidatorException: validity check failed
	at java.base/sun.security.validator.PKIXValidator.doValidate(PKIXValidator.java:318)
	at java.base/sun.security.validator.PKIXValidator.engineValidate(PKIXValidator.java:267)
	at java.base/sun.security.validator.Validator.validate(Validator.java:256)
	at java.base/sun.security.ssl.X509TrustManagerImpl.checkTrusted(X509TrustManagerImpl.java:284)
	at java.base/sun.security.ssl.X509TrustManagerImpl.checkClientTrusted(X509TrustManagerImpl.java:138)
	at io.netty.handler.ssl.EnhancingX509ExtendedTrustManager.checkClientTrusted(EnhancingX509ExtendedTrustManager.java:77)
	at java.base/sun.security.ssl.CertificateMessage$T13CertificateConsumer.checkClientCerts(CertificateMessage.java:1210)
	... 30 more
Caused by: java.security.cert.CertPathValidatorException: validity check failed
	at java.base/sun.security.provider.certpath.PKIXMasterCertPathValidator.validate(PKIXMasterCertPathValidator.java:135)
	at java.base/sun.security.provider.certpath.PKIXCertPathValidator.validate(PKIXCertPathValidator.java:224)
	at java.base/sun.security.provider.certpath.PKIXCertPathValidator.validate(PKIXCertPathValidator.java:144)
	at java.base/sun.security.provider.certpath.PKIXCertPathValidator.engineValidate(PKIXCertPathValidator.java:83)
	at java.base/java.security.cert.CertPathValidator.validate(CertPathValidator.java:309)
	at java.base/sun.security.validator.PKIXValidator.doValidate(PKIXValidator.java:313)
	... 36 more
Caused by: java.security.cert.CertificateExpiredException: NotAfter: Tue Jan 02 01:00:00 CET 2024
	at java.base/sun.security.x509.CertificateValidity.valid(CertificateValidity.java:182)
	at java.base/sun.security.x509.X509CertImpl.checkValidity(X509CertImpl.java:534)
	at java.base/sun.security.provider.certpath.BasicChecker.verifyValidity(BasicChecker.java:190)
	at java.base/sun.security.provider.certpath.BasicChecker.check(BasicChecker.java:144)
	at java.base/sun.security.provider.certpath.PKIXMasterCertPathValidator.validate(PKIXMasterCertPathValidator.java:125)
	... 41 more
[2026-08-08T16:31:27,527][INFO ][org.logstash.beats.BeatsHandler][beats-tls][cea61c76cb89e8de1c33fda45ab2b43ef03d0a587a2da8dd49b947033416f5e3] [local: 192.168.1.56:5044, remote: 192.168.1.55:45078] Handling exception: io.netty.handler.codec.DecoderException: javax.net.ssl.SSLHandshakeException: (certificate_unknown) PKIX path validation failed: java.security.cert.CertPathValidatorException: validity check failed (caused by: java.security.cert.CertificateExpiredException: NotAfter: Tue Jan 02 01:00:00 CET 2024)
[2026-08-08T16:31:27,530][WARN ][io.netty.channel.DefaultChannelPipeline][beats-tls][cea61c76cb89e8de1c33fda45ab2b43ef03d0a587a2da8dd49b947033416f5e3] An exceptionCaught() event was fired, and it reached at the tail of the pipeline. It usually means the last handler in the pipeline did not handle the exception.
io.netty.handler.codec.DecoderException: javax.net.ssl.SSLHandshakeException: (certificate_unknown) PKIX path validation failed: java.security.cert.CertPathValidatorException: validity check failed
	at io.netty.handler.codec.ByteToMessageDecoder.callDecode(ByteToMessageDecoder.java:515)
	at io.netty.handler.codec.ByteToMessageDecoder.channelRead(ByteToMessageDecoder.java:296)
	at io.netty.channel.AbstractChannelHandlerContext.invokeChannelRead(AbstractChannelHandlerContext.java:444)
	at io.netty.channel.AbstractChannelHandlerContext.invokeChannelRead(AbstractChannelHandlerContext.java:420)
	at io.netty.channel.AbstractChannelHandlerContext.fireChannelRead(AbstractChannelHandlerContext.java:412)
	at io.netty.channel.DefaultChannelPipeline$HeadContext.channelRead(DefaultChannelPipeline.java:1357)
	at io.netty.channel.AbstractChannelHandlerContext.invokeChannelRead(AbstractChannelHandlerContext.java:440)
	at io.netty.channel.AbstractChannelHandlerContext.invokeChannelRead(AbstractChannelHandlerContext.java:420)
	at io.netty.channel.DefaultChannelPipeline.fireChannelRead(DefaultChannelPipeline.java:868)
	at io.netty.channel.nio.AbstractNioByteChannel$NioByteUnsafe.read(AbstractNioByteChannel.java:171)
	at io.netty.channel.nio.NioEventLoop.processSelectedKey(NioEventLoop.java:796)
	at io.netty.channel.nio.NioEventLoop.processSelectedKeysOptimized(NioEventLoop.java:732)
	at io.netty.channel.nio.NioEventLoop.processSelectedKeys(NioEventLoop.java:658)
	at io.netty.channel.nio.NioEventLoop.run(NioEventLoop.java:562)
	at io.netty.util.concurrent.SingleThreadEventExecutor$4.run(SingleThreadEventExecutor.java:998)
	at io.netty.util.internal.ThreadExecutorMap$2.run(ThreadExecutorMap.java:74)
	at java.base/java.lang.Thread.run(Thread.java:1583)
Caused by: javax.net.ssl.SSLHandshakeException: (certificate_unknown) PKIX path validation failed: java.security.cert.CertPathValidatorException: validity check failed
	at java.base/sun.security.ssl.Alert.createSSLException(Alert.java:130)
	at java.base/sun.security.ssl.TransportContext.fatal(TransportContext.java:383)
	at java.base/sun.security.ssl.TransportContext.fatal(TransportContext.java:326)
	at java.base/sun.security.ssl.TransportContext.fatal(TransportContext.java:321)
	at java.base/sun.security.ssl.CertificateMessage$T13CertificateConsumer.checkClientCerts(CertificateMessage.java:1232)
	at java.base/sun.security.ssl.CertificateMessage$T13CertificateConsumer.onConsumeCertificate(CertificateMessage.java:1136)
	at java.base/sun.security.ssl.CertificateMessage$T13CertificateConsumer.consume(CertificateMessage.java:1113)
	at java.base/sun.security.ssl.SSLHandshake.consume(SSLHandshake.java:393)
	at java.base/sun.security.ssl.HandshakeContext.dispatch(HandshakeContext.java:477)
	at java.base/sun.security.ssl.SSLEngineImpl$DelegatedTask$DelegatedAction.run(SSLEngineImpl.java:1274)
	at java.base/sun.security.ssl.SSLEngineImpl$DelegatedTask$DelegatedAction.run(SSLEngineImpl.java:1261)
	at java.base/java.security.AccessController.doPrivileged(AccessController.java:714)
	at java.base/sun.security.ssl.SSLEngineImpl$DelegatedTask.run(SSLEngineImpl.java:1206)
	at io.netty.handler.ssl.SslHandler.runDelegatedTasks(SslHandler.java:1695)
	at io.netty.handler.ssl.SslHandler.unwrap(SslHandler.java:1541)
	at io.netty.handler.ssl.SslHandler.decodeJdkCompatible(SslHandler.java:1377)
	at io.netty.handler.ssl.SslHandler.decode(SslHandler.java:1428)
	at io.netty.handler.codec.ByteToMessageDecoder.decodeRemovalReentryProtection(ByteToMessageDecoder.java:545)
	at io.netty.handler.codec.ByteToMessageDecoder.callDecode(ByteToMessageDecoder.java:484)
	... 16 more
Caused by: sun.security.validator.ValidatorException: PKIX path validation failed: java.security.cert.CertPathValidatorException: validity check failed
	at java.base/sun.security.validator.PKIXValidator.doValidate(PKIXValidator.java:318)
	at java.base/sun.security.validator.PKIXValidator.engineValidate(PKIXValidator.java:267)
	at java.base/sun.security.validator.Validator.validate(Validator.java:256)
	at java.base/sun.security.ssl.X509TrustManagerImpl.checkTrusted(X509TrustManagerImpl.java:284)
	at java.base/sun.security.ssl.X509TrustManagerImpl.checkClientTrusted(X509TrustManagerImpl.java:138)
	at io.netty.handler.ssl.EnhancingX509ExtendedTrustManager.checkClientTrusted(EnhancingX509ExtendedTrustManager.java:77)
	at java.base/sun.security.ssl.CertificateMessage$T13CertificateConsumer.checkClientCerts(CertificateMessage.java:1210)
	... 30 more
Caused by: java.security.cert.CertPathValidatorException: validity check failed
	at java.base/sun.security.provider.certpath.PKIXMasterCertPathValidator.validate(PKIXMasterCertPathValidator.java:135)
	at java.base/sun.security.provider.certpath.PKIXCertPathValidator.validate(PKIXCertPathValidator.java:224)
	at java.base/sun.security.provider.certpath.PKIXCertPathValidator.validate(PKIXCertPathValidator.java:144)
	at java.base/sun.security.provider.certpath.PKIXCertPathValidator.engineValidate(PKIXCertPathValidator.java:83)
	at java.base/java.security.cert.CertPathValidator.validate(CertPathValidator.java:309)
	at java.base/sun.security.validator.PKIXValidator.doValidate(PKIXValidator.java:313)
	... 36 more
Caused by: java.security.cert.CertificateExpiredException: NotAfter: Tue Jan 02 01:00:00 CET 2024
	at java.base/sun.security.x509.CertificateValidity.valid(CertificateValidity.java:182)
	at java.base/sun.security.x509.X509CertImpl.checkValidity(X509CertImpl.java:534)
	at java.base/sun.security.provider.certpath.BasicChecker.verifyValidity(BasicChecker.java:190)
	at java.base/sun.security.provider.certpath.BasicChecker.check(BasicChecker.java:144)
	at java.base/sun.security.provider.certpath.PKIXMasterCertPathValidator.validate(PKIXMasterCertPathValidator.java:125)
	... 41 more
[2026-08-08T16:31:28,661][INFO ][org.logstash.beats.BeatsHandler][beats-tls][cea61c76cb89e8de1c33fda45ab2b43ef03d0a587a2da8dd49b947033416f5e3] [local: 192.168.1.56:5044, remote: 192.168.1.55:56506] Handling exception: io.netty.handler.codec.DecoderException: javax.net.ssl.SSLHandshakeException: (certificate_unknown) PKIX path validation failed: java.security.cert.CertPathValidatorException: validity check failed (caused by: java.security.cert.CertificateExpiredException: NotAfter: Tue Jan 02 01:00:00 CET 2024)
[2026-08-08T16:31:28,662][WARN ][io.netty.channel.DefaultChannelPipeline][beats-tls][cea61c76cb89e8de1c33fda45ab2b43ef03d0a587a2da8dd49b947033416f5e3] An exceptionCaught() event was fired, and it reached at the tail of the pipeline. It usually means the last handler in the pipeline did not handle the exception.
io.netty.handler.codec.DecoderException: javax.net.ssl.SSLHandshakeException: (certificate_unknown) PKIX path validation failed: java.security.cert.CertPathValidatorException: validity check failed
	at io.netty.handler.codec.ByteToMessageDecoder.callDecode(ByteToMessageDecoder.java:515)
	at io.netty.handler.codec.ByteToMessageDecoder.channelRead(ByteToMessageDecoder.java:296)
	at io.netty.channel.AbstractChannelHandlerContext.invokeChannelRead(AbstractChannelHandlerContext.java:444)
	at io.netty.channel.AbstractChannelHandlerContext.invokeChannelRead(AbstractChannelHandlerContext.java:420)
	at io.netty.channel.AbstractChannelHandlerContext.fireChannelRead(AbstractChannelHandlerContext.java:412)
	at io.netty.channel.DefaultChannelPipeline$HeadContext.channelRead(DefaultChannelPipeline.java:1357)
	at io.netty.channel.AbstractChannelHandlerContext.invokeChannelRead(AbstractChannelHandlerContext.java:440)
	at io.netty.channel.AbstractChannelHandlerContext.invokeChannelRead(AbstractChannelHandlerContext.java:420)
	at io.netty.channel.DefaultChannelPipeline.fireChannelRead(DefaultChannelPipeline.java:868)
	at io.netty.channel.nio.AbstractNioByteChannel$NioByteUnsafe.read(AbstractNioByteChannel.java:171)
	at io.netty.channel.nio.NioEventLoop.processSelectedKey(NioEventLoop.java:796)
	at io.netty.channel.nio.NioEventLoop.processSelectedKeysOptimized(NioEventLoop.java:732)
	at io.netty.channel.nio.NioEventLoop.processSelectedKeys(NioEventLoop.java:658)
	at io.netty.channel.nio.NioEventLoop.run(NioEventLoop.java:562)
	at io.netty.util.concurrent.SingleThreadEventExecutor$4.run(SingleThreadEventExecutor.java:998)
	at io.netty.util.internal.ThreadExecutorMap$2.run(ThreadExecutorMap.java:74)
	at java.base/java.lang.Thread.run(Thread.java:1583)
Caused by: javax.net.ssl.SSLHandshakeException: (certificate_unknown) PKIX path validation failed: java.security.cert.CertPathValidatorException: validity check failed
	at java.base/sun.security.ssl.Alert.createSSLException(Alert.java:130)
	at java.base/sun.security.ssl.TransportContext.fatal(TransportContext.java:383)
	at java.base/sun.security.ssl.TransportContext.fatal(TransportContext.java:326)
	at java.base/sun.security.ssl.TransportContext.fatal(TransportContext.java:321)
	at java.base/sun.security.ssl.CertificateMessage$T13CertificateConsumer.checkClientCerts(CertificateMessage.java:1232)
	at java.base/sun.security.ssl.CertificateMessage$T13CertificateConsumer.onConsumeCertificate(CertificateMessage.java:1136)
	at java.base/sun.security.ssl.CertificateMessage$T13CertificateConsumer.consume(CertificateMessage.java:1113)
	at java.base/sun.security.ssl.SSLHandshake.consume(SSLHandshake.java:393)
	at java.base/sun.security.ssl.HandshakeContext.dispatch(HandshakeContext.java:477)
	at java.base/sun.security.ssl.SSLEngineImpl$DelegatedTask$DelegatedAction.run(SSLEngineImpl.java:1274)
	at java.base/sun.security.ssl.SSLEngineImpl$DelegatedTask$DelegatedAction.run(SSLEngineImpl.java:1261)
	at java.base/java.security.AccessController.doPrivileged(AccessController.java:714)
	at java.base/sun.security.ssl.SSLEngineImpl$DelegatedTask.run(SSLEngineImpl.java:1206)
	at io.netty.handler.ssl.SslHandler.runDelegatedTasks(SslHandler.java:1695)
	at io.netty.handler.ssl.SslHandler.unwrap(SslHandler.java:1541)
	at io.netty.handler.ssl.SslHandler.decodeJdkCompatible(SslHandler.java:1377)
	at io.netty.handler.ssl.SslHandler.decode(SslHandler.java:1428)
	at io.netty.handler.codec.ByteToMessageDecoder.decodeRemovalReentryProtection(ByteToMessageDecoder.java:545)
	at io.netty.handler.codec.ByteToMessageDecoder.callDecode(ByteToMessageDecoder.java:484)
	... 16 more
Caused by: sun.security.validator.ValidatorException: PKIX path validation failed: java.security.cert.CertPathValidatorException: validity check failed
	at java.base/sun.security.validator.PKIXValidator.doValidate(PKIXValidator.java:318)
	at java.base/sun.security.validator.PKIXValidator.engineValidate(PKIXValidator.java:267)
	at java.base/sun.security.validator.Validator.validate(Validator.java:256)
	at java.base/sun.security.ssl.X509TrustManagerImpl.checkTrusted(X509TrustManagerImpl.java:284)
	at java.base/sun.security.ssl.X509TrustManagerImpl.checkClientTrusted(X509TrustManagerImpl.java:138)
	at io.netty.handler.ssl.EnhancingX509ExtendedTrustManager.checkClientTrusted(EnhancingX509ExtendedTrustManager.java:77)
	at java.base/sun.security.ssl.CertificateMessage$T13CertificateConsumer.checkClientCerts(CertificateMessage.java:1210)
	... 30 more
Caused by: java.security.cert.CertPathValidatorException: validity check failed
	at java.base/sun.security.provider.certpath.PKIXMasterCertPathValidator.validate(PKIXMasterCertPathValidator.java:135)
	at java.base/sun.security.provider.certpath.PKIXCertPathValidator.validate(PKIXCertPathValidator.java:224)
	at java.base/sun.security.provider.certpath.PKIXCertPathValidator.validate(PKIXCertPathValidator.java:144)
	at java.base/sun.security.provider.certpath.PKIXCertPathValidator.engineValidate(PKIXCertPathValidator.java:83)
	at java.base/java.security.cert.CertPathValidator.validate(CertPathValidator.java:309)
	at java.base/sun.security.validator.PKIXValidator.doValidate(PKIXValidator.java:313)
	... 36 more
Caused by: java.security.cert.CertificateExpiredException: NotAfter: Tue Jan 02 01:00:00 CET 2024
	at java.base/sun.security.x509.CertificateValidity.valid(CertificateValidity.java:182)
	at java.base/sun.security.x509.X509CertImpl.checkValidity(X509CertImpl.java:534)
	at java.base/sun.security.provider.certpath.BasicChecker.verifyValidity(BasicChecker.java:190)
	at java.base/sun.security.provider.certpath.BasicChecker.check(BasicChecker.java:144)
	at java.base/sun.security.provider.certpath.PKIXMasterCertPathValidator.validate(PKIXMasterCertPathValidator.java:125)
	... 41 more
[2026-08-08T16:31:29,985][INFO ][org.logstash.beats.BeatsHandler][beats-tls][cea61c76cb89e8de1c33fda45ab2b43ef03d0a587a2da8dd49b947033416f5e3] [local: 192.168.1.56:5044, remote: 192.168.1.55:56516] Handling exception: io.netty.handler.codec.DecoderException: javax.net.ssl.SSLHandshakeException: (certificate_unknown) PKIX path validation failed: java.security.cert.CertPathValidatorException: validity check failed (caused by: java.security.cert.CertificateExpiredException: NotAfter: Tue Jan 02 01:00:00 CET 2024)
[2026-08-08T16:31:29,986][WARN ][io.netty.channel.DefaultChannelPipeline][beats-tls][cea61c76cb89e8de1c33fda45ab2b43ef03d0a587a2da8dd49b947033416f5e3] An exceptionCaught() event was fired, and it reached at the tail of the pipeline. It usually means the last handler in the pipeline did not handle the exception.
io.netty.handler.codec.DecoderException: javax.net.ssl.SSLHandshakeException: (certificate_unknown) PKIX path validation failed: java.security.cert.CertPathValidatorException: validity check failed
	at io.netty.handler.codec.ByteToMessageDecoder.callDecode(ByteToMessageDecoder.java:515)
	at io.netty.handler.codec.ByteToMessageDecoder.channelRead(ByteToMessageDecoder.java:296)
	at io.netty.channel.AbstractChannelHandlerContext.invokeChannelRead(AbstractChannelHandlerContext.java:444)
	at io.netty.channel.AbstractChannelHandlerContext.invokeChannelRead(AbstractChannelHandlerContext.java:420)
	at io.netty.channel.AbstractChannelHandlerContext.fireChannelRead(AbstractChannelHandlerContext.java:412)
	at io.netty.channel.DefaultChannelPipeline$HeadContext.channelRead(DefaultChannelPipeline.java:1357)
	at io.netty.channel.AbstractChannelHandlerContext.invokeChannelRead(AbstractChannelHandlerContext.java:440)
	at io.netty.channel.AbstractChannelHandlerContext.invokeChannelRead(AbstractChannelHandlerContext.java:420)
	at io.netty.channel.DefaultChannelPipeline.fireChannelRead(DefaultChannelPipeline.java:868)
	at io.netty.channel.nio.AbstractNioByteChannel$NioByteUnsafe.read(AbstractNioByteChannel.java:171)
	at io.netty.channel.nio.NioEventLoop.processSelectedKey(NioEventLoop.java:796)
	at io.netty.channel.nio.NioEventLoop.processSelectedKeysOptimized(NioEventLoop.java:732)
	at io.netty.channel.nio.NioEventLoop.processSelectedKeys(NioEventLoop.java:658)
	at io.netty.channel.nio.NioEventLoop.run(NioEventLoop.java:562)
	at io.netty.util.concurrent.SingleThreadEventExecutor$4.run(SingleThreadEventExecutor.java:998)
	at io.netty.util.internal.ThreadExecutorMap$2.run(ThreadExecutorMap.java:74)
	at java.base/java.lang.Thread.run(Thread.java:1583)
Caused by: javax.net.ssl.SSLHandshakeException: (certificate_unknown) PKIX path validation failed: java.security.cert.CertPathValidatorException: validity check failed
	at java.base/sun.security.ssl.Alert.createSSLException(Alert.java:130)
	at java.base/sun.security.ssl.TransportContext.fatal(TransportContext.java:383)
	at java.base/sun.security.ssl.TransportContext.fatal(TransportContext.java:326)
	at java.base/sun.security.ssl.TransportContext.fatal(TransportContext.java:321)
	at java.base/sun.security.ssl.CertificateMessage$T13CertificateConsumer.checkClientCerts(CertificateMessage.java:1232)
	at java.base/sun.security.ssl.CertificateMessage$T13CertificateConsumer.onConsumeCertificate(CertificateMessage.java:1136)
	at java.base/sun.security.ssl.CertificateMessage$T13CertificateConsumer.consume(CertificateMessage.java:1113)
	at java.base/sun.security.ssl.SSLHandshake.consume(SSLHandshake.java:393)
	at java.base/sun.security.ssl.HandshakeContext.dispatch(HandshakeContext.java:477)
	at java.base/sun.security.ssl.SSLEngineImpl$DelegatedTask$DelegatedAction.run(SSLEngineImpl.java:1274)
	at java.base/sun.security.ssl.SSLEngineImpl$DelegatedTask$DelegatedAction.run(SSLEngineImpl.java:1261)
	at java.base/java.security.AccessController.doPrivileged(AccessController.java:714)
	at java.base/sun.security.ssl.SSLEngineImpl$DelegatedTask.run(SSLEngineImpl.java:1206)
	at io.netty.handler.ssl.SslHandler.runDelegatedTasks(SslHandler.java:1695)
	at io.netty.handler.ssl.SslHandler.unwrap(SslHandler.java:1541)
	at io.netty.handler.ssl.SslHandler.decodeJdkCompatible(SslHandler.java:1377)
	at io.netty.handler.ssl.SslHandler.decode(SslHandler.java:1428)
	at io.netty.handler.codec.ByteToMessageDecoder.decodeRemovalReentryProtection(ByteToMessageDecoder.java:545)
	at io.netty.handler.codec.ByteToMessageDecoder.callDecode(ByteToMessageDecoder.java:484)
	... 16 more
Caused by: sun.security.validator.ValidatorException: PKIX path validation failed: java.security.cert.CertPathValidatorException: validity check failed
	at java.base/sun.security.validator.PKIXValidator.doValidate(PKIXValidator.java:318)
	at java.base/sun.security.validator.PKIXValidator.engineValidate(PKIXValidator.java:267)
	at java.base/sun.security.validator.Validator.validate(Validator.java:256)
	at java.base/sun.security.ssl.X509TrustManagerImpl.checkTrusted(X509TrustManagerImpl.java:284)
	at java.base/sun.security.ssl.X509TrustManagerImpl.checkClientTrusted(X509TrustManagerImpl.java:138)
	at io.netty.handler.ssl.EnhancingX509ExtendedTrustManager.checkClientTrusted(EnhancingX509ExtendedTrustManager.java:77)
	at java.base/sun.security.ssl.CertificateMessage$T13CertificateConsumer.checkClientCerts(CertificateMessage.java:1210)
	... 30 more
Caused by: java.security.cert.CertPathValidatorException: validity check failed
	at java.base/sun.security.provider.certpath.PKIXMasterCertPathValidator.validate(PKIXMasterCertPathValidator.java:135)
	at java.base/sun.security.provider.certpath.PKIXCertPathValidator.validate(PKIXCertPathValidator.java:224)
	at java.base/sun.security.provider.certpath.PKIXCertPathValidator.validate(PKIXCertPathValidator.java:144)
	at java.base/sun.security.provider.certpath.PKIXCertPathValidator.engineValidate(PKIXCertPathValidator.java:83)
	at java.base/java.security.cert.CertPathValidator.validate(CertPathValidator.java:309)
	at java.base/sun.security.validator.PKIXValidator.doValidate(PKIXValidator.java:313)
	... 36 more
Caused by: java.security.cert.CertificateExpiredException: NotAfter: Tue Jan 02 01:00:00 CET 2024
	at java.base/sun.security.x509.CertificateValidity.valid(CertificateValidity.java:182)
	at java.base/sun.security.x509.X509CertImpl.checkValidity(X509CertImpl.java:534)
	at java.base/sun.security.provider.certpath.BasicChecker.verifyValidity(BasicChecker.java:190)
	at java.base/sun.security.provider.certpath.BasicChecker.check(BasicChecker.java:144)
	at java.base/sun.security.provider.certpath.PKIXMasterCertPathValidator.validate(PKIXMasterCertPathValidator.java:125)
	... 41 more
[2026-08-08T16:31:32,260][INFO ][org.logstash.beats.BeatsHandler][beats-tls][cea61c76cb89e8de1c33fda45ab2b43ef03d0a587a2da8dd49b947033416f5e3] [local: 192.168.1.56:5044, remote: 192.168.1.55:56532] Handling exception: io.netty.handler.codec.DecoderException: javax.net.ssl.SSLHandshakeException: (certificate_unknown) PKIX path validation failed: java.security.cert.CertPathValidatorException: validity check failed (caused by: java.security.cert.CertificateExpiredException: NotAfter: Tue Jan 02 01:00:00 CET 2024)
[2026-08-08T16:31:32,261][WARN ][io.netty.channel.DefaultChannelPipeline][beats-tls][cea61c76cb89e8de1c33fda45ab2b43ef03d0a587a2da8dd49b947033416f5e3] An exceptionCaught() event was fired, and it reached at the tail of the pipeline. It usually means the last handler in the pipeline did not handle the exception.
io.netty.handler.codec.DecoderException: javax.net.ssl.SSLHandshakeException: (certificate_unknown) PKIX path validation failed: java.security.cert.CertPathValidatorException: validity check failed
	at io.netty.handler.codec.ByteToMessageDecoder.callDecode(ByteToMessageDecoder.java:515)
	at io.netty.handler.codec.ByteToMessageDecoder.channelRead(ByteToMessageDecoder.java:296)
	at io.netty.channel.AbstractChannelHandlerContext.invokeChannelRead(AbstractChannelHandlerContext.java:444)
	at io.netty.channel.AbstractChannelHandlerContext.invokeChannelRead(AbstractChannelHandlerContext.java:420)
	at io.netty.channel.AbstractChannelHandlerContext.fireChannelRead(AbstractChannelHandlerContext.java:412)
	at io.netty.channel.DefaultChannelPipeline$HeadContext.channelRead(DefaultChannelPipeline.java:1357)
	at io.netty.channel.AbstractChannelHandlerContext.invokeChannelRead(AbstractChannelHandlerContext.java:440)
	at io.netty.channel.AbstractChannelHandlerContext.invokeChannelRead(AbstractChannelHandlerContext.java:420)
	at io.netty.channel.DefaultChannelPipeline.fireChannelRead(DefaultChannelPipeline.java:868)
	at io.netty.channel.nio.AbstractNioByteChannel$NioByteUnsafe.read(AbstractNioByteChannel.java:171)
	at io.netty.channel.nio.NioEventLoop.processSelectedKey(NioEventLoop.java:796)
	at io.netty.channel.nio.NioEventLoop.processSelectedKeysOptimized(NioEventLoop.java:732)
	at io.netty.channel.nio.NioEventLoop.processSelectedKeys(NioEventLoop.java:658)
	at io.netty.channel.nio.NioEventLoop.run(NioEventLoop.java:562)
	at io.netty.util.concurrent.SingleThreadEventExecutor$4.run(SingleThreadEventExecutor.java:998)
	at io.netty.util.internal.ThreadExecutorMap$2.run(ThreadExecutorMap.java:74)
	at java.base/java.lang.Thread.run(Thread.java:1583)
Caused by: javax.net.ssl.SSLHandshakeException: (certificate_unknown) PKIX path validation failed: java.security.cert.CertPathValidatorException: validity check failed
	at java.base/sun.security.ssl.Alert.createSSLException(Alert.java:130)
	at java.base/sun.security.ssl.TransportContext.fatal(TransportContext.java:383)
	at java.base/sun.security.ssl.TransportContext.fatal(TransportContext.java:326)
	at java.base/sun.security.ssl.TransportContext.fatal(TransportContext.java:321)
	at java.base/sun.security.ssl.CertificateMessage$T13CertificateConsumer.checkClientCerts(CertificateMessage.java:1232)
	at java.base/sun.security.ssl.CertificateMessage$T13CertificateConsumer.onConsumeCertificate(CertificateMessage.java:1136)
	at java.base/sun.security.ssl.CertificateMessage$T13CertificateConsumer.consume(CertificateMessage.java:1113)
	at java.base/sun.security.ssl.SSLHandshake.consume(SSLHandshake.java:393)
	at java.base/sun.security.ssl.HandshakeContext.dispatch(HandshakeContext.java:477)
	at java.base/sun.security.ssl.SSLEngineImpl$DelegatedTask$DelegatedAction.run(SSLEngineImpl.java:1274)
	at java.base/sun.security.ssl.SSLEngineImpl$DelegatedTask$DelegatedAction.run(SSLEngineImpl.java:1261)
	at java.base/java.security.AccessController.doPrivileged(AccessController.java:714)
	at java.base/sun.security.ssl.SSLEngineImpl$DelegatedTask.run(SSLEngineImpl.java:1206)
	at io.netty.handler.ssl.SslHandler.runDelegatedTasks(SslHandler.java:1695)
	at io.netty.handler.ssl.SslHandler.unwrap(SslHandler.java:1541)
	at io.netty.handler.ssl.SslHandler.decodeJdkCompatible(SslHandler.java:1377)
	at io.netty.handler.ssl.SslHandler.decode(SslHandler.java:1428)
	at io.netty.handler.codec.ByteToMessageDecoder.decodeRemovalReentryProtection(ByteToMessageDecoder.java:545)
	at io.netty.handler.codec.ByteToMessageDecoder.callDecode(ByteToMessageDecoder.java:484)
	... 16 more
Caused by: sun.security.validator.ValidatorException: PKIX path validation failed: java.security.cert.CertPathValidatorException: validity check failed
	at java.base/sun.security.validator.PKIXValidator.doValidate(PKIXValidator.java:318)
	at java.base/sun.security.validator.PKIXValidator.engineValidate(PKIXValidator.java:267)
	at java.base/sun.security.validator.Validator.validate(Validator.java:256)
	at java.base/sun.security.ssl.X509TrustManagerImpl.checkTrusted(X509TrustManagerImpl.java:284)
	at java.base/sun.security.ssl.X509TrustManagerImpl.checkClientTrusted(X509TrustManagerImpl.java:138)
	at io.netty.handler.ssl.EnhancingX509ExtendedTrustManager.checkClientTrusted(EnhancingX509ExtendedTrustManager.java:77)
	at java.base/sun.security.ssl.CertificateMessage$T13CertificateConsumer.checkClientCerts(CertificateMessage.java:1210)
	... 30 more
Caused by: java.security.cert.CertPathValidatorException: validity check failed
	at java.base/sun.security.provider.certpath.PKIXMasterCertPathValidator.validate(PKIXMasterCertPathValidator.java:135)
	at java.base/sun.security.provider.certpath.PKIXCertPathValidator.validate(PKIXCertPathValidator.java:224)
	at java.base/sun.security.provider.certpath.PKIXCertPathValidator.validate(PKIXCertPathValidator.java:144)
	at java.base/sun.security.provider.certpath.PKIXCertPathValidator.engineValidate(PKIXCertPathValidator.java:83)
	at java.base/java.security.cert.CertPathValidator.validate(CertPathValidator.java:309)
	at java.base/sun.security.validator.PKIXValidator.doValidate(PKIXValidator.java:313)
	... 36 more
Caused by: java.security.cert.CertificateExpiredException: NotAfter: Tue Jan 02 01:00:00 CET 2024
	at java.base/sun.security.x509.CertificateValidity.valid(CertificateValidity.java:182)
	at java.base/sun.security.x509.X509CertImpl.checkValidity(X509CertImpl.java:534)
	at java.base/sun.security.provider.certpath.BasicChecker.verifyValidity(BasicChecker.java:190)
	at java.base/sun.security.provider.certpath.BasicChecker.check(BasicChecker.java:144)
	at java.base/sun.security.provider.certpath.PKIXMasterCertPathValidator.validate(PKIXMasterCertPathValidator.java:125)
	... 41 more
[2026-08-08T16:31:33,432][INFO ][org.logstash.beats.BeatsHandler][beats-tls][cea61c76cb89e8de1c33fda45ab2b43ef03d0a587a2da8dd49b947033416f5e3] [local: 192.168.1.56:5044, remote: 192.168.1.55:56548] Handling exception: io.netty.handler.codec.DecoderException: javax.net.ssl.SSLHandshakeException: (certificate_unknown) PKIX path validation failed: java.security.cert.CertPathValidatorException: validity check failed (caused by: java.security.cert.CertificateExpiredException: NotAfter: Tue Jan 02 01:00:00 CET 2024)
[2026-08-08T16:31:33,433][WARN ][io.netty.channel.DefaultChannelPipeline][beats-tls][cea61c76cb89e8de1c33fda45ab2b43ef03d0a587a2da8dd49b947033416f5e3] An exceptionCaught() event was fired, and it reached at the tail of the pipeline. It usually means the last handler in the pipeline did not handle the exception.
io.netty.handler.codec.DecoderException: javax.net.ssl.SSLHandshakeException: (certificate_unknown) PKIX path validation failed: java.security.cert.CertPathValidatorException: validity check failed
	at io.netty.handler.codec.ByteToMessageDecoder.callDecode(ByteToMessageDecoder.java:515)
	at io.netty.handler.codec.ByteToMessageDecoder.channelRead(ByteToMessageDecoder.java:296)
	at io.netty.channel.AbstractChannelHandlerContext.invokeChannelRead(AbstractChannelHandlerContext.java:444)
	at io.netty.channel.AbstractChannelHandlerContext.invokeChannelRead(AbstractChannelHandlerContext.java:420)
	at io.netty.channel.AbstractChannelHandlerContext.fireChannelRead(AbstractChannelHandlerContext.java:412)
	at io.netty.channel.DefaultChannelPipeline$HeadContext.channelRead(DefaultChannelPipeline.java:1357)
	at io.netty.channel.AbstractChannelHandlerContext.invokeChannelRead(AbstractChannelHandlerContext.java:440)
	at io.netty.channel.AbstractChannelHandlerContext.invokeChannelRead(AbstractChannelHandlerContext.java:420)
	at io.netty.channel.DefaultChannelPipeline.fireChannelRead(DefaultChannelPipeline.java:868)
	at io.netty.channel.nio.AbstractNioByteChannel$NioByteUnsafe.read(AbstractNioByteChannel.java:171)
	at io.netty.channel.nio.NioEventLoop.processSelectedKey(NioEventLoop.java:796)
	at io.netty.channel.nio.NioEventLoop.processSelectedKeysOptimized(NioEventLoop.java:732)
	at io.netty.channel.nio.NioEventLoop.processSelectedKeys(NioEventLoop.java:658)
	at io.netty.channel.nio.NioEventLoop.run(NioEventLoop.java:562)
	at io.netty.util.concurrent.SingleThreadEventExecutor$4.run(SingleThreadEventExecutor.java:998)
	at io.netty.util.internal.ThreadExecutorMap$2.run(ThreadExecutorMap.java:74)
	at java.base/java.lang.Thread.run(Thread.java:1583)
Caused by: javax.net.ssl.SSLHandshakeException: (certificate_unknown) PKIX path validation failed: java.security.cert.CertPathValidatorException: validity check failed
	at java.base/sun.security.ssl.Alert.createSSLException(Alert.java:130)
	at java.base/sun.security.ssl.TransportContext.fatal(TransportContext.java:383)
	at java.base/sun.security.ssl.TransportContext.fatal(TransportContext.java:326)
	at java.base/sun.security.ssl.TransportContext.fatal(TransportContext.java:321)
	at java.base/sun.security.ssl.CertificateMessage$T13CertificateConsumer.checkClientCerts(CertificateMessage.java:1232)
	at java.base/sun.security.ssl.CertificateMessage$T13CertificateConsumer.onConsumeCertificate(CertificateMessage.java:1136)
	at java.base/sun.security.ssl.CertificateMessage$T13CertificateConsumer.consume(CertificateMessage.java:1113)
	at java.base/sun.security.ssl.SSLHandshake.consume(SSLHandshake.java:393)
	at java.base/sun.security.ssl.HandshakeContext.dispatch(HandshakeContext.java:477)
	at java.base/sun.security.ssl.SSLEngineImpl$DelegatedTask$DelegatedAction.run(SSLEngineImpl.java:1274)
	at java.base/sun.security.ssl.SSLEngineImpl$DelegatedTask$DelegatedAction.run(SSLEngineImpl.java:1261)
	at java.base/java.security.AccessController.doPrivileged(AccessController.java:714)
	at java.base/sun.security.ssl.SSLEngineImpl$DelegatedTask.run(SSLEngineImpl.java:1206)
	at io.netty.handler.ssl.SslHandler.runDelegatedTasks(SslHandler.java:1695)
	at io.netty.handler.ssl.SslHandler.unwrap(SslHandler.java:1541)
	at io.netty.handler.ssl.SslHandler.decodeJdkCompatible(SslHandler.java:1377)
	at io.netty.handler.ssl.SslHandler.decode(SslHandler.java:1428)
	at io.netty.handler.codec.ByteToMessageDecoder.decodeRemovalReentryProtection(ByteToMessageDecoder.java:545)
	at io.netty.handler.codec.ByteToMessageDecoder.callDecode(ByteToMessageDecoder.java:484)
	... 16 more
Caused by: sun.security.validator.ValidatorException: PKIX path validation failed: java.security.cert.CertPathValidatorException: validity check failed
	at java.base/sun.security.validator.PKIXValidator.doValidate(PKIXValidator.java:318)
	at java.base/sun.security.validator.PKIXValidator.engineValidate(PKIXValidator.java:267)
	at java.base/sun.security.validator.Validator.validate(Validator.java:256)
	at java.base/sun.security.ssl.X509TrustManagerImpl.checkTrusted(X509TrustManagerImpl.java:284)
	at java.base/sun.security.ssl.X509TrustManagerImpl.checkClientTrusted(X509TrustManagerImpl.java:138)
	at io.netty.handler.ssl.EnhancingX509ExtendedTrustManager.checkClientTrusted(EnhancingX509ExtendedTrustManager.java:77)
	at java.base/sun.security.ssl.CertificateMessage$T13CertificateConsumer.checkClientCerts(CertificateMessage.java:1210)
	... 30 more
Caused by: java.security.cert.CertPathValidatorException: validity check failed
	at java.base/sun.security.provider.certpath.PKIXMasterCertPathValidator.validate(PKIXMasterCertPathValidator.java:135)
	at java.base/sun.security.provider.certpath.PKIXCertPathValidator.validate(PKIXCertPathValidator.java:224)
	at java.base/sun.security.provider.certpath.PKIXCertPathValidator.validate(PKIXCertPathValidator.java:144)
	at java.base/sun.security.provider.certpath.PKIXCertPathValidator.engineValidate(PKIXCertPathValidator.java:83)
	at java.base/java.security.cert.CertPathValidator.validate(CertPathValidator.java:309)
	at java.base/sun.security.validator.PKIXValidator.doValidate(PKIXValidator.java:313)
	... 36 more
Caused by: java.security.cert.CertificateExpiredException: NotAfter: Tue Jan 02 01:00:00 CET 2024
	at java.base/sun.security.x509.CertificateValidity.valid(CertificateValidity.java:182)
	at java.base/sun.security.x509.X509CertImpl.checkValidity(X509CertImpl.java:534)
	at java.base/sun.security.provider.certpath.BasicChecker.verifyValidity(BasicChecker.java:190)
	at java.base/sun.security.provider.certpath.BasicChecker.check(BasicChecker.java:144)
	at java.base/sun.security.provider.certpath.PKIXMasterCertPathValidator.validate(PKIXMasterCertPathValidator.java:125)
	... 41 more
[2026-08-08T16:31:35,025][INFO ][org.logstash.beats.BeatsHandler][beats-tls][cea61c76cb89e8de1c33fda45ab2b43ef03d0a587a2da8dd49b947033416f5e3] [local: 192.168.1.56:5044, remote: 192.168.1.55:56550] Handling exception: io.netty.handler.codec.DecoderException: javax.net.ssl.SSLHandshakeException: (certificate_unknown) PKIX path validation failed: java.security.cert.CertPathValidatorException: validity check failed (caused by: java.security.cert.CertificateExpiredException: NotAfter: Tue Jan 02 01:00:00 CET 2024)
[2026-08-08T16:31:35,025][WARN ][io.netty.channel.DefaultChannelPipeline][beats-tls][cea61c76cb89e8de1c33fda45ab2b43ef03d0a587a2da8dd49b947033416f5e3] An exceptionCaught() event was fired, and it reached at the tail of the pipeline. It usually means the last handler in the pipeline did not handle the exception.
io.netty.handler.codec.DecoderException: javax.net.ssl.SSLHandshakeException: (certificate_unknown) PKIX path validation failed: java.security.cert.CertPathValidatorException: validity check failed
	at io.netty.handler.codec.ByteToMessageDecoder.callDecode(ByteToMessageDecoder.java:515)
	at io.netty.handler.codec.ByteToMessageDecoder.channelRead(ByteToMessageDecoder.java:296)
	at io.netty.channel.AbstractChannelHandlerContext.invokeChannelRead(AbstractChannelHandlerContext.java:444)
	at io.netty.channel.AbstractChannelHandlerContext.invokeChannelRead(AbstractChannelHandlerContext.java:420)
	at io.netty.channel.AbstractChannelHandlerContext.fireChannelRead(AbstractChannelHandlerContext.java:412)
	at io.netty.channel.DefaultChannelPipeline$HeadContext.channelRead(DefaultChannelPipeline.java:1357)
	at io.netty.channel.AbstractChannelHandlerContext.invokeChannelRead(AbstractChannelHandlerContext.java:440)
	at io.netty.channel.AbstractChannelHandlerContext.invokeChannelRead(AbstractChannelHandlerContext.java:420)
	at io.netty.channel.DefaultChannelPipeline.fireChannelRead(DefaultChannelPipeline.java:868)
	at io.netty.channel.nio.AbstractNioByteChannel$NioByteUnsafe.read(AbstractNioByteChannel.java:171)
	at io.netty.channel.nio.NioEventLoop.processSelectedKey(NioEventLoop.java:796)
	at io.netty.channel.nio.NioEventLoop.processSelectedKeysOptimized(NioEventLoop.java:732)
	at io.netty.channel.nio.NioEventLoop.processSelectedKeys(NioEventLoop.java:658)
	at io.netty.channel.nio.NioEventLoop.run(NioEventLoop.java:562)
	at io.netty.util.concurrent.SingleThreadEventExecutor$4.run(SingleThreadEventExecutor.java:998)
	at io.netty.util.internal.ThreadExecutorMap$2.run(ThreadExecutorMap.java:74)
	at java.base/java.lang.Thread.run(Thread.java:1583)
Caused by: javax.net.ssl.SSLHandshakeException: (certificate_unknown) PKIX path validation failed: java.security.cert.CertPathValidatorException: validity check failed
	at java.base/sun.security.ssl.Alert.createSSLException(Alert.java:130)
	at java.base/sun.security.ssl.TransportContext.fatal(TransportContext.java:383)
	at java.base/sun.security.ssl.TransportContext.fatal(TransportContext.java:326)
	at java.base/sun.security.ssl.TransportContext.fatal(TransportContext.java:321)
	at java.base/sun.security.ssl.CertificateMessage$T13CertificateConsumer.checkClientCerts(CertificateMessage.java:1232)
	at java.base/sun.security.ssl.CertificateMessage$T13CertificateConsumer.onConsumeCertificate(CertificateMessage.java:1136)
	at java.base/sun.security.ssl.CertificateMessage$T13CertificateConsumer.consume(CertificateMessage.java:1113)
	at java.base/sun.security.ssl.SSLHandshake.consume(SSLHandshake.java:393)
	at java.base/sun.security.ssl.HandshakeContext.dispatch(HandshakeContext.java:477)
	at java.base/sun.security.ssl.SSLEngineImpl$DelegatedTask$DelegatedAction.run(SSLEngineImpl.java:1274)
	at java.base/sun.security.ssl.SSLEngineImpl$DelegatedTask$DelegatedAction.run(SSLEngineImpl.java:1261)
	at java.base/java.security.AccessController.doPrivileged(AccessController.java:714)
	at java.base/sun.security.ssl.SSLEngineImpl$DelegatedTask.run(SSLEngineImpl.java:1206)
	at io.netty.handler.ssl.SslHandler.runDelegatedTasks(SslHandler.java:1695)
	at io.netty.handler.ssl.SslHandler.unwrap(SslHandler.java:1541)
	at io.netty.handler.ssl.SslHandler.decodeJdkCompatible(SslHandler.java:1377)
	at io.netty.handler.ssl.SslHandler.decode(SslHandler.java:1428)
	at io.netty.handler.codec.ByteToMessageDecoder.decodeRemovalReentryProtection(ByteToMessageDecoder.java:545)
	at io.netty.handler.codec.ByteToMessageDecoder.callDecode(ByteToMessageDecoder.java:484)
	... 16 more
Caused by: sun.security.validator.ValidatorException: PKIX path validation failed: java.security.cert.CertPathValidatorException: validity check failed
	at java.base/sun.security.validator.PKIXValidator.doValidate(PKIXValidator.java:318)
	at java.base/sun.security.validator.PKIXValidator.engineValidate(PKIXValidator.java:267)
	at java.base/sun.security.validator.Validator.validate(Validator.java:256)
	at java.base/sun.security.ssl.X509TrustManagerImpl.checkTrusted(X509TrustManagerImpl.java:284)
	at java.base/sun.security.ssl.X509TrustManagerImpl.checkClientTrusted(X509TrustManagerImpl.java:138)
	at io.netty.handler.ssl.EnhancingX509ExtendedTrustManager.checkClientTrusted(EnhancingX509ExtendedTrustManager.java:77)
	at java.base/sun.security.ssl.CertificateMessage$T13CertificateConsumer.checkClientCerts(CertificateMessage.java:1210)
	... 30 more
Caused by: java.security.cert.CertPathValidatorException: validity check failed
	at java.base/sun.security.provider.certpath.PKIXMasterCertPathValidator.validate(PKIXMasterCertPathValidator.java:135)
	at java.base/sun.security.provider.certpath.PKIXCertPathValidator.validate(PKIXCertPathValidator.java:224)
	at java.base/sun.security.provider.certpath.PKIXCertPathValidator.validate(PKIXCertPathValidator.java:144)
	at java.base/sun.security.provider.certpath.PKIXCertPathValidator.engineValidate(PKIXCertPathValidator.java:83)
	at java.base/java.security.cert.CertPathValidator.validate(CertPathValidator.java:309)
	at java.base/sun.security.validator.PKIXValidator.doValidate(PKIXValidator.java:313)
	... 36 more
Caused by: java.security.cert.CertificateExpiredException: NotAfter: Tue Jan 02 01:00:00 CET 2024
	at java.base/sun.security.x509.CertificateValidity.valid(CertificateValidity.java:182)
	at java.base/sun.security.x509.X509CertImpl.checkValidity(X509CertImpl.java:534)
	at java.base/sun.security.provider.certpath.BasicChecker.verifyValidity(BasicChecker.java:190)
	at java.base/sun.security.provider.certpath.BasicChecker.check(BasicChecker.java:144)
	at java.base/sun.security.provider.certpath.PKIXMasterCertPathValidator.validate(PKIXMasterCertPathValidator.java:125)
	... 41 more
[2026-08-08T16:31:36,948][INFO ][org.logstash.beats.BeatsHandler][beats-tls][cea61c76cb89e8de1c33fda45ab2b43ef03d0a587a2da8dd49b947033416f5e3] [local: 192.168.1.56:5044, remote: 192.168.1.55:56556] Handling exception: io.netty.handler.codec.DecoderException: javax.net.ssl.SSLHandshakeException: (certificate_unknown) PKIX path validation failed: java.security.cert.CertPathValidatorException: validity check failed (caused by: java.security.cert.CertificateExpiredException: NotAfter: Tue Jan 02 01:00:00 CET 2024)
[2026-08-08T16:31:36,949][WARN ][io.netty.channel.DefaultChannelPipeline][beats-tls][cea61c76cb89e8de1c33fda45ab2b43ef03d0a587a2da8dd49b947033416f5e3] An exceptionCaught() event was fired, and it reached at the tail of the pipeline. It usually means the last handler in the pipeline did not handle the exception.
io.netty.handler.codec.DecoderException: javax.net.ssl.SSLHandshakeException: (certificate_unknown) PKIX path validation failed: java.security.cert.CertPathValidatorException: validity check failed
	at io.netty.handler.codec.ByteToMessageDecoder.callDecode(ByteToMessageDecoder.java:515)
	at io.netty.handler.codec.ByteToMessageDecoder.channelRead(ByteToMessageDecoder.java:296)
	at io.netty.channel.AbstractChannelHandlerContext.invokeChannelRead(AbstractChannelHandlerContext.java:444)
	at io.netty.channel.AbstractChannelHandlerContext.invokeChannelRead(AbstractChannelHandlerContext.java:420)
	at io.netty.channel.AbstractChannelHandlerContext.fireChannelRead(AbstractChannelHandlerContext.java:412)
	at io.netty.channel.DefaultChannelPipeline$HeadContext.channelRead(DefaultChannelPipeline.java:1357)
	at io.netty.channel.AbstractChannelHandlerContext.invokeChannelRead(AbstractChannelHandlerContext.java:440)
	at io.netty.channel.AbstractChannelHandlerContext.invokeChannelRead(AbstractChannelHandlerContext.java:420)
	at io.netty.channel.DefaultChannelPipeline.fireChannelRead(DefaultChannelPipeline.java:868)
	at io.netty.channel.nio.AbstractNioByteChannel$NioByteUnsafe.read(AbstractNioByteChannel.java:171)
	at io.netty.channel.nio.NioEventLoop.processSelectedKey(NioEventLoop.java:796)
	at io.netty.channel.nio.NioEventLoop.processSelectedKeysOptimized(NioEventLoop.java:732)
	at io.netty.channel.nio.NioEventLoop.processSelectedKeys(NioEventLoop.java:658)
	at io.netty.channel.nio.NioEventLoop.run(NioEventLoop.java:562)
	at io.netty.util.concurrent.SingleThreadEventExecutor$4.run(SingleThreadEventExecutor.java:998)
	at io.netty.util.internal.ThreadExecutorMap$2.run(ThreadExecutorMap.java:74)
	at java.base/java.lang.Thread.run(Thread.java:1583)
Caused by: javax.net.ssl.SSLHandshakeException: (certificate_unknown) PKIX path validation failed: java.security.cert.CertPathValidatorException: validity check failed
	at java.base/sun.security.ssl.Alert.createSSLException(Alert.java:130)
	at java.base/sun.security.ssl.TransportContext.fatal(TransportContext.java:383)
	at java.base/sun.security.ssl.TransportContext.fatal(TransportContext.java:326)
	at java.base/sun.security.ssl.TransportContext.fatal(TransportContext.java:321)
	at java.base/sun.security.ssl.CertificateMessage$T13CertificateConsumer.checkClientCerts(CertificateMessage.java:1232)
	at java.base/sun.security.ssl.CertificateMessage$T13CertificateConsumer.onConsumeCertificate(CertificateMessage.java:1136)
	at java.base/sun.security.ssl.CertificateMessage$T13CertificateConsumer.consume(CertificateMessage.java:1113)
	at java.base/sun.security.ssl.SSLHandshake.consume(SSLHandshake.java:393)
	at java.base/sun.security.ssl.HandshakeContext.dispatch(HandshakeContext.java:477)
	at java.base/sun.security.ssl.SSLEngineImpl$DelegatedTask$DelegatedAction.run(SSLEngineImpl.java:1274)
	at java.base/sun.security.ssl.SSLEngineImpl$DelegatedTask$DelegatedAction.run(SSLEngineImpl.java:1261)
	at java.base/java.security.AccessController.doPrivileged(AccessController.java:714)
	at java.base/sun.security.ssl.SSLEngineImpl$DelegatedTask.run(SSLEngineImpl.java:1206)
	at io.netty.handler.ssl.SslHandler.runDelegatedTasks(SslHandler.java:1695)
	at io.netty.handler.ssl.SslHandler.unwrap(SslHandler.java:1541)
	at io.netty.handler.ssl.SslHandler.decodeJdkCompatible(SslHandler.java:1377)
	at io.netty.handler.ssl.SslHandler.decode(SslHandler.java:1428)
	at io.netty.handler.codec.ByteToMessageDecoder.decodeRemovalReentryProtection(ByteToMessageDecoder.java:545)
	at io.netty.handler.codec.ByteToMessageDecoder.callDecode(ByteToMessageDecoder.java:484)
	... 16 more
Caused by: sun.security.validator.ValidatorException: PKIX path validation failed: java.security.cert.CertPathValidatorException: validity check failed
	at java.base/sun.security.validator.PKIXValidator.doValidate(PKIXValidator.java:318)
	at java.base/sun.security.validator.PKIXValidator.engineValidate(PKIXValidator.java:267)
	at java.base/sun.security.validator.Validator.validate(Validator.java:256)
	at java.base/sun.security.ssl.X509TrustManagerImpl.checkTrusted(X509TrustManagerImpl.java:284)
	at java.base/sun.security.ssl.X509TrustManagerImpl.checkClientTrusted(X509TrustManagerImpl.java:138)
	at io.netty.handler.ssl.EnhancingX509ExtendedTrustManager.checkClientTrusted(EnhancingX509ExtendedTrustManager.java:77)
	at java.base/sun.security.ssl.CertificateMessage$T13CertificateConsumer.checkClientCerts(CertificateMessage.java:1210)
	... 30 more
Caused by: java.security.cert.CertPathValidatorException: validity check failed
	at java.base/sun.security.provider.certpath.PKIXMasterCertPathValidator.validate(PKIXMasterCertPathValidator.java:135)
	at java.base/sun.security.provider.certpath.PKIXCertPathValidator.validate(PKIXCertPathValidator.java:224)
	at java.base/sun.security.provider.certpath.PKIXCertPathValidator.validate(PKIXCertPathValidator.java:144)
	at java.base/sun.security.provider.certpath.PKIXCertPathValidator.engineValidate(PKIXCertPathValidator.java:83)
	at java.base/java.security.cert.CertPathValidator.validate(CertPathValidator.java:309)
	at java.base/sun.security.validator.PKIXValidator.doValidate(PKIXValidator.java:313)
	... 36 more
Caused by: java.security.cert.CertificateExpiredException: NotAfter: Tue Jan 02 01:00:00 CET 2024
	at java.base/sun.security.x509.CertificateValidity.valid(CertificateValidity.java:182)
	at java.base/sun.security.x509.X509CertImpl.checkValidity(X509CertImpl.java:534)
	at java.base/sun.security.provider.certpath.BasicChecker.verifyValidity(BasicChecker.java:190)
	at java.base/sun.security.provider.certpath.BasicChecker.check(BasicChecker.java:144)
	at java.base/sun.security.provider.certpath.PKIXMasterCertPathValidator.validate(PKIXMasterCertPathValidator.java:125)
	... 41 more
[2026-08-08T16:31:38,137][INFO ][org.logstash.beats.BeatsHandler][beats-tls][cea61c76cb89e8de1c33fda45ab2b43ef03d0a587a2da8dd49b947033416f5e3] [local: 192.168.1.56:5044, remote: 192.168.1.55:35748] Handling exception: io.netty.handler.codec.DecoderException: javax.net.ssl.SSLHandshakeException: (certificate_unknown) PKIX path validation failed: java.security.cert.CertPathValidatorException: validity check failed (caused by: java.security.cert.CertificateExpiredException: NotAfter: Tue Jan 02 01:00:00 CET 2024)
[2026-08-08T16:31:38,137][WARN ][io.netty.channel.DefaultChannelPipeline][beats-tls][cea61c76cb89e8de1c33fda45ab2b43ef03d0a587a2da8dd49b947033416f5e3] An exceptionCaught() event was fired, and it reached at the tail of the pipeline. It usually means the last handler in the pipeline did not handle the exception.
io.netty.handler.codec.DecoderException: javax.net.ssl.SSLHandshakeException: (certificate_unknown) PKIX path validation failed: java.security.cert.CertPathValidatorException: validity check failed
	at io.netty.handler.codec.ByteToMessageDecoder.callDecode(ByteToMessageDecoder.java:515)
	at io.netty.handler.codec.ByteToMessageDecoder.channelRead(ByteToMessageDecoder.java:296)
	at io.netty.channel.AbstractChannelHandlerContext.invokeChannelRead(AbstractChannelHandlerContext.java:444)
	at io.netty.channel.AbstractChannelHandlerContext.invokeChannelRead(AbstractChannelHandlerContext.java:420)
	at io.netty.channel.AbstractChannelHandlerContext.fireChannelRead(AbstractChannelHandlerContext.java:412)
	at io.netty.channel.DefaultChannelPipeline$HeadContext.channelRead(DefaultChannelPipeline.java:1357)
	at io.netty.channel.AbstractChannelHandlerContext.invokeChannelRead(AbstractChannelHandlerContext.java:440)
	at io.netty.channel.AbstractChannelHandlerContext.invokeChannelRead(AbstractChannelHandlerContext.java:420)
	at io.netty.channel.DefaultChannelPipeline.fireChannelRead(DefaultChannelPipeline.java:868)
	at io.netty.channel.nio.AbstractNioByteChannel$NioByteUnsafe.read(AbstractNioByteChannel.java:171)
	at io.netty.channel.nio.NioEventLoop.processSelectedKey(NioEventLoop.java:796)
	at io.netty.channel.nio.NioEventLoop.processSelectedKeysOptimized(NioEventLoop.java:732)
	at io.netty.channel.nio.NioEventLoop.processSelectedKeys(NioEventLoop.java:658)
	at io.netty.channel.nio.NioEventLoop.run(NioEventLoop.java:562)
	at io.netty.util.concurrent.SingleThreadEventExecutor$4.run(SingleThreadEventExecutor.java:998)
	at io.netty.util.internal.ThreadExecutorMap$2.run(ThreadExecutorMap.java:74)
	at java.base/java.lang.Thread.run(Thread.java:1583)
Caused by: javax.net.ssl.SSLHandshakeException: (certificate_unknown) PKIX path validation failed: java.security.cert.CertPathValidatorException: validity check failed
	at java.base/sun.security.ssl.Alert.createSSLException(Alert.java:130)
	at java.base/sun.security.ssl.TransportContext.fatal(TransportContext.java:383)
	at java.base/sun.security.ssl.TransportContext.fatal(TransportContext.java:326)
	at java.base/sun.security.ssl.TransportContext.fatal(TransportContext.java:321)
	at java.base/sun.security.ssl.CertificateMessage$T13CertificateConsumer.checkClientCerts(CertificateMessage.java:1232)
	at java.base/sun.security.ssl.CertificateMessage$T13CertificateConsumer.onConsumeCertificate(CertificateMessage.java:1136)
	at java.base/sun.security.ssl.CertificateMessage$T13CertificateConsumer.consume(CertificateMessage.java:1113)
	at java.base/sun.security.ssl.SSLHandshake.consume(SSLHandshake.java:393)
	at java.base/sun.security.ssl.HandshakeContext.dispatch(HandshakeContext.java:477)
	at java.base/sun.security.ssl.SSLEngineImpl$DelegatedTask$DelegatedAction.run(SSLEngineImpl.java:1274)
	at java.base/sun.security.ssl.SSLEngineImpl$DelegatedTask$DelegatedAction.run(SSLEngineImpl.java:1261)
	at java.base/java.security.AccessController.doPrivileged(AccessController.java:714)
	at java.base/sun.security.ssl.SSLEngineImpl$DelegatedTask.run(SSLEngineImpl.java:1206)
	at io.netty.handler.ssl.SslHandler.runDelegatedTasks(SslHandler.java:1695)
	at io.netty.handler.ssl.SslHandler.unwrap(SslHandler.java:1541)
	at io.netty.handler.ssl.SslHandler.decodeJdkCompatible(SslHandler.java:1377)
	at io.netty.handler.ssl.SslHandler.decode(SslHandler.java:1428)
	at io.netty.handler.codec.ByteToMessageDecoder.decodeRemovalReentryProtection(ByteToMessageDecoder.java:545)
	at io.netty.handler.codec.ByteToMessageDecoder.callDecode(ByteToMessageDecoder.java:484)
	... 16 more
Caused by: sun.security.validator.ValidatorException: PKIX path validation failed: java.security.cert.CertPathValidatorException: validity check failed
	at java.base/sun.security.validator.PKIXValidator.doValidate(PKIXValidator.java:318)
	at java.base/sun.security.validator.PKIXValidator.engineValidate(PKIXValidator.java:267)
	at java.base/sun.security.validator.Validator.validate(Validator.java:256)
	at java.base/sun.security.ssl.X509TrustManagerImpl.checkTrusted(X509TrustManagerImpl.java:284)
	at java.base/sun.security.ssl.X509TrustManagerImpl.checkClientTrusted(X509TrustManagerImpl.java:138)
	at io.netty.handler.ssl.EnhancingX509ExtendedTrustManager.checkClientTrusted(EnhancingX509ExtendedTrustManager.java:77)
	at java.base/sun.security.ssl.CertificateMessage$T13CertificateConsumer.checkClientCerts(CertificateMessage.java:1210)
	... 30 more
Caused by: java.security.cert.CertPathValidatorException: validity check failed
	at java.base/sun.security.provider.certpath.PKIXMasterCertPathValidator.validate(PKIXMasterCertPathValidator.java:135)
	at java.base/sun.security.provider.certpath.PKIXCertPathValidator.validate(PKIXCertPathValidator.java:224)
	at java.base/sun.security.provider.certpath.PKIXCertPathValidator.validate(PKIXCertPathValidator.java:144)
	at java.base/sun.security.provider.certpath.PKIXCertPathValidator.engineValidate(PKIXCertPathValidator.java:83)
	at java.base/java.security.cert.CertPathValidator.validate(CertPathValidator.java:309)
	at java.base/sun.security.validator.PKIXValidator.doValidate(PKIXValidator.java:313)
	... 36 more
Caused by: java.security.cert.CertificateExpiredException: NotAfter: Tue Jan 02 01:00:00 CET 2024
	at java.base/sun.security.x509.CertificateValidity.valid(CertificateValidity.java:182)
	at java.base/sun.security.x509.X509CertImpl.checkValidity(X509CertImpl.java:534)
	at java.base/sun.security.provider.certpath.BasicChecker.verifyValidity(BasicChecker.java:190)
	at java.base/sun.security.provider.certpath.BasicChecker.check(BasicChecker.java:144)
	at java.base/sun.security.provider.certpath.PKIXMasterCertPathValidator.validate(PKIXMasterCertPathValidator.java:125)
	... 41 more
[2026-08-08T16:31:39,531][INFO ][org.logstash.beats.BeatsHandler][beats-tls][cea61c76cb89e8de1c33fda45ab2b43ef03d0a587a2da8dd49b947033416f5e3] [local: 192.168.1.56:5044, remote: 192.168.1.55:35758] Handling exception: io.netty.handler.codec.DecoderException: javax.net.ssl.SSLHandshakeException: (certificate_unknown) PKIX path validation failed: java.security.cert.CertPathValidatorException: validity check failed (caused by: java.security.cert.CertificateExpiredException: NotAfter: Tue Jan 02 01:00:00 CET 2024)
[2026-08-08T16:31:39,531][WARN ][io.netty.channel.DefaultChannelPipeline][beats-tls][cea61c76cb89e8de1c33fda45ab2b43ef03d0a587a2da8dd49b947033416f5e3] An exceptionCaught() event was fired, and it reached at the tail of the pipeline. It usually means the last handler in the pipeline did not handle the exception.
io.netty.handler.codec.DecoderException: javax.net.ssl.SSLHandshakeException: (certificate_unknown) PKIX path validation failed: java.security.cert.CertPathValidatorException: validity check failed
	at io.netty.handler.codec.ByteToMessageDecoder.callDecode(ByteToMessageDecoder.java:515)
	at io.netty.handler.codec.ByteToMessageDecoder.channelRead(ByteToMessageDecoder.java:296)
	at io.netty.channel.AbstractChannelHandlerContext.invokeChannelRead(AbstractChannelHandlerContext.java:444)
	at io.netty.channel.AbstractChannelHandlerContext.invokeChannelRead(AbstractChannelHandlerContext.java:420)
	at io.netty.channel.AbstractChannelHandlerContext.fireChannelRead(AbstractChannelHandlerContext.java:412)
	at io.netty.channel.DefaultChannelPipeline$HeadContext.channelRead(DefaultChannelPipeline.java:1357)
	at io.netty.channel.AbstractChannelHandlerContext.invokeChannelRead(AbstractChannelHandlerContext.java:440)
	at io.netty.channel.AbstractChannelHandlerContext.invokeChannelRead(AbstractChannelHandlerContext.java:420)
	at io.netty.channel.DefaultChannelPipeline.fireChannelRead(DefaultChannelPipeline.java:868)
	at io.netty.channel.nio.AbstractNioByteChannel$NioByteUnsafe.read(AbstractNioByteChannel.java:171)
	at io.netty.channel.nio.NioEventLoop.processSelectedKey(NioEventLoop.java:796)
	at io.netty.channel.nio.NioEventLoop.processSelectedKeysOptimized(NioEventLoop.java:732)
	at io.netty.channel.nio.NioEventLoop.processSelectedKeys(NioEventLoop.java:658)
	at io.netty.channel.nio.NioEventLoop.run(NioEventLoop.java:562)
	at io.netty.util.concurrent.SingleThreadEventExecutor$4.run(SingleThreadEventExecutor.java:998)
	at io.netty.util.internal.ThreadExecutorMap$2.run(ThreadExecutorMap.java:74)
	at java.base/java.lang.Thread.run(Thread.java:1583)
Caused by: javax.net.ssl.SSLHandshakeException: (certificate_unknown) PKIX path validation failed: java.security.cert.CertPathValidatorException: validity check failed
	at java.base/sun.security.ssl.Alert.createSSLException(Alert.java:130)
	at java.base/sun.security.ssl.TransportContext.fatal(TransportContext.java:383)
	at java.base/sun.security.ssl.TransportContext.fatal(TransportContext.java:326)
	at java.base/sun.security.ssl.TransportContext.fatal(TransportContext.java:321)
	at java.base/sun.security.ssl.CertificateMessage$T13CertificateConsumer.checkClientCerts(CertificateMessage.java:1232)
	at java.base/sun.security.ssl.CertificateMessage$T13CertificateConsumer.onConsumeCertificate(CertificateMessage.java:1136)
	at java.base/sun.security.ssl.CertificateMessage$T13CertificateConsumer.consume(CertificateMessage.java:1113)
	at java.base/sun.security.ssl.SSLHandshake.consume(SSLHandshake.java:393)
	at java.base/sun.security.ssl.HandshakeContext.dispatch(HandshakeContext.java:477)
	at java.base/sun.security.ssl.SSLEngineImpl$DelegatedTask$DelegatedAction.run(SSLEngineImpl.java:1274)
	at java.base/sun.security.ssl.SSLEngineImpl$DelegatedTask$DelegatedAction.run(SSLEngineImpl.java:1261)
	at java.base/java.security.AccessController.doPrivileged(AccessController.java:714)
	at java.base/sun.security.ssl.SSLEngineImpl$DelegatedTask.run(SSLEngineImpl.java:1206)
	at io.netty.handler.ssl.SslHandler.runDelegatedTasks(SslHandler.java:1695)
	at io.netty.handler.ssl.SslHandler.unwrap(SslHandler.java:1541)
	at io.netty.handler.ssl.SslHandler.decodeJdkCompatible(SslHandler.java:1377)
	at io.netty.handler.ssl.SslHandler.decode(SslHandler.java:1428)
	at io.netty.handler.codec.ByteToMessageDecoder.decodeRemovalReentryProtection(ByteToMessageDecoder.java:545)
	at io.netty.handler.codec.ByteToMessageDecoder.callDecode(ByteToMessageDecoder.java:484)
	... 16 more
Caused by: sun.security.validator.ValidatorException: PKIX path validation failed: java.security.cert.CertPathValidatorException: validity check failed
	at java.base/sun.security.validator.PKIXValidator.doValidate(PKIXValidator.java:318)
	at java.base/sun.security.validator.PKIXValidator.engineValidate(PKIXValidator.java:267)
	at java.base/sun.security.validator.Validator.validate(Validator.java:256)
	at java.base/sun.security.ssl.X509TrustManagerImpl.checkTrusted(X509TrustManagerImpl.java:284)
	at java.base/sun.security.ssl.X509TrustManagerImpl.checkClientTrusted(X509TrustManagerImpl.java:138)
	at io.netty.handler.ssl.EnhancingX509ExtendedTrustManager.checkClientTrusted(EnhancingX509ExtendedTrustManager.java:77)
	at java.base/sun.security.ssl.CertificateMessage$T13CertificateConsumer.checkClientCerts(CertificateMessage.java:1210)
	... 30 more
Caused by: java.security.cert.CertPathValidatorException: validity check failed
	at java.base/sun.security.provider.certpath.PKIXMasterCertPathValidator.validate(PKIXMasterCertPathValidator.java:135)
	at java.base/sun.security.provider.certpath.PKIXCertPathValidator.validate(PKIXCertPathValidator.java:224)
	at java.base/sun.security.provider.certpath.PKIXCertPathValidator.validate(PKIXCertPathValidator.java:144)
	at java.base/sun.security.provider.certpath.PKIXCertPathValidator.engineValidate(PKIXCertPathValidator.java:83)
	at java.base/java.security.cert.CertPathValidator.validate(CertPathValidator.java:309)
	at java.base/sun.security.validator.PKIXValidator.doValidate(PKIXValidator.java:313)
	... 36 more
Caused by: java.security.cert.CertificateExpiredException: NotAfter: Tue Jan 02 01:00:00 CET 2024
	at java.base/sun.security.x509.CertificateValidity.valid(CertificateValidity.java:182)
	at java.base/sun.security.x509.X509CertImpl.checkValidity(X509CertImpl.java:534)
	at java.base/sun.security.provider.certpath.BasicChecker.verifyValidity(BasicChecker.java:190)
	at java.base/sun.security.provider.certpath.BasicChecker.check(BasicChecker.java:144)
	at java.base/sun.security.provider.certpath.PKIXMasterCertPathValidator.validate(PKIXMasterCertPathValidator.java:125)
	... 41 more
[2026-08-08T16:31:41,518][INFO ][org.logstash.beats.BeatsHandler][beats-tls][cea61c76cb89e8de1c33fda45ab2b43ef03d0a587a2da8dd49b947033416f5e3] [local: 192.168.1.56:5044, remote: 192.168.1.55:35774] Handling exception: io.netty.handler.codec.DecoderException: javax.net.ssl.SSLHandshakeException: (certificate_unknown) PKIX path validation failed: java.security.cert.CertPathValidatorException: validity check failed (caused by: java.security.cert.CertificateExpiredException: NotAfter: Tue Jan 02 01:00:00 CET 2024)
[2026-08-08T16:31:41,521][WARN ][io.netty.channel.DefaultChannelPipeline][beats-tls][cea61c76cb89e8de1c33fda45ab2b43ef03d0a587a2da8dd49b947033416f5e3] An exceptionCaught() event was fired, and it reached at the tail of the pipeline. It usually means the last handler in the pipeline did not handle the exception.
io.netty.handler.codec.DecoderException: javax.net.ssl.SSLHandshakeException: (certificate_unknown) PKIX path validation failed: java.security.cert.CertPathValidatorException: validity check failed
	at io.netty.handler.codec.ByteToMessageDecoder.callDecode(ByteToMessageDecoder.java:515)
	at io.netty.handler.codec.ByteToMessageDecoder.channelRead(ByteToMessageDecoder.java:296)
	at io.netty.channel.AbstractChannelHandlerContext.invokeChannelRead(AbstractChannelHandlerContext.java:444)
	at io.netty.channel.AbstractChannelHandlerContext.invokeChannelRead(AbstractChannelHandlerContext.java:420)
	at io.netty.channel.AbstractChannelHandlerContext.fireChannelRead(AbstractChannelHandlerContext.java:412)
	at io.netty.channel.DefaultChannelPipeline$HeadContext.channelRead(DefaultChannelPipeline.java:1357)
	at io.netty.channel.AbstractChannelHandlerContext.invokeChannelRead(AbstractChannelHandlerContext.java:440)
	at io.netty.channel.AbstractChannelHandlerContext.invokeChannelRead(AbstractChannelHandlerContext.java:420)
	at io.netty.channel.DefaultChannelPipeline.fireChannelRead(DefaultChannelPipeline.java:868)
	at io.netty.channel.nio.AbstractNioByteChannel$NioByteUnsafe.read(AbstractNioByteChannel.java:171)
	at io.netty.channel.nio.NioEventLoop.processSelectedKey(NioEventLoop.java:796)
	at io.netty.channel.nio.NioEventLoop.processSelectedKeysOptimized(NioEventLoop.java:732)
	at io.netty.channel.nio.NioEventLoop.processSelectedKeys(NioEventLoop.java:658)
	at io.netty.channel.nio.NioEventLoop.run(NioEventLoop.java:562)
	at io.netty.util.concurrent.SingleThreadEventExecutor$4.run(SingleThreadEventExecutor.java:998)
	at io.netty.util.internal.ThreadExecutorMap$2.run(ThreadExecutorMap.java:74)
	at java.base/java.lang.Thread.run(Thread.java:1583)
Caused by: javax.net.ssl.SSLHandshakeException: (certificate_unknown) PKIX path validation failed: java.security.cert.CertPathValidatorException: validity check failed
	at java.base/sun.security.ssl.Alert.createSSLException(Alert.java:130)
	at java.base/sun.security.ssl.TransportContext.fatal(TransportContext.java:383)
	at java.base/sun.security.ssl.TransportContext.fatal(TransportContext.java:326)
	at java.base/sun.security.ssl.TransportContext.fatal(TransportContext.java:321)
	at java.base/sun.security.ssl.CertificateMessage$T13CertificateConsumer.checkClientCerts(CertificateMessage.java:1232)
	at java.base/sun.security.ssl.CertificateMessage$T13CertificateConsumer.onConsumeCertificate(CertificateMessage.java:1136)
	at java.base/sun.security.ssl.CertificateMessage$T13CertificateConsumer.consume(CertificateMessage.java:1113)
	at java.base/sun.security.ssl.SSLHandshake.consume(SSLHandshake.java:393)
	at java.base/sun.security.ssl.HandshakeContext.dispatch(HandshakeContext.java:477)
	at java.base/sun.security.ssl.SSLEngineImpl$DelegatedTask$DelegatedAction.run(SSLEngineImpl.java:1274)
	at java.base/sun.security.ssl.SSLEngineImpl$DelegatedTask$DelegatedAction.run(SSLEngineImpl.java:1261)
	at java.base/java.security.AccessController.doPrivileged(AccessController.java:714)
	at java.base/sun.security.ssl.SSLEngineImpl$DelegatedTask.run(SSLEngineImpl.java:1206)
	at io.netty.handler.ssl.SslHandler.runDelegatedTasks(SslHandler.java:1695)
	at io.netty.handler.ssl.SslHandler.unwrap(SslHandler.java:1541)
	at io.netty.handler.ssl.SslHandler.decodeJdkCompatible(SslHandler.java:1377)
	at io.netty.handler.ssl.SslHandler.decode(SslHandler.java:1428)
	at io.netty.handler.codec.ByteToMessageDecoder.decodeRemovalReentryProtection(ByteToMessageDecoder.java:545)
	at io.netty.handler.codec.ByteToMessageDecoder.callDecode(ByteToMessageDecoder.java:484)
	... 16 more
Caused by: sun.security.validator.ValidatorException: PKIX path validation failed: java.security.cert.CertPathValidatorException: validity check failed
	at java.base/sun.security.validator.PKIXValidator.doValidate(PKIXValidator.java:318)
	at java.base/sun.security.validator.PKIXValidator.engineValidate(PKIXValidator.java:267)
	at java.base/sun.security.validator.Validator.validate(Validator.java:256)
	at java.base/sun.security.ssl.X509TrustManagerImpl.checkTrusted(X509TrustManagerImpl.java:284)
	at java.base/sun.security.ssl.X509TrustManagerImpl.checkClientTrusted(X509TrustManagerImpl.java:138)
	at io.netty.handler.ssl.EnhancingX509ExtendedTrustManager.checkClientTrusted(EnhancingX509ExtendedTrustManager.java:77)
	at java.base/sun.security.ssl.CertificateMessage$T13CertificateConsumer.checkClientCerts(CertificateMessage.java:1210)
	... 30 more
Caused by: java.security.cert.CertPathValidatorException: validity check failed
	at java.base/sun.security.provider.certpath.PKIXMasterCertPathValidator.validate(PKIXMasterCertPathValidator.java:135)
	at java.base/sun.security.provider.certpath.PKIXCertPathValidator.validate(PKIXCertPathValidator.java:224)
	at java.base/sun.security.provider.certpath.PKIXCertPathValidator.validate(PKIXCertPathValidator.java:144)
	at java.base/sun.security.provider.certpath.PKIXCertPathValidator.engineValidate(PKIXCertPathValidator.java:83)
	at java.base/java.security.cert.CertPathValidator.validate(CertPathValidator.java:309)
	at java.base/sun.security.validator.PKIXValidator.doValidate(PKIXValidator.java:313)
	... 36 more
Caused by: java.security.cert.CertificateExpiredException: NotAfter: Tue Jan 02 01:00:00 CET 2024
	at java.base/sun.security.x509.CertificateValidity.valid(CertificateValidity.java:182)
	at java.base/sun.security.x509.X509CertImpl.checkValidity(X509CertImpl.java:534)
	at java.base/sun.security.provider.certpath.BasicChecker.verifyValidity(BasicChecker.java:190)
	at java.base/sun.security.provider.certpath.BasicChecker.check(BasicChecker.java:144)
	at java.base/sun.security.provider.certpath.PKIXMasterCertPathValidator.validate(PKIXMasterCertPathValidator.java:125)
	... 41 more
[2026-08-08T16:31:42,565][INFO ][org.logstash.beats.BeatsHandler][beats-tls][cea61c76cb89e8de1c33fda45ab2b43ef03d0a587a2da8dd49b947033416f5e3] [local: 192.168.1.56:5044, remote: 192.168.1.55:35788] Handling exception: io.netty.handler.codec.DecoderException: javax.net.ssl.SSLHandshakeException: (certificate_unknown) PKIX path validation failed: java.security.cert.CertPathValidatorException: validity check failed (caused by: java.security.cert.CertificateExpiredException: NotAfter: Tue Jan 02 01:00:00 CET 2024)
[2026-08-08T16:31:42,565][WARN ][io.netty.channel.DefaultChannelPipeline][beats-tls][cea61c76cb89e8de1c33fda45ab2b43ef03d0a587a2da8dd49b947033416f5e3] An exceptionCaught() event was fired, and it reached at the tail of the pipeline. It usually means the last handler in the pipeline did not handle the exception.
io.netty.handler.codec.DecoderException: javax.net.ssl.SSLHandshakeException: (certificate_unknown) PKIX path validation failed: java.security.cert.CertPathValidatorException: validity check failed
	at io.netty.handler.codec.ByteToMessageDecoder.callDecode(ByteToMessageDecoder.java:515)
	at io.netty.handler.codec.ByteToMessageDecoder.channelRead(ByteToMessageDecoder.java:296)
	at io.netty.channel.AbstractChannelHandlerContext.invokeChannelRead(AbstractChannelHandlerContext.java:444)
	at io.netty.channel.AbstractChannelHandlerContext.invokeChannelRead(AbstractChannelHandlerContext.java:420)
	at io.netty.channel.AbstractChannelHandlerContext.fireChannelRead(AbstractChannelHandlerContext.java:412)
	at io.netty.channel.DefaultChannelPipeline$HeadContext.channelRead(DefaultChannelPipeline.java:1357)
	at io.netty.channel.AbstractChannelHandlerContext.invokeChannelRead(AbstractChannelHandlerContext.java:440)
	at io.netty.channel.AbstractChannelHandlerContext.invokeChannelRead(AbstractChannelHandlerContext.java:420)
	at io.netty.channel.DefaultChannelPipeline.fireChannelRead(DefaultChannelPipeline.java:868)
	at io.netty.channel.nio.AbstractNioByteChannel$NioByteUnsafe.read(AbstractNioByteChannel.java:171)
	at io.netty.channel.nio.NioEventLoop.processSelectedKey(NioEventLoop.java:796)
	at io.netty.channel.nio.NioEventLoop.processSelectedKeysOptimized(NioEventLoop.java:732)
	at io.netty.channel.nio.NioEventLoop.processSelectedKeys(NioEventLoop.java:658)
	at io.netty.channel.nio.NioEventLoop.run(NioEventLoop.java:562)
	at io.netty.util.concurrent.SingleThreadEventExecutor$4.run(SingleThreadEventExecutor.java:998)
	at io.netty.util.internal.ThreadExecutorMap$2.run(ThreadExecutorMap.java:74)
	at java.base/java.lang.Thread.run(Thread.java:1583)
Caused by: javax.net.ssl.SSLHandshakeException: (certificate_unknown) PKIX path validation failed: java.security.cert.CertPathValidatorException: validity check failed
	at java.base/sun.security.ssl.Alert.createSSLException(Alert.java:130)
	at java.base/sun.security.ssl.TransportContext.fatal(TransportContext.java:383)
	at java.base/sun.security.ssl.TransportContext.fatal(TransportContext.java:326)
	at java.base/sun.security.ssl.TransportContext.fatal(TransportContext.java:321)
	at java.base/sun.security.ssl.CertificateMessage$T13CertificateConsumer.checkClientCerts(CertificateMessage.java:1232)
	at java.base/sun.security.ssl.CertificateMessage$T13CertificateConsumer.onConsumeCertificate(CertificateMessage.java:1136)
	at java.base/sun.security.ssl.CertificateMessage$T13CertificateConsumer.consume(CertificateMessage.java:1113)
	at java.base/sun.security.ssl.SSLHandshake.consume(SSLHandshake.java:393)
	at java.base/sun.security.ssl.HandshakeContext.dispatch(HandshakeContext.java:477)
	at java.base/sun.security.ssl.SSLEngineImpl$DelegatedTask$DelegatedAction.run(SSLEngineImpl.java:1274)
	at java.base/sun.security.ssl.SSLEngineImpl$DelegatedTask$DelegatedAction.run(SSLEngineImpl.java:1261)
	at java.base/java.security.AccessController.doPrivileged(AccessController.java:714)
	at java.base/sun.security.ssl.SSLEngineImpl$DelegatedTask.run(SSLEngineImpl.java:1206)
	at io.netty.handler.ssl.SslHandler.runDelegatedTasks(SslHandler.java:1695)
	at io.netty.handler.ssl.SslHandler.unwrap(SslHandler.java:1541)
	at io.netty.handler.ssl.SslHandler.decodeJdkCompatible(SslHandler.java:1377)
	at io.netty.handler.ssl.SslHandler.decode(SslHandler.java:1428)
	at io.netty.handler.codec.ByteToMessageDecoder.decodeRemovalReentryProtection(ByteToMessageDecoder.java:545)
	at io.netty.handler.codec.ByteToMessageDecoder.callDecode(ByteToMessageDecoder.java:484)
	... 16 more
Caused by: sun.security.validator.ValidatorException: PKIX path validation failed: java.security.cert.CertPathValidatorException: validity check failed
	at java.base/sun.security.validator.PKIXValidator.doValidate(PKIXValidator.java:318)
	at java.base/sun.security.validator.PKIXValidator.engineValidate(PKIXValidator.java:267)
	at java.base/sun.security.validator.Validator.validate(Validator.java:256)
	at java.base/sun.security.ssl.X509TrustManagerImpl.checkTrusted(X509TrustManagerImpl.java:284)
	at java.base/sun.security.ssl.X509TrustManagerImpl.checkClientTrusted(X509TrustManagerImpl.java:138)
	at io.netty.handler.ssl.EnhancingX509ExtendedTrustManager.checkClientTrusted(EnhancingX509ExtendedTrustManager.java:77)
	at java.base/sun.security.ssl.CertificateMessage$T13CertificateConsumer.checkClientCerts(CertificateMessage.java:1210)
	... 30 more
Caused by: java.security.cert.CertPathValidatorException: validity check failed
	at java.base/sun.security.provider.certpath.PKIXMasterCertPathValidator.validate(PKIXMasterCertPathValidator.java:135)
	at java.base/sun.security.provider.certpath.PKIXCertPathValidator.validate(PKIXCertPathValidator.java:224)
	at java.base/sun.security.provider.certpath.PKIXCertPathValidator.validate(PKIXCertPathValidator.java:144)
	at java.base/sun.security.provider.certpath.PKIXCertPathValidator.engineValidate(PKIXCertPathValidator.java:83)
	at java.base/java.security.cert.CertPathValidator.validate(CertPathValidator.java:309)
	at java.base/sun.security.validator.PKIXValidator.doValidate(PKIXValidator.java:313)
	... 36 more
Caused by: java.security.cert.CertificateExpiredException: NotAfter: Tue Jan 02 01:00:00 CET 2024
	at java.base/sun.security.x509.CertificateValidity.valid(CertificateValidity.java:182)
	at java.base/sun.security.x509.X509CertImpl.checkValidity(X509CertImpl.java:534)
	at java.base/sun.security.provider.certpath.BasicChecker.verifyValidity(BasicChecker.java:190)
	at java.base/sun.security.provider.certpath.BasicChecker.check(BasicChecker.java:144)
	at java.base/sun.security.provider.certpath.PKIXMasterCertPathValidator.validate(PKIXMasterCertPathValidator.java:125)
	... 41 more
[2026-08-08T16:31:44,671][INFO ][org.logstash.beats.BeatsHandler][beats-tls][cea61c76cb89e8de1c33fda45ab2b43ef03d0a587a2da8dd49b947033416f5e3] [local: 192.168.1.56:5044, remote: 192.168.1.55:35792] Handling exception: io.netty.handler.codec.DecoderException: javax.net.ssl.SSLHandshakeException: (certificate_unknown) PKIX path validation failed: java.security.cert.CertPathValidatorException: validity check failed (caused by: java.security.cert.CertificateExpiredException: NotAfter: Tue Jan 02 01:00:00 CET 2024)
[2026-08-08T16:31:44,672][WARN ][io.netty.channel.DefaultChannelPipeline][beats-tls][cea61c76cb89e8de1c33fda45ab2b43ef03d0a587a2da8dd49b947033416f5e3] An exceptionCaught() event was fired, and it reached at the tail of the pipeline. It usually means the last handler in the pipeline did not handle the exception.
io.netty.handler.codec.DecoderException: javax.net.ssl.SSLHandshakeException: (certificate_unknown) PKIX path validation failed: java.security.cert.CertPathValidatorException: validity check failed
	at io.netty.handler.codec.ByteToMessageDecoder.callDecode(ByteToMessageDecoder.java:515)
	at io.netty.handler.codec.ByteToMessageDecoder.channelRead(ByteToMessageDecoder.java:296)
	at io.netty.channel.AbstractChannelHandlerContext.invokeChannelRead(AbstractChannelHandlerContext.java:444)
	at io.netty.channel.AbstractChannelHandlerContext.invokeChannelRead(AbstractChannelHandlerContext.java:420)
	at io.netty.channel.AbstractChannelHandlerContext.fireChannelRead(AbstractChannelHandlerContext.java:412)
	at io.netty.channel.DefaultChannelPipeline$HeadContext.channelRead(DefaultChannelPipeline.java:1357)
	at io.netty.channel.AbstractChannelHandlerContext.invokeChannelRead(AbstractChannelHandlerContext.java:440)
	at io.netty.channel.AbstractChannelHandlerContext.invokeChannelRead(AbstractChannelHandlerContext.java:420)
	at io.netty.channel.DefaultChannelPipeline.fireChannelRead(DefaultChannelPipeline.java:868)
	at io.netty.channel.nio.AbstractNioByteChannel$NioByteUnsafe.read(AbstractNioByteChannel.java:171)
	at io.netty.channel.nio.NioEventLoop.processSelectedKey(NioEventLoop.java:796)
	at io.netty.channel.nio.NioEventLoop.processSelectedKeysOptimized(NioEventLoop.java:732)
	at io.netty.channel.nio.NioEventLoop.processSelectedKeys(NioEventLoop.java:658)
	at io.netty.channel.nio.NioEventLoop.run(NioEventLoop.java:562)
	at io.netty.util.concurrent.SingleThreadEventExecutor$4.run(SingleThreadEventExecutor.java:998)
	at io.netty.util.internal.ThreadExecutorMap$2.run(ThreadExecutorMap.java:74)
	at java.base/java.lang.Thread.run(Thread.java:1583)
Caused by: javax.net.ssl.SSLHandshakeException: (certificate_unknown) PKIX path validation failed: java.security.cert.CertPathValidatorException: validity check failed
	at java.base/sun.security.ssl.Alert.createSSLException(Alert.java:130)
	at java.base/sun.security.ssl.TransportContext.fatal(TransportContext.java:383)
	at java.base/sun.security.ssl.TransportContext.fatal(TransportContext.java:326)
	at java.base/sun.security.ssl.TransportContext.fatal(TransportContext.java:321)
	at java.base/sun.security.ssl.CertificateMessage$T13CertificateConsumer.checkClientCerts(CertificateMessage.java:1232)
	at java.base/sun.security.ssl.CertificateMessage$T13CertificateConsumer.onConsumeCertificate(CertificateMessage.java:1136)
	at java.base/sun.security.ssl.CertificateMessage$T13CertificateConsumer.consume(CertificateMessage.java:1113)
	at java.base/sun.security.ssl.SSLHandshake.consume(SSLHandshake.java:393)
	at java.base/sun.security.ssl.HandshakeContext.dispatch(HandshakeContext.java:477)
	at java.base/sun.security.ssl.SSLEngineImpl$DelegatedTask$DelegatedAction.run(SSLEngineImpl.java:1274)
	at java.base/sun.security.ssl.SSLEngineImpl$DelegatedTask$DelegatedAction.run(SSLEngineImpl.java:1261)
	at java.base/java.security.AccessController.doPrivileged(AccessController.java:714)
	at java.base/sun.security.ssl.SSLEngineImpl$DelegatedTask.run(SSLEngineImpl.java:1206)
	at io.netty.handler.ssl.SslHandler.runDelegatedTasks(SslHandler.java:1695)
	at io.netty.handler.ssl.SslHandler.unwrap(SslHandler.java:1541)
	at io.netty.handler.ssl.SslHandler.decodeJdkCompatible(SslHandler.java:1377)
	at io.netty.handler.ssl.SslHandler.decode(SslHandler.java:1428)
	at io.netty.handler.codec.ByteToMessageDecoder.decodeRemovalReentryProtection(ByteToMessageDecoder.java:545)
	at io.netty.handler.codec.ByteToMessageDecoder.callDecode(ByteToMessageDecoder.java:484)
	... 16 more
Caused by: sun.security.validator.ValidatorException: PKIX path validation failed: java.security.cert.CertPathValidatorException: validity check failed
	at java.base/sun.security.validator.PKIXValidator.doValidate(PKIXValidator.java:318)
	at java.base/sun.security.validator.PKIXValidator.engineValidate(PKIXValidator.java:267)
	at java.base/sun.security.validator.Validator.validate(Validator.java:256)
	at java.base/sun.security.ssl.X509TrustManagerImpl.checkTrusted(X509TrustManagerImpl.java:284)
	at java.base/sun.security.ssl.X509TrustManagerImpl.checkClientTrusted(X509TrustManagerImpl.java:138)
	at io.netty.handler.ssl.EnhancingX509ExtendedTrustManager.checkClientTrusted(EnhancingX509ExtendedTrustManager.java:77)
	at java.base/sun.security.ssl.CertificateMessage$T13CertificateConsumer.checkClientCerts(CertificateMessage.java:1210)
	... 30 more
Caused by: java.security.cert.CertPathValidatorException: validity check failed
	at java.base/sun.security.provider.certpath.PKIXMasterCertPathValidator.validate(PKIXMasterCertPathValidator.java:135)
	at java.base/sun.security.provider.certpath.PKIXCertPathValidator.validate(PKIXCertPathValidator.java:224)
	at java.base/sun.security.provider.certpath.PKIXCertPathValidator.validate(PKIXCertPathValidator.java:144)
	at java.base/sun.security.provider.certpath.PKIXCertPathValidator.engineValidate(PKIXCertPathValidator.java:83)
	at java.base/java.security.cert.CertPathValidator.validate(CertPathValidator.java:309)
	at java.base/sun.security.validator.PKIXValidator.doValidate(PKIXValidator.java:313)
	... 36 more
Caused by: java.security.cert.CertificateExpiredException: NotAfter: Tue Jan 02 01:00:00 CET 2024
	at java.base/sun.security.x509.CertificateValidity.valid(CertificateValidity.java:182)
	at java.base/sun.security.x509.X509CertImpl.checkValidity(X509CertImpl.java:534)
	at java.base/sun.security.provider.certpath.BasicChecker.verifyValidity(BasicChecker.java:190)
	at java.base/sun.security.provider.certpath.BasicChecker.check(BasicChecker.java:144)
	at java.base/sun.security.provider.certpath.PKIXMasterCertPathValidator.validate(PKIXMasterCertPathValidator.java:125)
	... 41 more
[2026-08-08T16:31:45,746][INFO ][org.logstash.beats.BeatsHandler][beats-tls][cea61c76cb89e8de1c33fda45ab2b43ef03d0a587a2da8dd49b947033416f5e3] [local: 192.168.1.56:5044, remote: 192.168.1.55:35808] Handling exception: io.netty.handler.codec.DecoderException: javax.net.ssl.SSLHandshakeException: (certificate_unknown) PKIX path validation failed: java.security.cert.CertPathValidatorException: validity check failed (caused by: java.security.cert.CertificateExpiredException: NotAfter: Tue Jan 02 01:00:00 CET 2024)
[2026-08-08T16:31:45,753][WARN ][io.netty.channel.DefaultChannelPipeline][beats-tls][cea61c76cb89e8de1c33fda45ab2b43ef03d0a587a2da8dd49b947033416f5e3] An exceptionCaught() event was fired, and it reached at the tail of the pipeline. It usually means the last handler in the pipeline did not handle the exception.
io.netty.handler.codec.DecoderException: javax.net.ssl.SSLHandshakeException: (certificate_unknown) PKIX path validation failed: java.security.cert.CertPathValidatorException: validity check failed
	at io.netty.handler.codec.ByteToMessageDecoder.callDecode(ByteToMessageDecoder.java:515)
	at io.netty.handler.codec.ByteToMessageDecoder.channelRead(ByteToMessageDecoder.java:296)
	at io.netty.channel.AbstractChannelHandlerContext.invokeChannelRead(AbstractChannelHandlerContext.java:444)
	at io.netty.channel.AbstractChannelHandlerContext.invokeChannelRead(AbstractChannelHandlerContext.java:420)
	at io.netty.channel.AbstractChannelHandlerContext.fireChannelRead(AbstractChannelHandlerContext.java:412)
	at io.netty.channel.DefaultChannelPipeline$HeadContext.channelRead(DefaultChannelPipeline.java:1357)
	at io.netty.channel.AbstractChannelHandlerContext.invokeChannelRead(AbstractChannelHandlerContext.java:440)
	at io.netty.channel.AbstractChannelHandlerContext.invokeChannelRead(AbstractChannelHandlerContext.java:420)
	at io.netty.channel.DefaultChannelPipeline.fireChannelRead(DefaultChannelPipeline.java:868)
	at io.netty.channel.nio.AbstractNioByteChannel$NioByteUnsafe.read(AbstractNioByteChannel.java:171)
	at io.netty.channel.nio.NioEventLoop.processSelectedKey(NioEventLoop.java:796)
	at io.netty.channel.nio.NioEventLoop.processSelectedKeysOptimized(NioEventLoop.java:732)
	at io.netty.channel.nio.NioEventLoop.processSelectedKeys(NioEventLoop.java:658)
	at io.netty.channel.nio.NioEventLoop.run(NioEventLoop.java:562)
	at io.netty.util.concurrent.SingleThreadEventExecutor$4.run(SingleThreadEventExecutor.java:998)
	at io.netty.util.internal.ThreadExecutorMap$2.run(ThreadExecutorMap.java:74)
	at java.base/java.lang.Thread.run(Thread.java:1583)
Caused by: javax.net.ssl.SSLHandshakeException: (certificate_unknown) PKIX path validation failed: java.security.cert.CertPathValidatorException: validity check failed
	at java.base/sun.security.ssl.Alert.createSSLException(Alert.java:130)
	at java.base/sun.security.ssl.TransportContext.fatal(TransportContext.java:383)
	at java.base/sun.security.ssl.TransportContext.fatal(TransportContext.java:326)
	at java.base/sun.security.ssl.TransportContext.fatal(TransportContext.java:321)
	at java.base/sun.security.ssl.CertificateMessage$T13CertificateConsumer.checkClientCerts(CertificateMessage.java:1232)
	at java.base/sun.security.ssl.CertificateMessage$T13CertificateConsumer.onConsumeCertificate(CertificateMessage.java:1136)
	at java.base/sun.security.ssl.CertificateMessage$T13CertificateConsumer.consume(CertificateMessage.java:1113)
	at java.base/sun.security.ssl.SSLHandshake.consume(SSLHandshake.java:393)
	at java.base/sun.security.ssl.HandshakeContext.dispatch(HandshakeContext.java:477)
	at java.base/sun.security.ssl.SSLEngineImpl$DelegatedTask$DelegatedAction.run(SSLEngineImpl.java:1274)
	at java.base/sun.security.ssl.SSLEngineImpl$DelegatedTask$DelegatedAction.run(SSLEngineImpl.java:1261)
	at java.base/java.security.AccessController.doPrivileged(AccessController.java:714)
	at java.base/sun.security.ssl.SSLEngineImpl$DelegatedTask.run(SSLEngineImpl.java:1206)
	at io.netty.handler.ssl.SslHandler.runDelegatedTasks(SslHandler.java:1695)
	at io.netty.handler.ssl.SslHandler.unwrap(SslHandler.java:1541)
	at io.netty.handler.ssl.SslHandler.decodeJdkCompatible(SslHandler.java:1377)
	at io.netty.handler.ssl.SslHandler.decode(SslHandler.java:1428)
	at io.netty.handler.codec.ByteToMessageDecoder.decodeRemovalReentryProtection(ByteToMessageDecoder.java:545)
	at io.netty.handler.codec.ByteToMessageDecoder.callDecode(ByteToMessageDecoder.java:484)
	... 16 more
Caused by: sun.security.validator.ValidatorException: PKIX path validation failed: java.security.cert.CertPathValidatorException: validity check failed
	at java.base/sun.security.validator.PKIXValidator.doValidate(PKIXValidator.java:318)
	at java.base/sun.security.validator.PKIXValidator.engineValidate(PKIXValidator.java:267)
	at java.base/sun.security.validator.Validator.validate(Validator.java:256)
	at java.base/sun.security.ssl.X509TrustManagerImpl.checkTrusted(X509TrustManagerImpl.java:284)
	at java.base/sun.security.ssl.X509TrustManagerImpl.checkClientTrusted(X509TrustManagerImpl.java:138)
	at io.netty.handler.ssl.EnhancingX509ExtendedTrustManager.checkClientTrusted(EnhancingX509ExtendedTrustManager.java:77)
	at java.base/sun.security.ssl.CertificateMessage$T13CertificateConsumer.checkClientCerts(CertificateMessage.java:1210)
	... 30 more
Caused by: java.security.cert.CertPathValidatorException: validity check failed
	at java.base/sun.security.provider.certpath.PKIXMasterCertPathValidator.validate(PKIXMasterCertPathValidator.java:135)
	at java.base/sun.security.provider.certpath.PKIXCertPathValidator.validate(PKIXCertPathValidator.java:224)
	at java.base/sun.security.provider.certpath.PKIXCertPathValidator.validate(PKIXCertPathValidator.java:144)
	at java.base/sun.security.provider.certpath.PKIXCertPathValidator.engineValidate(PKIXCertPathValidator.java:83)
	at java.base/java.security.cert.CertPathValidator.validate(CertPathValidator.java:309)
	at java.base/sun.security.validator.PKIXValidator.doValidate(PKIXValidator.java:313)
	... 36 more
Caused by: java.security.cert.CertificateExpiredException: NotAfter: Tue Jan 02 01:00:00 CET 2024
	at java.base/sun.security.x509.CertificateValidity.valid(CertificateValidity.java:182)
	at java.base/sun.security.x509.X509CertImpl.checkValidity(X509CertImpl.java:534)
	at java.base/sun.security.provider.certpath.BasicChecker.verifyValidity(BasicChecker.java:190)
	at java.base/sun.security.provider.certpath.BasicChecker.check(BasicChecker.java:144)
	at java.base/sun.security.provider.certpath.PKIXMasterCertPathValidator.validate(PKIXMasterCertPathValidator.java:125)
	... 41 more
[2026-08-08T16:31:47,344][INFO ][org.logstash.beats.BeatsHandler][beats-tls][cea61c76cb89e8de1c33fda45ab2b43ef03d0a587a2da8dd49b947033416f5e3] [local: 192.168.1.56:5044, remote: 192.168.1.55:35824] Handling exception: io.netty.handler.codec.DecoderException: javax.net.ssl.SSLHandshakeException: (certificate_unknown) PKIX path validation failed: java.security.cert.CertPathValidatorException: validity check failed (caused by: java.security.cert.CertificateExpiredException: NotAfter: Tue Jan 02 01:00:00 CET 2024)
[2026-08-08T16:31:47,345][WARN ][io.netty.channel.DefaultChannelPipeline][beats-tls][cea61c76cb89e8de1c33fda45ab2b43ef03d0a587a2da8dd49b947033416f5e3] An exceptionCaught() event was fired, and it reached at the tail of the pipeline. It usually means the last handler in the pipeline did not handle the exception.
io.netty.handler.codec.DecoderException: javax.net.ssl.SSLHandshakeException: (certificate_unknown) PKIX path validation failed: java.security.cert.CertPathValidatorException: validity check failed
	at io.netty.handler.codec.ByteToMessageDecoder.callDecode(ByteToMessageDecoder.java:515)
	at io.netty.handler.codec.ByteToMessageDecoder.channelRead(ByteToMessageDecoder.java:296)
	at io.netty.channel.AbstractChannelHandlerContext.invokeChannelRead(AbstractChannelHandlerContext.java:444)
	at io.netty.channel.AbstractChannelHandlerContext.invokeChannelRead(AbstractChannelHandlerContext.java:420)
	at io.netty.channel.AbstractChannelHandlerContext.fireChannelRead(AbstractChannelHandlerContext.java:412)
	at io.netty.channel.DefaultChannelPipeline$HeadContext.channelRead(DefaultChannelPipeline.java:1357)
	at io.netty.channel.AbstractChannelHandlerContext.invokeChannelRead(AbstractChannelHandlerContext.java:440)
	at io.netty.channel.AbstractChannelHandlerContext.invokeChannelRead(AbstractChannelHandlerContext.java:420)
	at io.netty.channel.DefaultChannelPipeline.fireChannelRead(DefaultChannelPipeline.java:868)
	at io.netty.channel.nio.AbstractNioByteChannel$NioByteUnsafe.read(AbstractNioByteChannel.java:171)
	at io.netty.channel.nio.NioEventLoop.processSelectedKey(NioEventLoop.java:796)
	at io.netty.channel.nio.NioEventLoop.processSelectedKeysOptimized(NioEventLoop.java:732)
	at io.netty.channel.nio.NioEventLoop.processSelectedKeys(NioEventLoop.java:658)
	at io.netty.channel.nio.NioEventLoop.run(NioEventLoop.java:562)
	at io.netty.util.concurrent.SingleThreadEventExecutor$4.run(SingleThreadEventExecutor.java:998)
	at io.netty.util.internal.ThreadExecutorMap$2.run(ThreadExecutorMap.java:74)
	at java.base/java.lang.Thread.run(Thread.java:1583)
Caused by: javax.net.ssl.SSLHandshakeException: (certificate_unknown) PKIX path validation failed: java.security.cert.CertPathValidatorException: validity check failed
	at java.base/sun.security.ssl.Alert.createSSLException(Alert.java:130)
	at java.base/sun.security.ssl.TransportContext.fatal(TransportContext.java:383)
	at java.base/sun.security.ssl.TransportContext.fatal(TransportContext.java:326)
	at java.base/sun.security.ssl.TransportContext.fatal(TransportContext.java:321)
	at java.base/sun.security.ssl.CertificateMessage$T13CertificateConsumer.checkClientCerts(CertificateMessage.java:1232)
	at java.base/sun.security.ssl.CertificateMessage$T13CertificateConsumer.onConsumeCertificate(CertificateMessage.java:1136)
	at java.base/sun.security.ssl.CertificateMessage$T13CertificateConsumer.consume(CertificateMessage.java:1113)
	at java.base/sun.security.ssl.SSLHandshake.consume(SSLHandshake.java:393)
	at java.base/sun.security.ssl.HandshakeContext.dispatch(HandshakeContext.java:477)
	at java.base/sun.security.ssl.SSLEngineImpl$DelegatedTask$DelegatedAction.run(SSLEngineImpl.java:1274)
	at java.base/sun.security.ssl.SSLEngineImpl$DelegatedTask$DelegatedAction.run(SSLEngineImpl.java:1261)
	at java.base/java.security.AccessController.doPrivileged(AccessController.java:714)
	at java.base/sun.security.ssl.SSLEngineImpl$DelegatedTask.run(SSLEngineImpl.java:1206)
	at io.netty.handler.ssl.SslHandler.runDelegatedTasks(SslHandler.java:1695)
	at io.netty.handler.ssl.SslHandler.unwrap(SslHandler.java:1541)
	at io.netty.handler.ssl.SslHandler.decodeJdkCompatible(SslHandler.java:1377)
	at io.netty.handler.ssl.SslHandler.decode(SslHandler.java:1428)
	at io.netty.handler.codec.ByteToMessageDecoder.decodeRemovalReentryProtection(ByteToMessageDecoder.java:545)
	at io.netty.handler.codec.ByteToMessageDecoder.callDecode(ByteToMessageDecoder.java:484)
	... 16 more
Caused by: sun.security.validator.ValidatorException: PKIX path validation failed: java.security.cert.CertPathValidatorException: validity check failed
	at java.base/sun.security.validator.PKIXValidator.doValidate(PKIXValidator.java:318)
	at java.base/sun.security.validator.PKIXValidator.engineValidate(PKIXValidator.java:267)
	at java.base/sun.security.validator.Validator.validate(Validator.java:256)
	at java.base/sun.security.ssl.X509TrustManagerImpl.checkTrusted(X509TrustManagerImpl.java:284)
	at java.base/sun.security.ssl.X509TrustManagerImpl.checkClientTrusted(X509TrustManagerImpl.java:138)
	at io.netty.handler.ssl.EnhancingX509ExtendedTrustManager.checkClientTrusted(EnhancingX509ExtendedTrustManager.java:77)
	at java.base/sun.security.ssl.CertificateMessage$T13CertificateConsumer.checkClientCerts(CertificateMessage.java:1210)
	... 30 more
Caused by: java.security.cert.CertPathValidatorException: validity check failed
	at java.base/sun.security.provider.certpath.PKIXMasterCertPathValidator.validate(PKIXMasterCertPathValidator.java:135)
	at java.base/sun.security.provider.certpath.PKIXCertPathValidator.validate(PKIXCertPathValidator.java:224)
	at java.base/sun.security.provider.certpath.PKIXCertPathValidator.validate(PKIXCertPathValidator.java:144)
	at java.base/sun.security.provider.certpath.PKIXCertPathValidator.engineValidate(PKIXCertPathValidator.java:83)
	at java.base/java.security.cert.CertPathValidator.validate(CertPathValidator.java:309)
	at java.base/sun.security.validator.PKIXValidator.doValidate(PKIXValidator.java:313)
	... 36 more
Caused by: java.security.cert.CertificateExpiredException: NotAfter: Tue Jan 02 01:00:00 CET 2024
	at java.base/sun.security.x509.CertificateValidity.valid(CertificateValidity.java:182)
	at java.base/sun.security.x509.X509CertImpl.checkValidity(X509CertImpl.java:534)
	at java.base/sun.security.provider.certpath.BasicChecker.verifyValidity(BasicChecker.java:190)
	at java.base/sun.security.provider.certpath.BasicChecker.check(BasicChecker.java:144)
	at java.base/sun.security.provider.certpath.PKIXMasterCertPathValidator.validate(PKIXMasterCertPathValidator.java:125)
	... 41 more
[2026-08-08T16:31:50,235][INFO ][org.logstash.beats.BeatsHandler][beats-tls][cea61c76cb89e8de1c33fda45ab2b43ef03d0a587a2da8dd49b947033416f5e3] [local: 192.168.1.56:5044, remote: 192.168.1.55:53584] Handling exception: io.netty.handler.codec.DecoderException: javax.net.ssl.SSLHandshakeException: (certificate_unknown) PKIX path validation failed: java.security.cert.CertPathValidatorException: validity check failed (caused by: java.security.cert.CertificateExpiredException: NotAfter: Tue Jan 02 01:00:00 CET 2024)
[2026-08-08T16:31:50,239][WARN ][io.netty.channel.DefaultChannelPipeline][beats-tls][cea61c76cb89e8de1c33fda45ab2b43ef03d0a587a2da8dd49b947033416f5e3] An exceptionCaught() event was fired, and it reached at the tail of the pipeline. It usually means the last handler in the pipeline did not handle the exception.
io.netty.handler.codec.DecoderException: javax.net.ssl.SSLHandshakeException: (certificate_unknown) PKIX path validation failed: java.security.cert.CertPathValidatorException: validity check failed
	at io.netty.handler.codec.ByteToMessageDecoder.callDecode(ByteToMessageDecoder.java:515)
	at io.netty.handler.codec.ByteToMessageDecoder.channelRead(ByteToMessageDecoder.java:296)
	at io.netty.channel.AbstractChannelHandlerContext.invokeChannelRead(AbstractChannelHandlerContext.java:444)
	at io.netty.channel.AbstractChannelHandlerContext.invokeChannelRead(AbstractChannelHandlerContext.java:420)
	at io.netty.channel.AbstractChannelHandlerContext.fireChannelRead(AbstractChannelHandlerContext.java:412)
	at io.netty.channel.DefaultChannelPipeline$HeadContext.channelRead(DefaultChannelPipeline.java:1357)
	at io.netty.channel.AbstractChannelHandlerContext.invokeChannelRead(AbstractChannelHandlerContext.java:440)
	at io.netty.channel.AbstractChannelHandlerContext.invokeChannelRead(AbstractChannelHandlerContext.java:420)
	at io.netty.channel.DefaultChannelPipeline.fireChannelRead(DefaultChannelPipeline.java:868)
	at io.netty.channel.nio.AbstractNioByteChannel$NioByteUnsafe.read(AbstractNioByteChannel.java:171)
	at io.netty.channel.nio.NioEventLoop.processSelectedKey(NioEventLoop.java:796)
	at io.netty.channel.nio.NioEventLoop.processSelectedKeysOptimized(NioEventLoop.java:732)
	at io.netty.channel.nio.NioEventLoop.processSelectedKeys(NioEventLoop.java:658)
	at io.netty.channel.nio.NioEventLoop.run(NioEventLoop.java:562)
	at io.netty.util.concurrent.SingleThreadEventExecutor$4.run(SingleThreadEventExecutor.java:998)
	at io.netty.util.internal.ThreadExecutorMap$2.run(ThreadExecutorMap.java:74)
	at java.base/java.lang.Thread.run(Thread.java:1583)
Caused by: javax.net.ssl.SSLHandshakeException: (certificate_unknown) PKIX path validation failed: java.security.cert.CertPathValidatorException: validity check failed
	at java.base/sun.security.ssl.Alert.createSSLException(Alert.java:130)
	at java.base/sun.security.ssl.TransportContext.fatal(TransportContext.java:383)
	at java.base/sun.security.ssl.TransportContext.fatal(TransportContext.java:326)
	at java.base/sun.security.ssl.TransportContext.fatal(TransportContext.java:321)
	at java.base/sun.security.ssl.CertificateMessage$T13CertificateConsumer.checkClientCerts(CertificateMessage.java:1232)
	at java.base/sun.security.ssl.CertificateMessage$T13CertificateConsumer.onConsumeCertificate(CertificateMessage.java:1136)
	at java.base/sun.security.ssl.CertificateMessage$T13CertificateConsumer.consume(CertificateMessage.java:1113)
	at java.base/sun.security.ssl.SSLHandshake.consume(SSLHandshake.java:393)
	at java.base/sun.security.ssl.HandshakeContext.dispatch(HandshakeContext.java:477)
	at java.base/sun.security.ssl.SSLEngineImpl$DelegatedTask$DelegatedAction.run(SSLEngineImpl.java:1274)
	at java.base/sun.security.ssl.SSLEngineImpl$DelegatedTask$DelegatedAction.run(SSLEngineImpl.java:1261)
	at java.base/java.security.AccessController.doPrivileged(AccessController.java:714)
	at java.base/sun.security.ssl.SSLEngineImpl$DelegatedTask.run(SSLEngineImpl.java:1206)
	at io.netty.handler.ssl.SslHandler.runDelegatedTasks(SslHandler.java:1695)
	at io.netty.handler.ssl.SslHandler.unwrap(SslHandler.java:1541)
	at io.netty.handler.ssl.SslHandler.decodeJdkCompatible(SslHandler.java:1377)
	at io.netty.handler.ssl.SslHandler.decode(SslHandler.java:1428)
	at io.netty.handler.codec.ByteToMessageDecoder.decodeRemovalReentryProtection(ByteToMessageDecoder.java:545)
	at io.netty.handler.codec.ByteToMessageDecoder.callDecode(ByteToMessageDecoder.java:484)
	... 16 more
Caused by: sun.security.validator.ValidatorException: PKIX path validation failed: java.security.cert.CertPathValidatorException: validity check failed
	at java.base/sun.security.validator.PKIXValidator.doValidate(PKIXValidator.java:318)
	at java.base/sun.security.validator.PKIXValidator.engineValidate(PKIXValidator.java:267)
	at java.base/sun.security.validator.Validator.validate(Validator.java:256)
	at java.base/sun.security.ssl.X509TrustManagerImpl.checkTrusted(X509TrustManagerImpl.java:284)
	at java.base/sun.security.ssl.X509TrustManagerImpl.checkClientTrusted(X509TrustManagerImpl.java:138)
	at io.netty.handler.ssl.EnhancingX509ExtendedTrustManager.checkClientTrusted(EnhancingX509ExtendedTrustManager.java:77)
	at java.base/sun.security.ssl.CertificateMessage$T13CertificateConsumer.checkClientCerts(CertificateMessage.java:1210)
	... 30 more
Caused by: java.security.cert.CertPathValidatorException: validity check failed
	at java.base/sun.security.provider.certpath.PKIXMasterCertPathValidator.validate(PKIXMasterCertPathValidator.java:135)
	at java.base/sun.security.provider.certpath.PKIXCertPathValidator.validate(PKIXCertPathValidator.java:224)
	at java.base/sun.security.provider.certpath.PKIXCertPathValidator.validate(PKIXCertPathValidator.java:144)
	at java.base/sun.security.provider.certpath.PKIXCertPathValidator.engineValidate(PKIXCertPathValidator.java:83)
	at java.base/java.security.cert.CertPathValidator.validate(CertPathValidator.java:309)
	at java.base/sun.security.validator.PKIXValidator.doValidate(PKIXValidator.java:313)
	... 36 more
Caused by: java.security.cert.CertificateExpiredException: NotAfter: Tue Jan 02 01:00:00 CET 2024
	at java.base/sun.security.x509.CertificateValidity.valid(CertificateValidity.java:182)
	at java.base/sun.security.x509.X509CertImpl.checkValidity(X509CertImpl.java:534)
	at java.base/sun.security.provider.certpath.BasicChecker.verifyValidity(BasicChecker.java:190)
	at java.base/sun.security.provider.certpath.BasicChecker.check(BasicChecker.java:144)
	at java.base/sun.security.provider.certpath.PKIXMasterCertPathValidator.validate(PKIXMasterCertPathValidator.java:125)
	... 41 more
[2026-08-08T16:31:51,673][INFO ][org.logstash.beats.BeatsHandler][beats-tls][cea61c76cb89e8de1c33fda45ab2b43ef03d0a587a2da8dd49b947033416f5e3] [local: 192.168.1.56:5044, remote: 192.168.1.55:53586] Handling exception: io.netty.handler.codec.DecoderException: javax.net.ssl.SSLHandshakeException: (certificate_unknown) PKIX path validation failed: java.security.cert.CertPathValidatorException: validity check failed (caused by: java.security.cert.CertificateExpiredException: NotAfter: Tue Jan 02 01:00:00 CET 2024)
[2026-08-08T16:31:51,674][WARN ][io.netty.channel.DefaultChannelPipeline][beats-tls][cea61c76cb89e8de1c33fda45ab2b43ef03d0a587a2da8dd49b947033416f5e3] An exceptionCaught() event was fired, and it reached at the tail of the pipeline. It usually means the last handler in the pipeline did not handle the exception.
io.netty.handler.codec.DecoderException: javax.net.ssl.SSLHandshakeException: (certificate_unknown) PKIX path validation failed: java.security.cert.CertPathValidatorException: validity check failed
	at io.netty.handler.codec.ByteToMessageDecoder.callDecode(ByteToMessageDecoder.java:515)
	at io.netty.handler.codec.ByteToMessageDecoder.channelRead(ByteToMessageDecoder.java:296)
	at io.netty.channel.AbstractChannelHandlerContext.invokeChannelRead(AbstractChannelHandlerContext.java:444)
	at io.netty.channel.AbstractChannelHandlerContext.invokeChannelRead(AbstractChannelHandlerContext.java:420)
	at io.netty.channel.AbstractChannelHandlerContext.fireChannelRead(AbstractChannelHandlerContext.java:412)
	at io.netty.channel.DefaultChannelPipeline$HeadContext.channelRead(DefaultChannelPipeline.java:1357)
	at io.netty.channel.AbstractChannelHandlerContext.invokeChannelRead(AbstractChannelHandlerContext.java:440)
	at io.netty.channel.AbstractChannelHandlerContext.invokeChannelRead(AbstractChannelHandlerContext.java:420)
	at io.netty.channel.DefaultChannelPipeline.fireChannelRead(DefaultChannelPipeline.java:868)
	at io.netty.channel.nio.AbstractNioByteChannel$NioByteUnsafe.read(AbstractNioByteChannel.java:171)
	at io.netty.channel.nio.NioEventLoop.processSelectedKey(NioEventLoop.java:796)
	at io.netty.channel.nio.NioEventLoop.processSelectedKeysOptimized(NioEventLoop.java:732)
	at io.netty.channel.nio.NioEventLoop.processSelectedKeys(NioEventLoop.java:658)
	at io.netty.channel.nio.NioEventLoop.run(NioEventLoop.java:562)
	at io.netty.util.concurrent.SingleThreadEventExecutor$4.run(SingleThreadEventExecutor.java:998)
	at io.netty.util.internal.ThreadExecutorMap$2.run(ThreadExecutorMap.java:74)
	at java.base/java.lang.Thread.run(Thread.java:1583)
Caused by: javax.net.ssl.SSLHandshakeException: (certificate_unknown) PKIX path validation failed: java.security.cert.CertPathValidatorException: validity check failed
	at java.base/sun.security.ssl.Alert.createSSLException(Alert.java:130)
	at java.base/sun.security.ssl.TransportContext.fatal(TransportContext.java:383)
	at java.base/sun.security.ssl.TransportContext.fatal(TransportContext.java:326)
	at java.base/sun.security.ssl.TransportContext.fatal(TransportContext.java:321)
	at java.base/sun.security.ssl.CertificateMessage$T13CertificateConsumer.checkClientCerts(CertificateMessage.java:1232)
	at java.base/sun.security.ssl.CertificateMessage$T13CertificateConsumer.onConsumeCertificate(CertificateMessage.java:1136)
	at java.base/sun.security.ssl.CertificateMessage$T13CertificateConsumer.consume(CertificateMessage.java:1113)
	at java.base/sun.security.ssl.SSLHandshake.consume(SSLHandshake.java:393)
	at java.base/sun.security.ssl.HandshakeContext.dispatch(HandshakeContext.java:477)
	at java.base/sun.security.ssl.SSLEngineImpl$DelegatedTask$DelegatedAction.run(SSLEngineImpl.java:1274)
	at java.base/sun.security.ssl.SSLEngineImpl$DelegatedTask$DelegatedAction.run(SSLEngineImpl.java:1261)
	at java.base/java.security.AccessController.doPrivileged(AccessController.java:714)
	at java.base/sun.security.ssl.SSLEngineImpl$DelegatedTask.run(SSLEngineImpl.java:1206)
	at io.netty.handler.ssl.SslHandler.runDelegatedTasks(SslHandler.java:1695)
	at io.netty.handler.ssl.SslHandler.unwrap(SslHandler.java:1541)
	at io.netty.handler.ssl.SslHandler.decodeJdkCompatible(SslHandler.java:1377)
	at io.netty.handler.ssl.SslHandler.decode(SslHandler.java:1428)
	at io.netty.handler.codec.ByteToMessageDecoder.decodeRemovalReentryProtection(ByteToMessageDecoder.java:545)
	at io.netty.handler.codec.ByteToMessageDecoder.callDecode(ByteToMessageDecoder.java:484)
	... 16 more
Caused by: sun.security.validator.ValidatorException: PKIX path validation failed: java.security.cert.CertPathValidatorException: validity check failed
	at java.base/sun.security.validator.PKIXValidator.doValidate(PKIXValidator.java:318)
	at java.base/sun.security.validator.PKIXValidator.engineValidate(PKIXValidator.java:267)
	at java.base/sun.security.validator.Validator.validate(Validator.java:256)
	at java.base/sun.security.ssl.X509TrustManagerImpl.checkTrusted(X509TrustManagerImpl.java:284)
	at java.base/sun.security.ssl.X509TrustManagerImpl.checkClientTrusted(X509TrustManagerImpl.java:138)
	at io.netty.handler.ssl.EnhancingX509ExtendedTrustManager.checkClientTrusted(EnhancingX509ExtendedTrustManager.java:77)
	at java.base/sun.security.ssl.CertificateMessage$T13CertificateConsumer.checkClientCerts(CertificateMessage.java:1210)
	... 30 more
Caused by: java.security.cert.CertPathValidatorException: validity check failed
	at java.base/sun.security.provider.certpath.PKIXMasterCertPathValidator.validate(PKIXMasterCertPathValidator.java:135)
	at java.base/sun.security.provider.certpath.PKIXCertPathValidator.validate(PKIXCertPathValidator.java:224)
	at java.base/sun.security.provider.certpath.PKIXCertPathValidator.validate(PKIXCertPathValidator.java:144)
	at java.base/sun.security.provider.certpath.PKIXCertPathValidator.engineValidate(PKIXCertPathValidator.java:83)
	at java.base/java.security.cert.CertPathValidator.validate(CertPathValidator.java:309)
	at java.base/sun.security.validator.PKIXValidator.doValidate(PKIXValidator.java:313)
	... 36 more
Caused by: java.security.cert.CertificateExpiredException: NotAfter: Tue Jan 02 01:00:00 CET 2024
	at java.base/sun.security.x509.CertificateValidity.valid(CertificateValidity.java:182)
	at java.base/sun.security.x509.X509CertImpl.checkValidity(X509CertImpl.java:534)
	at java.base/sun.security.provider.certpath.BasicChecker.verifyValidity(BasicChecker.java:190)
	at java.base/sun.security.provider.certpath.BasicChecker.check(BasicChecker.java:144)
	at java.base/sun.security.provider.certpath.PKIXMasterCertPathValidator.validate(PKIXMasterCertPathValidator.java:125)
	... 41 more
[2026-08-08T16:31:53,414][INFO ][org.logstash.beats.BeatsHandler][beats-tls][cea61c76cb89e8de1c33fda45ab2b43ef03d0a587a2da8dd49b947033416f5e3] [local: 192.168.1.56:5044, remote: 192.168.1.55:53596] Handling exception: io.netty.handler.codec.DecoderException: javax.net.ssl.SSLHandshakeException: (certificate_unknown) PKIX path validation failed: java.security.cert.CertPathValidatorException: validity check failed (caused by: java.security.cert.CertificateExpiredException: NotAfter: Tue Jan 02 01:00:00 CET 2024)
[2026-08-08T16:31:53,416][WARN ][io.netty.channel.DefaultChannelPipeline][beats-tls][cea61c76cb89e8de1c33fda45ab2b43ef03d0a587a2da8dd49b947033416f5e3] An exceptionCaught() event was fired, and it reached at the tail of the pipeline. It usually means the last handler in the pipeline did not handle the exception.
io.netty.handler.codec.DecoderException: javax.net.ssl.SSLHandshakeException: (certificate_unknown) PKIX path validation failed: java.security.cert.CertPathValidatorException: validity check failed
	at io.netty.handler.codec.ByteToMessageDecoder.callDecode(ByteToMessageDecoder.java:515)
	at io.netty.handler.codec.ByteToMessageDecoder.channelRead(ByteToMessageDecoder.java:296)
	at io.netty.channel.AbstractChannelHandlerContext.invokeChannelRead(AbstractChannelHandlerContext.java:444)
	at io.netty.channel.AbstractChannelHandlerContext.invokeChannelRead(AbstractChannelHandlerContext.java:420)
	at io.netty.channel.AbstractChannelHandlerContext.fireChannelRead(AbstractChannelHandlerContext.java:412)
	at io.netty.channel.DefaultChannelPipeline$HeadContext.channelRead(DefaultChannelPipeline.java:1357)
	at io.netty.channel.AbstractChannelHandlerContext.invokeChannelRead(AbstractChannelHandlerContext.java:440)
	at io.netty.channel.AbstractChannelHandlerContext.invokeChannelRead(AbstractChannelHandlerContext.java:420)
	at io.netty.channel.DefaultChannelPipeline.fireChannelRead(DefaultChannelPipeline.java:868)
	at io.netty.channel.nio.AbstractNioByteChannel$NioByteUnsafe.read(AbstractNioByteChannel.java:171)
	at io.netty.channel.nio.NioEventLoop.processSelectedKey(NioEventLoop.java:796)
	at io.netty.channel.nio.NioEventLoop.processSelectedKeysOptimized(NioEventLoop.java:732)
	at io.netty.channel.nio.NioEventLoop.processSelectedKeys(NioEventLoop.java:658)
	at io.netty.channel.nio.NioEventLoop.run(NioEventLoop.java:562)
	at io.netty.util.concurrent.SingleThreadEventExecutor$4.run(SingleThreadEventExecutor.java:998)
	at io.netty.util.internal.ThreadExecutorMap$2.run(ThreadExecutorMap.java:74)
	at java.base/java.lang.Thread.run(Thread.java:1583)
Caused by: javax.net.ssl.SSLHandshakeException: (certificate_unknown) PKIX path validation failed: java.security.cert.CertPathValidatorException: validity check failed
	at java.base/sun.security.ssl.Alert.createSSLException(Alert.java:130)
	at java.base/sun.security.ssl.TransportContext.fatal(TransportContext.java:383)
	at java.base/sun.security.ssl.TransportContext.fatal(TransportContext.java:326)
	at java.base/sun.security.ssl.TransportContext.fatal(TransportContext.java:321)
	at java.base/sun.security.ssl.CertificateMessage$T13CertificateConsumer.checkClientCerts(CertificateMessage.java:1232)
	at java.base/sun.security.ssl.CertificateMessage$T13CertificateConsumer.onConsumeCertificate(CertificateMessage.java:1136)
	at java.base/sun.security.ssl.CertificateMessage$T13CertificateConsumer.consume(CertificateMessage.java:1113)
	at java.base/sun.security.ssl.SSLHandshake.consume(SSLHandshake.java:393)
	at java.base/sun.security.ssl.HandshakeContext.dispatch(HandshakeContext.java:477)
	at java.base/sun.security.ssl.SSLEngineImpl$DelegatedTask$DelegatedAction.run(SSLEngineImpl.java:1274)
	at java.base/sun.security.ssl.SSLEngineImpl$DelegatedTask$DelegatedAction.run(SSLEngineImpl.java:1261)
	at java.base/java.security.AccessController.doPrivileged(AccessController.java:714)
	at java.base/sun.security.ssl.SSLEngineImpl$DelegatedTask.run(SSLEngineImpl.java:1206)
	at io.netty.handler.ssl.SslHandler.runDelegatedTasks(SslHandler.java:1695)
	at io.netty.handler.ssl.SslHandler.unwrap(SslHandler.java:1541)
	at io.netty.handler.ssl.SslHandler.decodeJdkCompatible(SslHandler.java:1377)
	at io.netty.handler.ssl.SslHandler.decode(SslHandler.java:1428)
	at io.netty.handler.codec.ByteToMessageDecoder.decodeRemovalReentryProtection(ByteToMessageDecoder.java:545)
	at io.netty.handler.codec.ByteToMessageDecoder.callDecode(ByteToMessageDecoder.java:484)
	... 16 more
Caused by: sun.security.validator.ValidatorException: PKIX path validation failed: java.security.cert.CertPathValidatorException: validity check failed
	at java.base/sun.security.validator.PKIXValidator.doValidate(PKIXValidator.java:318)
	at java.base/sun.security.validator.PKIXValidator.engineValidate(PKIXValidator.java:267)
	at java.base/sun.security.validator.Validator.validate(Validator.java:256)
	at java.base/sun.security.ssl.X509TrustManagerImpl.checkTrusted(X509TrustManagerImpl.java:284)
	at java.base/sun.security.ssl.X509TrustManagerImpl.checkClientTrusted(X509TrustManagerImpl.java:138)
	at io.netty.handler.ssl.EnhancingX509ExtendedTrustManager.checkClientTrusted(EnhancingX509ExtendedTrustManager.java:77)
	at java.base/sun.security.ssl.CertificateMessage$T13CertificateConsumer.checkClientCerts(CertificateMessage.java:1210)
	... 30 more
Caused by: java.security.cert.CertPathValidatorException: validity check failed
	at java.base/sun.security.provider.certpath.PKIXMasterCertPathValidator.validate(PKIXMasterCertPathValidator.java:135)
	at java.base/sun.security.provider.certpath.PKIXCertPathValidator.validate(PKIXCertPathValidator.java:224)
	at java.base/sun.security.provider.certpath.PKIXCertPathValidator.validate(PKIXCertPathValidator.java:144)
	at java.base/sun.security.provider.certpath.PKIXCertPathValidator.engineValidate(PKIXCertPathValidator.java:83)
	at java.base/java.security.cert.CertPathValidator.validate(CertPathValidator.java:309)
	at java.base/sun.security.validator.PKIXValidator.doValidate(PKIXValidator.java:313)
	... 36 more
Caused by: java.security.cert.CertificateExpiredException: NotAfter: Tue Jan 02 01:00:00 CET 2024
	at java.base/sun.security.x509.CertificateValidity.valid(CertificateValidity.java:182)
	at java.base/sun.security.x509.X509CertImpl.checkValidity(X509CertImpl.java:534)
	at java.base/sun.security.provider.certpath.BasicChecker.verifyValidity(BasicChecker.java:190)
	at java.base/sun.security.provider.certpath.BasicChecker.check(BasicChecker.java:144)
	at java.base/sun.security.provider.certpath.PKIXMasterCertPathValidator.validate(PKIXMasterCertPathValidator.java:125)
	... 41 more
[2026-08-08T16:31:55,122][INFO ][org.logstash.beats.BeatsHandler][beats-tls][cea61c76cb89e8de1c33fda45ab2b43ef03d0a587a2da8dd49b947033416f5e3] [local: 192.168.1.56:5044, remote: 192.168.1.55:53600] Handling exception: io.netty.handler.codec.DecoderException: javax.net.ssl.SSLHandshakeException: (certificate_unknown) PKIX path validation failed: java.security.cert.CertPathValidatorException: validity check failed (caused by: java.security.cert.CertificateExpiredException: NotAfter: Tue Jan 02 01:00:00 CET 2024)
[2026-08-08T16:31:55,125][WARN ][io.netty.channel.DefaultChannelPipeline][beats-tls][cea61c76cb89e8de1c33fda45ab2b43ef03d0a587a2da8dd49b947033416f5e3] An exceptionCaught() event was fired, and it reached at the tail of the pipeline. It usually means the last handler in the pipeline did not handle the exception.
io.netty.handler.codec.DecoderException: javax.net.ssl.SSLHandshakeException: (certificate_unknown) PKIX path validation failed: java.security.cert.CertPathValidatorException: validity check failed
	at io.netty.handler.codec.ByteToMessageDecoder.callDecode(ByteToMessageDecoder.java:515)
	at io.netty.handler.codec.ByteToMessageDecoder.channelRead(ByteToMessageDecoder.java:296)
	at io.netty.channel.AbstractChannelHandlerContext.invokeChannelRead(AbstractChannelHandlerContext.java:444)
	at io.netty.channel.AbstractChannelHandlerContext.invokeChannelRead(AbstractChannelHandlerContext.java:420)
	at io.netty.channel.AbstractChannelHandlerContext.fireChannelRead(AbstractChannelHandlerContext.java:412)
	at io.netty.channel.DefaultChannelPipeline$HeadContext.channelRead(DefaultChannelPipeline.java:1357)
	at io.netty.channel.AbstractChannelHandlerContext.invokeChannelRead(AbstractChannelHandlerContext.java:440)
	at io.netty.channel.AbstractChannelHandlerContext.invokeChannelRead(AbstractChannelHandlerContext.java:420)
	at io.netty.channel.DefaultChannelPipeline.fireChannelRead(DefaultChannelPipeline.java:868)
	at io.netty.channel.nio.AbstractNioByteChannel$NioByteUnsafe.read(AbstractNioByteChannel.java:171)
	at io.netty.channel.nio.NioEventLoop.processSelectedKey(NioEventLoop.java:796)
	at io.netty.channel.nio.NioEventLoop.processSelectedKeysOptimized(NioEventLoop.java:732)
	at io.netty.channel.nio.NioEventLoop.processSelectedKeys(NioEventLoop.java:658)
	at io.netty.channel.nio.NioEventLoop.run(NioEventLoop.java:562)
	at io.netty.util.concurrent.SingleThreadEventExecutor$4.run(SingleThreadEventExecutor.java:998)
	at io.netty.util.internal.ThreadExecutorMap$2.run(ThreadExecutorMap.java:74)
	at java.base/java.lang.Thread.run(Thread.java:1583)
Caused by: javax.net.ssl.SSLHandshakeException: (certificate_unknown) PKIX path validation failed: java.security.cert.CertPathValidatorException: validity check failed
	at java.base/sun.security.ssl.Alert.createSSLException(Alert.java:130)
	at java.base/sun.security.ssl.TransportContext.fatal(TransportContext.java:383)
	at java.base/sun.security.ssl.TransportContext.fatal(TransportContext.java:326)
	at java.base/sun.security.ssl.TransportContext.fatal(TransportContext.java:321)
	at java.base/sun.security.ssl.CertificateMessage$T13CertificateConsumer.checkClientCerts(CertificateMessage.java:1232)
	at java.base/sun.security.ssl.CertificateMessage$T13CertificateConsumer.onConsumeCertificate(CertificateMessage.java:1136)
	at java.base/sun.security.ssl.CertificateMessage$T13CertificateConsumer.consume(CertificateMessage.java:1113)
	at java.base/sun.security.ssl.SSLHandshake.consume(SSLHandshake.java:393)
	at java.base/sun.security.ssl.HandshakeContext.dispatch(HandshakeContext.java:477)
	at java.base/sun.security.ssl.SSLEngineImpl$DelegatedTask$DelegatedAction.run(SSLEngineImpl.java:1274)
	at java.base/sun.security.ssl.SSLEngineImpl$DelegatedTask$DelegatedAction.run(SSLEngineImpl.java:1261)
	at java.base/java.security.AccessController.doPrivileged(AccessController.java:714)
	at java.base/sun.security.ssl.SSLEngineImpl$DelegatedTask.run(SSLEngineImpl.java:1206)
	at io.netty.handler.ssl.SslHandler.runDelegatedTasks(SslHandler.java:1695)
	at io.netty.handler.ssl.SslHandler.unwrap(SslHandler.java:1541)
	at io.netty.handler.ssl.SslHandler.decodeJdkCompatible(SslHandler.java:1377)
	at io.netty.handler.ssl.SslHandler.decode(SslHandler.java:1428)
	at io.netty.handler.codec.ByteToMessageDecoder.decodeRemovalReentryProtection(ByteToMessageDecoder.java:545)
	at io.netty.handler.codec.ByteToMessageDecoder.callDecode(ByteToMessageDecoder.java:484)
	... 16 more
Caused by: sun.security.validator.ValidatorException: PKIX path validation failed: java.security.cert.CertPathValidatorException: validity check failed
	at java.base/sun.security.validator.PKIXValidator.doValidate(PKIXValidator.java:318)
	at java.base/sun.security.validator.PKIXValidator.engineValidate(PKIXValidator.java:267)
	at java.base/sun.security.validator.Validator.validate(Validator.java:256)
	at java.base/sun.security.ssl.X509TrustManagerImpl.checkTrusted(X509TrustManagerImpl.java:284)
	at java.base/sun.security.ssl.X509TrustManagerImpl.checkClientTrusted(X509TrustManagerImpl.java:138)
	at io.netty.handler.ssl.EnhancingX509ExtendedTrustManager.checkClientTrusted(EnhancingX509ExtendedTrustManager.java:77)
	at java.base/sun.security.ssl.CertificateMessage$T13CertificateConsumer.checkClientCerts(CertificateMessage.java:1210)
	... 30 more
Caused by: java.security.cert.CertPathValidatorException: validity check failed
	at java.base/sun.security.provider.certpath.PKIXMasterCertPathValidator.validate(PKIXMasterCertPathValidator.java:135)
	at java.base/sun.security.provider.certpath.PKIXCertPathValidator.validate(PKIXCertPathValidator.java:224)
	at java.base/sun.security.provider.certpath.PKIXCertPathValidator.validate(PKIXCertPathValidator.java:144)
	at java.base/sun.security.provider.certpath.PKIXCertPathValidator.engineValidate(PKIXCertPathValidator.java:83)
	at java.base/java.security.cert.CertPathValidator.validate(CertPathValidator.java:309)
	at java.base/sun.security.validator.PKIXValidator.doValidate(PKIXValidator.java:313)
	... 36 more
Caused by: java.security.cert.CertificateExpiredException: NotAfter: Tue Jan 02 01:00:00 CET 2024
	at java.base/sun.security.x509.CertificateValidity.valid(CertificateValidity.java:182)
	at java.base/sun.security.x509.X509CertImpl.checkValidity(X509CertImpl.java:534)
	at java.base/sun.security.provider.certpath.BasicChecker.verifyValidity(BasicChecker.java:190)
	at java.base/sun.security.provider.certpath.BasicChecker.check(BasicChecker.java:144)
	at java.base/sun.security.provider.certpath.PKIXMasterCertPathValidator.validate(PKIXMasterCertPathValidator.java:125)
	... 41 more
[2026-08-08T16:31:56,446][INFO ][org.logstash.beats.BeatsHandler][beats-tls][cea61c76cb89e8de1c33fda45ab2b43ef03d0a587a2da8dd49b947033416f5e3] [local: 192.168.1.56:5044, remote: 192.168.1.55:53614] Handling exception: io.netty.handler.codec.DecoderException: javax.net.ssl.SSLHandshakeException: (certificate_unknown) PKIX path validation failed: java.security.cert.CertPathValidatorException: validity check failed (caused by: java.security.cert.CertificateExpiredException: NotAfter: Tue Jan 02 01:00:00 CET 2024)
[2026-08-08T16:31:56,448][WARN ][io.netty.channel.DefaultChannelPipeline][beats-tls][cea61c76cb89e8de1c33fda45ab2b43ef03d0a587a2da8dd49b947033416f5e3] An exceptionCaught() event was fired, and it reached at the tail of the pipeline. It usually means the last handler in the pipeline did not handle the exception.
io.netty.handler.codec.DecoderException: javax.net.ssl.SSLHandshakeException: (certificate_unknown) PKIX path validation failed: java.security.cert.CertPathValidatorException: validity check failed
	at io.netty.handler.codec.ByteToMessageDecoder.callDecode(ByteToMessageDecoder.java:515)
	at io.netty.handler.codec.ByteToMessageDecoder.channelRead(ByteToMessageDecoder.java:296)
	at io.netty.channel.AbstractChannelHandlerContext.invokeChannelRead(AbstractChannelHandlerContext.java:444)
	at io.netty.channel.AbstractChannelHandlerContext.invokeChannelRead(AbstractChannelHandlerContext.java:420)
	at io.netty.channel.AbstractChannelHandlerContext.fireChannelRead(AbstractChannelHandlerContext.java:412)
	at io.netty.channel.DefaultChannelPipeline$HeadContext.channelRead(DefaultChannelPipeline.java:1357)
	at io.netty.channel.AbstractChannelHandlerContext.invokeChannelRead(AbstractChannelHandlerContext.java:440)
	at io.netty.channel.AbstractChannelHandlerContext.invokeChannelRead(AbstractChannelHandlerContext.java:420)
	at io.netty.channel.DefaultChannelPipeline.fireChannelRead(DefaultChannelPipeline.java:868)
	at io.netty.channel.nio.AbstractNioByteChannel$NioByteUnsafe.read(AbstractNioByteChannel.java:171)
	at io.netty.channel.nio.NioEventLoop.processSelectedKey(NioEventLoop.java:796)
	at io.netty.channel.nio.NioEventLoop.processSelectedKeysOptimized(NioEventLoop.java:732)
	at io.netty.channel.nio.NioEventLoop.processSelectedKeys(NioEventLoop.java:658)
	at io.netty.channel.nio.NioEventLoop.run(NioEventLoop.java:562)
	at io.netty.util.concurrent.SingleThreadEventExecutor$4.run(SingleThreadEventExecutor.java:998)
	at io.netty.util.internal.ThreadExecutorMap$2.run(ThreadExecutorMap.java:74)
	at java.base/java.lang.Thread.run(Thread.java:1583)
Caused by: javax.net.ssl.SSLHandshakeException: (certificate_unknown) PKIX path validation failed: java.security.cert.CertPathValidatorException: validity check failed
	at java.base/sun.security.ssl.Alert.createSSLException(Alert.java:130)
	at java.base/sun.security.ssl.TransportContext.fatal(TransportContext.java:383)
	at java.base/sun.security.ssl.TransportContext.fatal(TransportContext.java:326)
	at java.base/sun.security.ssl.TransportContext.fatal(TransportContext.java:321)
	at java.base/sun.security.ssl.CertificateMessage$T13CertificateConsumer.checkClientCerts(CertificateMessage.java:1232)
	at java.base/sun.security.ssl.CertificateMessage$T13CertificateConsumer.onConsumeCertificate(CertificateMessage.java:1136)
	at java.base/sun.security.ssl.CertificateMessage$T13CertificateConsumer.consume(CertificateMessage.java:1113)
	at java.base/sun.security.ssl.SSLHandshake.consume(SSLHandshake.java:393)
	at java.base/sun.security.ssl.HandshakeContext.dispatch(HandshakeContext.java:477)
	at java.base/sun.security.ssl.SSLEngineImpl$DelegatedTask$DelegatedAction.run(SSLEngineImpl.java:1274)
	at java.base/sun.security.ssl.SSLEngineImpl$DelegatedTask$DelegatedAction.run(SSLEngineImpl.java:1261)
	at java.base/java.security.AccessController.doPrivileged(AccessController.java:714)
	at java.base/sun.security.ssl.SSLEngineImpl$DelegatedTask.run(SSLEngineImpl.java:1206)
	at io.netty.handler.ssl.SslHandler.runDelegatedTasks(SslHandler.java:1695)
	at io.netty.handler.ssl.SslHandler.unwrap(SslHandler.java:1541)
	at io.netty.handler.ssl.SslHandler.decodeJdkCompatible(SslHandler.java:1377)
	at io.netty.handler.ssl.SslHandler.decode(SslHandler.java:1428)
	at io.netty.handler.codec.ByteToMessageDecoder.decodeRemovalReentryProtection(ByteToMessageDecoder.java:545)
	at io.netty.handler.codec.ByteToMessageDecoder.callDecode(ByteToMessageDecoder.java:484)
	... 16 more
Caused by: sun.security.validator.ValidatorException: PKIX path validation failed: java.security.cert.CertPathValidatorException: validity check failed
	at java.base/sun.security.validator.PKIXValidator.doValidate(PKIXValidator.java:318)
	at java.base/sun.security.validator.PKIXValidator.engineValidate(PKIXValidator.java:267)
	at java.base/sun.security.validator.Validator.validate(Validator.java:256)
	at java.base/sun.security.ssl.X509TrustManagerImpl.checkTrusted(X509TrustManagerImpl.java:284)
	at java.base/sun.security.ssl.X509TrustManagerImpl.checkClientTrusted(X509TrustManagerImpl.java:138)
	at io.netty.handler.ssl.EnhancingX509ExtendedTrustManager.checkClientTrusted(EnhancingX509ExtendedTrustManager.java:77)
	at java.base/sun.security.ssl.CertificateMessage$T13CertificateConsumer.checkClientCerts(CertificateMessage.java:1210)
	... 30 more
Caused by: java.security.cert.CertPathValidatorException: validity check failed
	at java.base/sun.security.provider.certpath.PKIXMasterCertPathValidator.validate(PKIXMasterCertPathValidator.java:135)
	at java.base/sun.security.provider.certpath.PKIXCertPathValidator.validate(PKIXCertPathValidator.java:224)
	at java.base/sun.security.provider.certpath.PKIXCertPathValidator.validate(PKIXCertPathValidator.java:144)
	at java.base/sun.security.provider.certpath.PKIXCertPathValidator.engineValidate(PKIXCertPathValidator.java:83)
	at java.base/java.security.cert.CertPathValidator.validate(CertPathValidator.java:309)
	at java.base/sun.security.validator.PKIXValidator.doValidate(PKIXValidator.java:313)
	... 36 more
Caused by: java.security.cert.CertificateExpiredException: NotAfter: Tue Jan 02 01:00:00 CET 2024
	at java.base/sun.security.x509.CertificateValidity.valid(CertificateValidity.java:182)
	at java.base/sun.security.x509.X509CertImpl.checkValidity(X509CertImpl.java:534)
	at java.base/sun.security.provider.certpath.BasicChecker.verifyValidity(BasicChecker.java:190)
	at java.base/sun.security.provider.certpath.BasicChecker.check(BasicChecker.java:144)
	at java.base/sun.security.provider.certpath.PKIXMasterCertPathValidator.validate(PKIXMasterCertPathValidator.java:125)
	... 41 more
[2026-08-08T16:31:57,536][INFO ][org.logstash.beats.BeatsHandler][beats-tls][cea61c76cb89e8de1c33fda45ab2b43ef03d0a587a2da8dd49b947033416f5e3] [local: 192.168.1.56:5044, remote: 192.168.1.55:53630] Handling exception: io.netty.handler.codec.DecoderException: javax.net.ssl.SSLHandshakeException: (certificate_unknown) PKIX path validation failed: java.security.cert.CertPathValidatorException: validity check failed (caused by: java.security.cert.CertificateExpiredException: NotAfter: Tue Jan 02 01:00:00 CET 2024)
[2026-08-08T16:31:57,537][WARN ][io.netty.channel.DefaultChannelPipeline][beats-tls][cea61c76cb89e8de1c33fda45ab2b43ef03d0a587a2da8dd49b947033416f5e3] An exceptionCaught() event was fired, and it reached at the tail of the pipeline. It usually means the last handler in the pipeline did not handle the exception.
io.netty.handler.codec.DecoderException: javax.net.ssl.SSLHandshakeException: (certificate_unknown) PKIX path validation failed: java.security.cert.CertPathValidatorException: validity check failed
	at io.netty.handler.codec.ByteToMessageDecoder.callDecode(ByteToMessageDecoder.java:515)
	at io.netty.handler.codec.ByteToMessageDecoder.channelRead(ByteToMessageDecoder.java:296)
	at io.netty.channel.AbstractChannelHandlerContext.invokeChannelRead(AbstractChannelHandlerContext.java:444)
	at io.netty.channel.AbstractChannelHandlerContext.invokeChannelRead(AbstractChannelHandlerContext.java:420)
	at io.netty.channel.AbstractChannelHandlerContext.fireChannelRead(AbstractChannelHandlerContext.java:412)
	at io.netty.channel.DefaultChannelPipeline$HeadContext.channelRead(DefaultChannelPipeline.java:1357)
	at io.netty.channel.AbstractChannelHandlerContext.invokeChannelRead(AbstractChannelHandlerContext.java:440)
	at io.netty.channel.AbstractChannelHandlerContext.invokeChannelRead(AbstractChannelHandlerContext.java:420)
	at io.netty.channel.DefaultChannelPipeline.fireChannelRead(DefaultChannelPipeline.java:868)
	at io.netty.channel.nio.AbstractNioByteChannel$NioByteUnsafe.read(AbstractNioByteChannel.java:171)
	at io.netty.channel.nio.NioEventLoop.processSelectedKey(NioEventLoop.java:796)
	at io.netty.channel.nio.NioEventLoop.processSelectedKeysOptimized(NioEventLoop.java:732)
	at io.netty.channel.nio.NioEventLoop.processSelectedKeys(NioEventLoop.java:658)
	at io.netty.channel.nio.NioEventLoop.run(NioEventLoop.java:562)
	at io.netty.util.concurrent.SingleThreadEventExecutor$4.run(SingleThreadEventExecutor.java:998)
	at io.netty.util.internal.ThreadExecutorMap$2.run(ThreadExecutorMap.java:74)
	at java.base/java.lang.Thread.run(Thread.java:1583)
Caused by: javax.net.ssl.SSLHandshakeException: (certificate_unknown) PKIX path validation failed: java.security.cert.CertPathValidatorException: validity check failed
	at java.base/sun.security.ssl.Alert.createSSLException(Alert.java:130)
	at java.base/sun.security.ssl.TransportContext.fatal(TransportContext.java:383)
	at java.base/sun.security.ssl.TransportContext.fatal(TransportContext.java:326)
	at java.base/sun.security.ssl.TransportContext.fatal(TransportContext.java:321)
	at java.base/sun.security.ssl.CertificateMessage$T13CertificateConsumer.checkClientCerts(CertificateMessage.java:1232)
	at java.base/sun.security.ssl.CertificateMessage$T13CertificateConsumer.onConsumeCertificate(CertificateMessage.java:1136)
	at java.base/sun.security.ssl.CertificateMessage$T13CertificateConsumer.consume(CertificateMessage.java:1113)
	at java.base/sun.security.ssl.SSLHandshake.consume(SSLHandshake.java:393)
	at java.base/sun.security.ssl.HandshakeContext.dispatch(HandshakeContext.java:477)
	at java.base/sun.security.ssl.SSLEngineImpl$DelegatedTask$DelegatedAction.run(SSLEngineImpl.java:1274)
	at java.base/sun.security.ssl.SSLEngineImpl$DelegatedTask$DelegatedAction.run(SSLEngineImpl.java:1261)
	at java.base/java.security.AccessController.doPrivileged(AccessController.java:714)
	at java.base/sun.security.ssl.SSLEngineImpl$DelegatedTask.run(SSLEngineImpl.java:1206)
	at io.netty.handler.ssl.SslHandler.runDelegatedTasks(SslHandler.java:1695)
	at io.netty.handler.ssl.SslHandler.unwrap(SslHandler.java:1541)
	at io.netty.handler.ssl.SslHandler.decodeJdkCompatible(SslHandler.java:1377)
	at io.netty.handler.ssl.SslHandler.decode(SslHandler.java:1428)
	at io.netty.handler.codec.ByteToMessageDecoder.decodeRemovalReentryProtection(ByteToMessageDecoder.java:545)
	at io.netty.handler.codec.ByteToMessageDecoder.callDecode(ByteToMessageDecoder.java:484)
	... 16 more
Caused by: sun.security.validator.ValidatorException: PKIX path validation failed: java.security.cert.CertPathValidatorException: validity check failed
	at java.base/sun.security.validator.PKIXValidator.doValidate(PKIXValidator.java:318)
	at java.base/sun.security.validator.PKIXValidator.engineValidate(PKIXValidator.java:267)
	at java.base/sun.security.validator.Validator.validate(Validator.java:256)
	at java.base/sun.security.ssl.X509TrustManagerImpl.checkTrusted(X509TrustManagerImpl.java:284)
	at java.base/sun.security.ssl.X509TrustManagerImpl.checkClientTrusted(X509TrustManagerImpl.java:138)
	at io.netty.handler.ssl.EnhancingX509ExtendedTrustManager.checkClientTrusted(EnhancingX509ExtendedTrustManager.java:77)
	at java.base/sun.security.ssl.CertificateMessage$T13CertificateConsumer.checkClientCerts(CertificateMessage.java:1210)
	... 30 more
Caused by: java.security.cert.CertPathValidatorException: validity check failed
	at java.base/sun.security.provider.certpath.PKIXMasterCertPathValidator.validate(PKIXMasterCertPathValidator.java:135)
	at java.base/sun.security.provider.certpath.PKIXCertPathValidator.validate(PKIXCertPathValidator.java:224)
	at java.base/sun.security.provider.certpath.PKIXCertPathValidator.validate(PKIXCertPathValidator.java:144)
	at java.base/sun.security.provider.certpath.PKIXCertPathValidator.engineValidate(PKIXCertPathValidator.java:83)
	at java.base/java.security.cert.CertPathValidator.validate(CertPathValidator.java:309)
	at java.base/sun.security.validator.PKIXValidator.doValidate(PKIXValidator.java:313)
	... 36 more
Caused by: java.security.cert.CertificateExpiredException: NotAfter: Tue Jan 02 01:00:00 CET 2024
	at java.base/sun.security.x509.CertificateValidity.valid(CertificateValidity.java:182)
	at java.base/sun.security.x509.X509CertImpl.checkValidity(X509CertImpl.java:534)
	at java.base/sun.security.provider.certpath.BasicChecker.verifyValidity(BasicChecker.java:190)
	at java.base/sun.security.provider.certpath.BasicChecker.check(BasicChecker.java:144)
	at java.base/sun.security.provider.certpath.PKIXMasterCertPathValidator.validate(PKIXMasterCertPathValidator.java:125)
	... 41 more
[2026-08-08T16:31:59,227][INFO ][org.logstash.beats.BeatsHandler][beats-tls][cea61c76cb89e8de1c33fda45ab2b43ef03d0a587a2da8dd49b947033416f5e3] [local: 192.168.1.56:5044, remote: 192.168.1.55:60014] Handling exception: io.netty.handler.codec.DecoderException: javax.net.ssl.SSLHandshakeException: (certificate_unknown) PKIX path validation failed: java.security.cert.CertPathValidatorException: validity check failed (caused by: java.security.cert.CertificateExpiredException: NotAfter: Tue Jan 02 01:00:00 CET 2024)
[2026-08-08T16:31:59,228][WARN ][io.netty.channel.DefaultChannelPipeline][beats-tls][cea61c76cb89e8de1c33fda45ab2b43ef03d0a587a2da8dd49b947033416f5e3] An exceptionCaught() event was fired, and it reached at the tail of the pipeline. It usually means the last handler in the pipeline did not handle the exception.
io.netty.handler.codec.DecoderException: javax.net.ssl.SSLHandshakeException: (certificate_unknown) PKIX path validation failed: java.security.cert.CertPathValidatorException: validity check failed
	at io.netty.handler.codec.ByteToMessageDecoder.callDecode(ByteToMessageDecoder.java:515)
	at io.netty.handler.codec.ByteToMessageDecoder.channelRead(ByteToMessageDecoder.java:296)
	at io.netty.channel.AbstractChannelHandlerContext.invokeChannelRead(AbstractChannelHandlerContext.java:444)
	at io.netty.channel.AbstractChannelHandlerContext.invokeChannelRead(AbstractChannelHandlerContext.java:420)
	at io.netty.channel.AbstractChannelHandlerContext.fireChannelRead(AbstractChannelHandlerContext.java:412)
	at io.netty.channel.DefaultChannelPipeline$HeadContext.channelRead(DefaultChannelPipeline.java:1357)
	at io.netty.channel.AbstractChannelHandlerContext.invokeChannelRead(AbstractChannelHandlerContext.java:440)
	at io.netty.channel.AbstractChannelHandlerContext.invokeChannelRead(AbstractChannelHandlerContext.java:420)
	at io.netty.channel.DefaultChannelPipeline.fireChannelRead(DefaultChannelPipeline.java:868)
	at io.netty.channel.nio.AbstractNioByteChannel$NioByteUnsafe.read(AbstractNioByteChannel.java:171)
	at io.netty.channel.nio.NioEventLoop.processSelectedKey(NioEventLoop.java:796)
	at io.netty.channel.nio.NioEventLoop.processSelectedKeysOptimized(NioEventLoop.java:732)
	at io.netty.channel.nio.NioEventLoop.processSelectedKeys(NioEventLoop.java:658)
	at io.netty.channel.nio.NioEventLoop.run(NioEventLoop.java:562)
	at io.netty.util.concurrent.SingleThreadEventExecutor$4.run(SingleThreadEventExecutor.java:998)
	at io.netty.util.internal.ThreadExecutorMap$2.run(ThreadExecutorMap.java:74)
	at java.base/java.lang.Thread.run(Thread.java:1583)
Caused by: javax.net.ssl.SSLHandshakeException: (certificate_unknown) PKIX path validation failed: java.security.cert.CertPathValidatorException: validity check failed
	at java.base/sun.security.ssl.Alert.createSSLException(Alert.java:130)
	at java.base/sun.security.ssl.TransportContext.fatal(TransportContext.java:383)
	at java.base/sun.security.ssl.TransportContext.fatal(TransportContext.java:326)
	at java.base/sun.security.ssl.TransportContext.fatal(TransportContext.java:321)
	at java.base/sun.security.ssl.CertificateMessage$T13CertificateConsumer.checkClientCerts(CertificateMessage.java:1232)
	at java.base/sun.security.ssl.CertificateMessage$T13CertificateConsumer.onConsumeCertificate(CertificateMessage.java:1136)
	at java.base/sun.security.ssl.CertificateMessage$T13CertificateConsumer.consume(CertificateMessage.java:1113)
	at java.base/sun.security.ssl.SSLHandshake.consume(SSLHandshake.java:393)
	at java.base/sun.security.ssl.HandshakeContext.dispatch(HandshakeContext.java:477)
	at java.base/sun.security.ssl.SSLEngineImpl$DelegatedTask$DelegatedAction.run(SSLEngineImpl.java:1274)
	at java.base/sun.security.ssl.SSLEngineImpl$DelegatedTask$DelegatedAction.run(SSLEngineImpl.java:1261)
	at java.base/java.security.AccessController.doPrivileged(AccessController.java:714)
	at java.base/sun.security.ssl.SSLEngineImpl$DelegatedTask.run(SSLEngineImpl.java:1206)
	at io.netty.handler.ssl.SslHandler.runDelegatedTasks(SslHandler.java:1695)
	at io.netty.handler.ssl.SslHandler.unwrap(SslHandler.java:1541)
	at io.netty.handler.ssl.SslHandler.decodeJdkCompatible(SslHandler.java:1377)
	at io.netty.handler.ssl.SslHandler.decode(SslHandler.java:1428)
	at io.netty.handler.codec.ByteToMessageDecoder.decodeRemovalReentryProtection(ByteToMessageDecoder.java:545)
	at io.netty.handler.codec.ByteToMessageDecoder.callDecode(ByteToMessageDecoder.java:484)
	... 16 more
Caused by: sun.security.validator.ValidatorException: PKIX path validation failed: java.security.cert.CertPathValidatorException: validity check failed
	at java.base/sun.security.validator.PKIXValidator.doValidate(PKIXValidator.java:318)
	at java.base/sun.security.validator.PKIXValidator.engineValidate(PKIXValidator.java:267)
	at java.base/sun.security.validator.Validator.validate(Validator.java:256)
	at java.base/sun.security.ssl.X509TrustManagerImpl.checkTrusted(X509TrustManagerImpl.java:284)
	at java.base/sun.security.ssl.X509TrustManagerImpl.checkClientTrusted(X509TrustManagerImpl.java:138)
	at io.netty.handler.ssl.EnhancingX509ExtendedTrustManager.checkClientTrusted(EnhancingX509ExtendedTrustManager.java:77)
	at java.base/sun.security.ssl.CertificateMessage$T13CertificateConsumer.checkClientCerts(CertificateMessage.java:1210)
	... 30 more
Caused by: java.security.cert.CertPathValidatorException: validity check failed
	at java.base/sun.security.provider.certpath.PKIXMasterCertPathValidator.validate(PKIXMasterCertPathValidator.java:135)
	at java.base/sun.security.provider.certpath.PKIXCertPathValidator.validate(PKIXCertPathValidator.java:224)
	at java.base/sun.security.provider.certpath.PKIXCertPathValidator.validate(PKIXCertPathValidator.java:144)
	at java.base/sun.security.provider.certpath.PKIXCertPathValidator.engineValidate(PKIXCertPathValidator.java:83)
	at java.base/java.security.cert.CertPathValidator.validate(CertPathValidator.java:309)
	at java.base/sun.security.validator.PKIXValidator.doValidate(PKIXValidator.java:313)
	... 36 more
Caused by: java.security.cert.CertificateExpiredException: NotAfter: Tue Jan 02 01:00:00 CET 2024
	at java.base/sun.security.x509.CertificateValidity.valid(CertificateValidity.java:182)
	at java.base/sun.security.x509.X509CertImpl.checkValidity(X509CertImpl.java:534)
	at java.base/sun.security.provider.certpath.BasicChecker.verifyValidity(BasicChecker.java:190)
	at java.base/sun.security.provider.certpath.BasicChecker.check(BasicChecker.java:144)
	at java.base/sun.security.provider.certpath.PKIXMasterCertPathValidator.validate(PKIXMasterCertPathValidator.java:125)
	... 41 more
[2026-08-08T16:32:00,489][INFO ][org.logstash.beats.BeatsHandler][beats-tls][cea61c76cb89e8de1c33fda45ab2b43ef03d0a587a2da8dd49b947033416f5e3] [local: 192.168.1.56:5044, remote: 192.168.1.55:60028] Handling exception: io.netty.handler.codec.DecoderException: javax.net.ssl.SSLHandshakeException: (certificate_unknown) PKIX path validation failed: java.security.cert.CertPathValidatorException: validity check failed (caused by: java.security.cert.CertificateExpiredException: NotAfter: Tue Jan 02 01:00:00 CET 2024)
[2026-08-08T16:32:00,491][WARN ][io.netty.channel.DefaultChannelPipeline][beats-tls][cea61c76cb89e8de1c33fda45ab2b43ef03d0a587a2da8dd49b947033416f5e3] An exceptionCaught() event was fired, and it reached at the tail of the pipeline. It usually means the last handler in the pipeline did not handle the exception.
io.netty.handler.codec.DecoderException: javax.net.ssl.SSLHandshakeException: (certificate_unknown) PKIX path validation failed: java.security.cert.CertPathValidatorException: validity check failed
	at io.netty.handler.codec.ByteToMessageDecoder.callDecode(ByteToMessageDecoder.java:515)
	at io.netty.handler.codec.ByteToMessageDecoder.channelRead(ByteToMessageDecoder.java:296)
	at io.netty.channel.AbstractChannelHandlerContext.invokeChannelRead(AbstractChannelHandlerContext.java:444)
	at io.netty.channel.AbstractChannelHandlerContext.invokeChannelRead(AbstractChannelHandlerContext.java:420)
	at io.netty.channel.AbstractChannelHandlerContext.fireChannelRead(AbstractChannelHandlerContext.java:412)
	at io.netty.channel.DefaultChannelPipeline$HeadContext.channelRead(DefaultChannelPipeline.java:1357)
	at io.netty.channel.AbstractChannelHandlerContext.invokeChannelRead(AbstractChannelHandlerContext.java:440)
	at io.netty.channel.AbstractChannelHandlerContext.invokeChannelRead(AbstractChannelHandlerContext.java:420)
	at io.netty.channel.DefaultChannelPipeline.fireChannelRead(DefaultChannelPipeline.java:868)
	at io.netty.channel.nio.AbstractNioByteChannel$NioByteUnsafe.read(AbstractNioByteChannel.java:171)
	at io.netty.channel.nio.NioEventLoop.processSelectedKey(NioEventLoop.java:796)
	at io.netty.channel.nio.NioEventLoop.processSelectedKeysOptimized(NioEventLoop.java:732)
	at io.netty.channel.nio.NioEventLoop.processSelectedKeys(NioEventLoop.java:658)
	at io.netty.channel.nio.NioEventLoop.run(NioEventLoop.java:562)
	at io.netty.util.concurrent.SingleThreadEventExecutor$4.run(SingleThreadEventExecutor.java:998)
	at io.netty.util.internal.ThreadExecutorMap$2.run(ThreadExecutorMap.java:74)
	at java.base/java.lang.Thread.run(Thread.java:1583)
Caused by: javax.net.ssl.SSLHandshakeException: (certificate_unknown) PKIX path validation failed: java.security.cert.CertPathValidatorException: validity check failed
	at java.base/sun.security.ssl.Alert.createSSLException(Alert.java:130)
	at java.base/sun.security.ssl.TransportContext.fatal(TransportContext.java:383)
	at java.base/sun.security.ssl.TransportContext.fatal(TransportContext.java:326)
	at java.base/sun.security.ssl.TransportContext.fatal(TransportContext.java:321)
	at java.base/sun.security.ssl.CertificateMessage$T13CertificateConsumer.checkClientCerts(CertificateMessage.java:1232)
	at java.base/sun.security.ssl.CertificateMessage$T13CertificateConsumer.onConsumeCertificate(CertificateMessage.java:1136)
	at java.base/sun.security.ssl.CertificateMessage$T13CertificateConsumer.consume(CertificateMessage.java:1113)
	at java.base/sun.security.ssl.SSLHandshake.consume(SSLHandshake.java:393)
	at java.base/sun.security.ssl.HandshakeContext.dispatch(HandshakeContext.java:477)
	at java.base/sun.security.ssl.SSLEngineImpl$DelegatedTask$DelegatedAction.run(SSLEngineImpl.java:1274)
	at java.base/sun.security.ssl.SSLEngineImpl$DelegatedTask$DelegatedAction.run(SSLEngineImpl.java:1261)
	at java.base/java.security.AccessController.doPrivileged(AccessController.java:714)
	at java.base/sun.security.ssl.SSLEngineImpl$DelegatedTask.run(SSLEngineImpl.java:1206)
	at io.netty.handler.ssl.SslHandler.runDelegatedTasks(SslHandler.java:1695)
	at io.netty.handler.ssl.SslHandler.unwrap(SslHandler.java:1541)
	at io.netty.handler.ssl.SslHandler.decodeJdkCompatible(SslHandler.java:1377)
	at io.netty.handler.ssl.SslHandler.decode(SslHandler.java:1428)
	at io.netty.handler.codec.ByteToMessageDecoder.decodeRemovalReentryProtection(ByteToMessageDecoder.java:545)
	at io.netty.handler.codec.ByteToMessageDecoder.callDecode(ByteToMessageDecoder.java:484)
	... 16 more
Caused by: sun.security.validator.ValidatorException: PKIX path validation failed: java.security.cert.CertPathValidatorException: validity check failed
	at java.base/sun.security.validator.PKIXValidator.doValidate(PKIXValidator.java:318)
	at java.base/sun.security.validator.PKIXValidator.engineValidate(PKIXValidator.java:267)
	at java.base/sun.security.validator.Validator.validate(Validator.java:256)
	at java.base/sun.security.ssl.X509TrustManagerImpl.checkTrusted(X509TrustManagerImpl.java:284)
	at java.base/sun.security.ssl.X509TrustManagerImpl.checkClientTrusted(X509TrustManagerImpl.java:138)
	at io.netty.handler.ssl.EnhancingX509ExtendedTrustManager.checkClientTrusted(EnhancingX509ExtendedTrustManager.java:77)
	at java.base/sun.security.ssl.CertificateMessage$T13CertificateConsumer.checkClientCerts(CertificateMessage.java:1210)
	... 30 more
Caused by: java.security.cert.CertPathValidatorException: validity check failed
	at java.base/sun.security.provider.certpath.PKIXMasterCertPathValidator.validate(PKIXMasterCertPathValidator.java:135)
	at java.base/sun.security.provider.certpath.PKIXCertPathValidator.validate(PKIXCertPathValidator.java:224)
	at java.base/sun.security.provider.certpath.PKIXCertPathValidator.validate(PKIXCertPathValidator.java:144)
	at java.base/sun.security.provider.certpath.PKIXCertPathValidator.engineValidate(PKIXCertPathValidator.java:83)
	at java.base/java.security.cert.CertPathValidator.validate(CertPathValidator.java:309)
	at java.base/sun.security.validator.PKIXValidator.doValidate(PKIXValidator.java:313)
	... 36 more
Caused by: java.security.cert.CertificateExpiredException: NotAfter: Tue Jan 02 01:00:00 CET 2024
	at java.base/sun.security.x509.CertificateValidity.valid(CertificateValidity.java:182)
	at java.base/sun.security.x509.X509CertImpl.checkValidity(X509CertImpl.java:534)
	at java.base/sun.security.provider.certpath.BasicChecker.verifyValidity(BasicChecker.java:190)
	at java.base/sun.security.provider.certpath.BasicChecker.check(BasicChecker.java:144)
	at java.base/sun.security.provider.certpath.PKIXMasterCertPathValidator.validate(PKIXMasterCertPathValidator.java:125)
	... 41 more
[2026-08-08T16:32:01,672][INFO ][org.logstash.beats.BeatsHandler][beats-tls][cea61c76cb89e8de1c33fda45ab2b43ef03d0a587a2da8dd49b947033416f5e3] [local: 192.168.1.56:5044, remote: 192.168.1.55:60040] Handling exception: io.netty.handler.codec.DecoderException: javax.net.ssl.SSLHandshakeException: (certificate_unknown) PKIX path validation failed: java.security.cert.CertPathValidatorException: validity check failed (caused by: java.security.cert.CertificateExpiredException: NotAfter: Tue Jan 02 01:00:00 CET 2024)
[2026-08-08T16:32:01,673][WARN ][io.netty.channel.DefaultChannelPipeline][beats-tls][cea61c76cb89e8de1c33fda45ab2b43ef03d0a587a2da8dd49b947033416f5e3] An exceptionCaught() event was fired, and it reached at the tail of the pipeline. It usually means the last handler in the pipeline did not handle the exception.
io.netty.handler.codec.DecoderException: javax.net.ssl.SSLHandshakeException: (certificate_unknown) PKIX path validation failed: java.security.cert.CertPathValidatorException: validity check failed
	at io.netty.handler.codec.ByteToMessageDecoder.callDecode(ByteToMessageDecoder.java:515)
	at io.netty.handler.codec.ByteToMessageDecoder.channelRead(ByteToMessageDecoder.java:296)
	at io.netty.channel.AbstractChannelHandlerContext.invokeChannelRead(AbstractChannelHandlerContext.java:444)
	at io.netty.channel.AbstractChannelHandlerContext.invokeChannelRead(AbstractChannelHandlerContext.java:420)
	at io.netty.channel.AbstractChannelHandlerContext.fireChannelRead(AbstractChannelHandlerContext.java:412)
	at io.netty.channel.DefaultChannelPipeline$HeadContext.channelRead(DefaultChannelPipeline.java:1357)
	at io.netty.channel.AbstractChannelHandlerContext.invokeChannelRead(AbstractChannelHandlerContext.java:440)
	at io.netty.channel.AbstractChannelHandlerContext.invokeChannelRead(AbstractChannelHandlerContext.java:420)
	at io.netty.channel.DefaultChannelPipeline.fireChannelRead(DefaultChannelPipeline.java:868)
	at io.netty.channel.nio.AbstractNioByteChannel$NioByteUnsafe.read(AbstractNioByteChannel.java:171)
	at io.netty.channel.nio.NioEventLoop.processSelectedKey(NioEventLoop.java:796)
	at io.netty.channel.nio.NioEventLoop.processSelectedKeysOptimized(NioEventLoop.java:732)
	at io.netty.channel.nio.NioEventLoop.processSelectedKeys(NioEventLoop.java:658)
	at io.netty.channel.nio.NioEventLoop.run(NioEventLoop.java:562)
	at io.netty.util.concurrent.SingleThreadEventExecutor$4.run(SingleThreadEventExecutor.java:998)
	at io.netty.util.internal.ThreadExecutorMap$2.run(ThreadExecutorMap.java:74)
	at java.base/java.lang.Thread.run(Thread.java:1583)
Caused by: javax.net.ssl.SSLHandshakeException: (certificate_unknown) PKIX path validation failed: java.security.cert.CertPathValidatorException: validity check failed
	at java.base/sun.security.ssl.Alert.createSSLException(Alert.java:130)
	at java.base/sun.security.ssl.TransportContext.fatal(TransportContext.java:383)
	at java.base/sun.security.ssl.TransportContext.fatal(TransportContext.java:326)
	at java.base/sun.security.ssl.TransportContext.fatal(TransportContext.java:321)
	at java.base/sun.security.ssl.CertificateMessage$T13CertificateConsumer.checkClientCerts(CertificateMessage.java:1232)
	at java.base/sun.security.ssl.CertificateMessage$T13CertificateConsumer.onConsumeCertificate(CertificateMessage.java:1136)
	at java.base/sun.security.ssl.CertificateMessage$T13CertificateConsumer.consume(CertificateMessage.java:1113)
	at java.base/sun.security.ssl.SSLHandshake.consume(SSLHandshake.java:393)
	at java.base/sun.security.ssl.HandshakeContext.dispatch(HandshakeContext.java:477)
	at java.base/sun.security.ssl.SSLEngineImpl$DelegatedTask$DelegatedAction.run(SSLEngineImpl.java:1274)
	at java.base/sun.security.ssl.SSLEngineImpl$DelegatedTask$DelegatedAction.run(SSLEngineImpl.java:1261)
	at java.base/java.security.AccessController.doPrivileged(AccessController.java:714)
	at java.base/sun.security.ssl.SSLEngineImpl$DelegatedTask.run(SSLEngineImpl.java:1206)
	at io.netty.handler.ssl.SslHandler.runDelegatedTasks(SslHandler.java:1695)
	at io.netty.handler.ssl.SslHandler.unwrap(SslHandler.java:1541)
	at io.netty.handler.ssl.SslHandler.decodeJdkCompatible(SslHandler.java:1377)
	at io.netty.handler.ssl.SslHandler.decode(SslHandler.java:1428)
	at io.netty.handler.codec.ByteToMessageDecoder.decodeRemovalReentryProtection(ByteToMessageDecoder.java:545)
	at io.netty.handler.codec.ByteToMessageDecoder.callDecode(ByteToMessageDecoder.java:484)
	... 16 more
Caused by: sun.security.validator.ValidatorException: PKIX path validation failed: java.security.cert.CertPathValidatorException: validity check failed
	at java.base/sun.security.validator.PKIXValidator.doValidate(PKIXValidator.java:318)
	at java.base/sun.security.validator.PKIXValidator.engineValidate(PKIXValidator.java:267)
	at java.base/sun.security.validator.Validator.validate(Validator.java:256)
	at java.base/sun.security.ssl.X509TrustManagerImpl.checkTrusted(X509TrustManagerImpl.java:284)
	at java.base/sun.security.ssl.X509TrustManagerImpl.checkClientTrusted(X509TrustManagerImpl.java:138)
	at io.netty.handler.ssl.EnhancingX509ExtendedTrustManager.checkClientTrusted(EnhancingX509ExtendedTrustManager.java:77)
	at java.base/sun.security.ssl.CertificateMessage$T13CertificateConsumer.checkClientCerts(CertificateMessage.java:1210)
	... 30 more
Caused by: java.security.cert.CertPathValidatorException: validity check failed
	at java.base/sun.security.provider.certpath.PKIXMasterCertPathValidator.validate(PKIXMasterCertPathValidator.java:135)
	at java.base/sun.security.provider.certpath.PKIXCertPathValidator.validate(PKIXCertPathValidator.java:224)
	at java.base/sun.security.provider.certpath.PKIXCertPathValidator.validate(PKIXCertPathValidator.java:144)
	at java.base/sun.security.provider.certpath.PKIXCertPathValidator.engineValidate(PKIXCertPathValidator.java:83)
	at java.base/java.security.cert.CertPathValidator.validate(CertPathValidator.java:309)
	at java.base/sun.security.validator.PKIXValidator.doValidate(PKIXValidator.java:313)
	... 36 more
Caused by: java.security.cert.CertificateExpiredException: NotAfter: Tue Jan 02 01:00:00 CET 2024
	at java.base/sun.security.x509.CertificateValidity.valid(CertificateValidity.java:182)
	at java.base/sun.security.x509.X509CertImpl.checkValidity(X509CertImpl.java:534)
	at java.base/sun.security.provider.certpath.BasicChecker.verifyValidity(BasicChecker.java:190)
	at java.base/sun.security.provider.certpath.BasicChecker.check(BasicChecker.java:144)
	at java.base/sun.security.provider.certpath.PKIXMasterCertPathValidator.validate(PKIXMasterCertPathValidator.java:125)
	... 41 more
[2026-08-08T16:32:03,069][INFO ][org.logstash.beats.BeatsHandler][beats-tls][cea61c76cb89e8de1c33fda45ab2b43ef03d0a587a2da8dd49b947033416f5e3] [local: 192.168.1.56:5044, remote: 192.168.1.55:60046] Handling exception: io.netty.handler.codec.DecoderException: javax.net.ssl.SSLHandshakeException: (certificate_unknown) PKIX path validation failed: java.security.cert.CertPathValidatorException: validity check failed (caused by: java.security.cert.CertificateExpiredException: NotAfter: Tue Jan 02 01:00:00 CET 2024)
[2026-08-08T16:32:03,070][WARN ][io.netty.channel.DefaultChannelPipeline][beats-tls][cea61c76cb89e8de1c33fda45ab2b43ef03d0a587a2da8dd49b947033416f5e3] An exceptionCaught() event was fired, and it reached at the tail of the pipeline. It usually means the last handler in the pipeline did not handle the exception.
io.netty.handler.codec.DecoderException: javax.net.ssl.SSLHandshakeException: (certificate_unknown) PKIX path validation failed: java.security.cert.CertPathValidatorException: validity check failed
	at io.netty.handler.codec.ByteToMessageDecoder.callDecode(ByteToMessageDecoder.java:515)
	at io.netty.handler.codec.ByteToMessageDecoder.channelRead(ByteToMessageDecoder.java:296)
	at io.netty.channel.AbstractChannelHandlerContext.invokeChannelRead(AbstractChannelHandlerContext.java:444)
	at io.netty.channel.AbstractChannelHandlerContext.invokeChannelRead(AbstractChannelHandlerContext.java:420)
	at io.netty.channel.AbstractChannelHandlerContext.fireChannelRead(AbstractChannelHandlerContext.java:412)
	at io.netty.channel.DefaultChannelPipeline$HeadContext.channelRead(DefaultChannelPipeline.java:1357)
	at io.netty.channel.AbstractChannelHandlerContext.invokeChannelRead(AbstractChannelHandlerContext.java:440)
	at io.netty.channel.AbstractChannelHandlerContext.invokeChannelRead(AbstractChannelHandlerContext.java:420)
	at io.netty.channel.DefaultChannelPipeline.fireChannelRead(DefaultChannelPipeline.java:868)
	at io.netty.channel.nio.AbstractNioByteChannel$NioByteUnsafe.read(AbstractNioByteChannel.java:171)
	at io.netty.channel.nio.NioEventLoop.processSelectedKey(NioEventLoop.java:796)
	at io.netty.channel.nio.NioEventLoop.processSelectedKeysOptimized(NioEventLoop.java:732)
	at io.netty.channel.nio.NioEventLoop.processSelectedKeys(NioEventLoop.java:658)
	at io.netty.channel.nio.NioEventLoop.run(NioEventLoop.java:562)
	at io.netty.util.concurrent.SingleThreadEventExecutor$4.run(SingleThreadEventExecutor.java:998)
	at io.netty.util.internal.ThreadExecutorMap$2.run(ThreadExecutorMap.java:74)
	at java.base/java.lang.Thread.run(Thread.java:1583)
Caused by: javax.net.ssl.SSLHandshakeException: (certificate_unknown) PKIX path validation failed: java.security.cert.CertPathValidatorException: validity check failed
	at java.base/sun.security.ssl.Alert.createSSLException(Alert.java:130)
	at java.base/sun.security.ssl.TransportContext.fatal(TransportContext.java:383)
	at java.base/sun.security.ssl.TransportContext.fatal(TransportContext.java:326)
	at java.base/sun.security.ssl.TransportContext.fatal(TransportContext.java:321)
	at java.base/sun.security.ssl.CertificateMessage$T13CertificateConsumer.checkClientCerts(CertificateMessage.java:1232)
	at java.base/sun.security.ssl.CertificateMessage$T13CertificateConsumer.onConsumeCertificate(CertificateMessage.java:1136)
	at java.base/sun.security.ssl.CertificateMessage$T13CertificateConsumer.consume(CertificateMessage.java:1113)
	at java.base/sun.security.ssl.SSLHandshake.consume(SSLHandshake.java:393)
	at java.base/sun.security.ssl.HandshakeContext.dispatch(HandshakeContext.java:477)
	at java.base/sun.security.ssl.SSLEngineImpl$DelegatedTask$DelegatedAction.run(SSLEngineImpl.java:1274)
	at java.base/sun.security.ssl.SSLEngineImpl$DelegatedTask$DelegatedAction.run(SSLEngineImpl.java:1261)
	at java.base/java.security.AccessController.doPrivileged(AccessController.java:714)
	at java.base/sun.security.ssl.SSLEngineImpl$DelegatedTask.run(SSLEngineImpl.java:1206)
	at io.netty.handler.ssl.SslHandler.runDelegatedTasks(SslHandler.java:1695)
	at io.netty.handler.ssl.SslHandler.unwrap(SslHandler.java:1541)
	at io.netty.handler.ssl.SslHandler.decodeJdkCompatible(SslHandler.java:1377)
	at io.netty.handler.ssl.SslHandler.decode(SslHandler.java:1428)
	at io.netty.handler.codec.ByteToMessageDecoder.decodeRemovalReentryProtection(ByteToMessageDecoder.java:545)
	at io.netty.handler.codec.ByteToMessageDecoder.callDecode(ByteToMessageDecoder.java:484)
	... 16 more
Caused by: sun.security.validator.ValidatorException: PKIX path validation failed: java.security.cert.CertPathValidatorException: validity check failed
	at java.base/sun.security.validator.PKIXValidator.doValidate(PKIXValidator.java:318)
	at java.base/sun.security.validator.PKIXValidator.engineValidate(PKIXValidator.java:267)
	at java.base/sun.security.validator.Validator.validate(Validator.java:256)
	at java.base/sun.security.ssl.X509TrustManagerImpl.checkTrusted(X509TrustManagerImpl.java:284)
	at java.base/sun.security.ssl.X509TrustManagerImpl.checkClientTrusted(X509TrustManagerImpl.java:138)
	at io.netty.handler.ssl.EnhancingX509ExtendedTrustManager.checkClientTrusted(EnhancingX509ExtendedTrustManager.java:77)
	at java.base/sun.security.ssl.CertificateMessage$T13CertificateConsumer.checkClientCerts(CertificateMessage.java:1210)
	... 30 more
Caused by: java.security.cert.CertPathValidatorException: validity check failed
	at java.base/sun.security.provider.certpath.PKIXMasterCertPathValidator.validate(PKIXMasterCertPathValidator.java:135)
	at java.base/sun.security.provider.certpath.PKIXCertPathValidator.validate(PKIXCertPathValidator.java:224)
	at java.base/sun.security.provider.certpath.PKIXCertPathValidator.validate(PKIXCertPathValidator.java:144)
	at java.base/sun.security.provider.certpath.PKIXCertPathValidator.engineValidate(PKIXCertPathValidator.java:83)
	at java.base/java.security.cert.CertPathValidator.validate(CertPathValidator.java:309)
	at java.base/sun.security.validator.PKIXValidator.doValidate(PKIXValidator.java:313)
	... 36 more
Caused by: java.security.cert.CertificateExpiredException: NotAfter: Tue Jan 02 01:00:00 CET 2024
	at java.base/sun.security.x509.CertificateValidity.valid(CertificateValidity.java:182)
	at java.base/sun.security.x509.X509CertImpl.checkValidity(X509CertImpl.java:534)
	at java.base/sun.security.provider.certpath.BasicChecker.verifyValidity(BasicChecker.java:190)
	at java.base/sun.security.provider.certpath.BasicChecker.check(BasicChecker.java:144)
	at java.base/sun.security.provider.certpath.PKIXMasterCertPathValidator.validate(PKIXMasterCertPathValidator.java:125)
	... 41 more
[2026-08-08T16:32:04,784][INFO ][org.logstash.beats.BeatsHandler][beats-tls][cea61c76cb89e8de1c33fda45ab2b43ef03d0a587a2da8dd49b947033416f5e3] [local: 192.168.1.56:5044, remote: 192.168.1.55:60050] Handling exception: io.netty.handler.codec.DecoderException: javax.net.ssl.SSLHandshakeException: (certificate_unknown) PKIX path validation failed: java.security.cert.CertPathValidatorException: validity check failed (caused by: java.security.cert.CertificateExpiredException: NotAfter: Tue Jan 02 01:00:00 CET 2024)
[2026-08-08T16:32:04,786][WARN ][io.netty.channel.DefaultChannelPipeline][beats-tls][cea61c76cb89e8de1c33fda45ab2b43ef03d0a587a2da8dd49b947033416f5e3] An exceptionCaught() event was fired, and it reached at the tail of the pipeline. It usually means the last handler in the pipeline did not handle the exception.
io.netty.handler.codec.DecoderException: javax.net.ssl.SSLHandshakeException: (certificate_unknown) PKIX path validation failed: java.security.cert.CertPathValidatorException: validity check failed
	at io.netty.handler.codec.ByteToMessageDecoder.callDecode(ByteToMessageDecoder.java:515)
	at io.netty.handler.codec.ByteToMessageDecoder.channelRead(ByteToMessageDecoder.java:296)
	at io.netty.channel.AbstractChannelHandlerContext.invokeChannelRead(AbstractChannelHandlerContext.java:444)
	at io.netty.channel.AbstractChannelHandlerContext.invokeChannelRead(AbstractChannelHandlerContext.java:420)
	at io.netty.channel.AbstractChannelHandlerContext.fireChannelRead(AbstractChannelHandlerContext.java:412)
	at io.netty.channel.DefaultChannelPipeline$HeadContext.channelRead(DefaultChannelPipeline.java:1357)
	at io.netty.channel.AbstractChannelHandlerContext.invokeChannelRead(AbstractChannelHandlerContext.java:440)
	at io.netty.channel.AbstractChannelHandlerContext.invokeChannelRead(AbstractChannelHandlerContext.java:420)
	at io.netty.channel.DefaultChannelPipeline.fireChannelRead(DefaultChannelPipeline.java:868)
	at io.netty.channel.nio.AbstractNioByteChannel$NioByteUnsafe.read(AbstractNioByteChannel.java:171)
	at io.netty.channel.nio.NioEventLoop.processSelectedKey(NioEventLoop.java:796)
	at io.netty.channel.nio.NioEventLoop.processSelectedKeysOptimized(NioEventLoop.java:732)
	at io.netty.channel.nio.NioEventLoop.processSelectedKeys(NioEventLoop.java:658)
	at io.netty.channel.nio.NioEventLoop.run(NioEventLoop.java:562)
	at io.netty.util.concurrent.SingleThreadEventExecutor$4.run(SingleThreadEventExecutor.java:998)
	at io.netty.util.internal.ThreadExecutorMap$2.run(ThreadExecutorMap.java:74)
	at java.base/java.lang.Thread.run(Thread.java:1583)
Caused by: javax.net.ssl.SSLHandshakeException: (certificate_unknown) PKIX path validation failed: java.security.cert.CertPathValidatorException: validity check failed
	at java.base/sun.security.ssl.Alert.createSSLException(Alert.java:130)
	at java.base/sun.security.ssl.TransportContext.fatal(TransportContext.java:383)
	at java.base/sun.security.ssl.TransportContext.fatal(TransportContext.java:326)
	at java.base/sun.security.ssl.TransportContext.fatal(TransportContext.java:321)
	at java.base/sun.security.ssl.CertificateMessage$T13CertificateConsumer.checkClientCerts(CertificateMessage.java:1232)
	at java.base/sun.security.ssl.CertificateMessage$T13CertificateConsumer.onConsumeCertificate(CertificateMessage.java:1136)
	at java.base/sun.security.ssl.CertificateMessage$T13CertificateConsumer.consume(CertificateMessage.java:1113)
	at java.base/sun.security.ssl.SSLHandshake.consume(SSLHandshake.java:393)
	at java.base/sun.security.ssl.HandshakeContext.dispatch(HandshakeContext.java:477)
	at java.base/sun.security.ssl.SSLEngineImpl$DelegatedTask$DelegatedAction.run(SSLEngineImpl.java:1274)
	at java.base/sun.security.ssl.SSLEngineImpl$DelegatedTask$DelegatedAction.run(SSLEngineImpl.java:1261)
	at java.base/java.security.AccessController.doPrivileged(AccessController.java:714)
	at java.base/sun.security.ssl.SSLEngineImpl$DelegatedTask.run(SSLEngineImpl.java:1206)
	at io.netty.handler.ssl.SslHandler.runDelegatedTasks(SslHandler.java:1695)
	at io.netty.handler.ssl.SslHandler.unwrap(SslHandler.java:1541)
	at io.netty.handler.ssl.SslHandler.decodeJdkCompatible(SslHandler.java:1377)
	at io.netty.handler.ssl.SslHandler.decode(SslHandler.java:1428)
	at io.netty.handler.codec.ByteToMessageDecoder.decodeRemovalReentryProtection(ByteToMessageDecoder.java:545)
	at io.netty.handler.codec.ByteToMessageDecoder.callDecode(ByteToMessageDecoder.java:484)
	... 16 more
Caused by: sun.security.validator.ValidatorException: PKIX path validation failed: java.security.cert.CertPathValidatorException: validity check failed
	at java.base/sun.security.validator.PKIXValidator.doValidate(PKIXValidator.java:318)
	at java.base/sun.security.validator.PKIXValidator.engineValidate(PKIXValidator.java:267)
	at java.base/sun.security.validator.Validator.validate(Validator.java:256)
	at java.base/sun.security.ssl.X509TrustManagerImpl.checkTrusted(X509TrustManagerImpl.java:284)
	at java.base/sun.security.ssl.X509TrustManagerImpl.checkClientTrusted(X509TrustManagerImpl.java:138)
	at io.netty.handler.ssl.EnhancingX509ExtendedTrustManager.checkClientTrusted(EnhancingX509ExtendedTrustManager.java:77)
	at java.base/sun.security.ssl.CertificateMessage$T13CertificateConsumer.checkClientCerts(CertificateMessage.java:1210)
	... 30 more
Caused by: java.security.cert.CertPathValidatorException: validity check failed
	at java.base/sun.security.provider.certpath.PKIXMasterCertPathValidator.validate(PKIXMasterCertPathValidator.java:135)
	at java.base/sun.security.provider.certpath.PKIXCertPathValidator.validate(PKIXCertPathValidator.java:224)
	at java.base/sun.security.provider.certpath.PKIXCertPathValidator.validate(PKIXCertPathValidator.java:144)
	at java.base/sun.security.provider.certpath.PKIXCertPathValidator.engineValidate(PKIXCertPathValidator.java:83)
	at java.base/java.security.cert.CertPathValidator.validate(CertPathValidator.java:309)
	at java.base/sun.security.validator.PKIXValidator.doValidate(PKIXValidator.java:313)
	... 36 more
Caused by: java.security.cert.CertificateExpiredException: NotAfter: Tue Jan 02 01:00:00 CET 2024
	at java.base/sun.security.x509.CertificateValidity.valid(CertificateValidity.java:182)
	at java.base/sun.security.x509.X509CertImpl.checkValidity(X509CertImpl.java:534)
	at java.base/sun.security.provider.certpath.BasicChecker.verifyValidity(BasicChecker.java:190)
	at java.base/sun.security.provider.certpath.BasicChecker.check(BasicChecker.java:144)
	at java.base/sun.security.provider.certpath.PKIXMasterCertPathValidator.validate(PKIXMasterCertPathValidator.java:125)
	... 41 more
[2026-08-08T16:32:06,013][INFO ][org.logstash.beats.BeatsHandler][beats-tls][cea61c76cb89e8de1c33fda45ab2b43ef03d0a587a2da8dd49b947033416f5e3] [local: 192.168.1.56:5044, remote: 192.168.1.55:60058] Handling exception: io.netty.handler.codec.DecoderException: javax.net.ssl.SSLHandshakeException: (certificate_unknown) PKIX path validation failed: java.security.cert.CertPathValidatorException: validity check failed (caused by: java.security.cert.CertificateExpiredException: NotAfter: Tue Jan 02 01:00:00 CET 2024)
[2026-08-08T16:32:06,014][WARN ][io.netty.channel.DefaultChannelPipeline][beats-tls][cea61c76cb89e8de1c33fda45ab2b43ef03d0a587a2da8dd49b947033416f5e3] An exceptionCaught() event was fired, and it reached at the tail of the pipeline. It usually means the last handler in the pipeline did not handle the exception.
io.netty.handler.codec.DecoderException: javax.net.ssl.SSLHandshakeException: (certificate_unknown) PKIX path validation failed: java.security.cert.CertPathValidatorException: validity check failed
	at io.netty.handler.codec.ByteToMessageDecoder.callDecode(ByteToMessageDecoder.java:515)
	at io.netty.handler.codec.ByteToMessageDecoder.channelRead(ByteToMessageDecoder.java:296)
	at io.netty.channel.AbstractChannelHandlerContext.invokeChannelRead(AbstractChannelHandlerContext.java:444)
	at io.netty.channel.AbstractChannelHandlerContext.invokeChannelRead(AbstractChannelHandlerContext.java:420)
	at io.netty.channel.AbstractChannelHandlerContext.fireChannelRead(AbstractChannelHandlerContext.java:412)
	at io.netty.channel.DefaultChannelPipeline$HeadContext.channelRead(DefaultChannelPipeline.java:1357)
	at io.netty.channel.AbstractChannelHandlerContext.invokeChannelRead(AbstractChannelHandlerContext.java:440)
	at io.netty.channel.AbstractChannelHandlerContext.invokeChannelRead(AbstractChannelHandlerContext.java:420)
	at io.netty.channel.DefaultChannelPipeline.fireChannelRead(DefaultChannelPipeline.java:868)
	at io.netty.channel.nio.AbstractNioByteChannel$NioByteUnsafe.read(AbstractNioByteChannel.java:171)
	at io.netty.channel.nio.NioEventLoop.processSelectedKey(NioEventLoop.java:796)
	at io.netty.channel.nio.NioEventLoop.processSelectedKeysOptimized(NioEventLoop.java:732)
	at io.netty.channel.nio.NioEventLoop.processSelectedKeys(NioEventLoop.java:658)
	at io.netty.channel.nio.NioEventLoop.run(NioEventLoop.java:562)
	at io.netty.util.concurrent.SingleThreadEventExecutor$4.run(SingleThreadEventExecutor.java:998)
	at io.netty.util.internal.ThreadExecutorMap$2.run(ThreadExecutorMap.java:74)
	at java.base/java.lang.Thread.run(Thread.java:1583)
Caused by: javax.net.ssl.SSLHandshakeException: (certificate_unknown) PKIX path validation failed: java.security.cert.CertPathValidatorException: validity check failed
	at java.base/sun.security.ssl.Alert.createSSLException(Alert.java:130)
	at java.base/sun.security.ssl.TransportContext.fatal(TransportContext.java:383)
	at java.base/sun.security.ssl.TransportContext.fatal(TransportContext.java:326)
	at java.base/sun.security.ssl.TransportContext.fatal(TransportContext.java:321)
	at java.base/sun.security.ssl.CertificateMessage$T13CertificateConsumer.checkClientCerts(CertificateMessage.java:1232)
	at java.base/sun.security.ssl.CertificateMessage$T13CertificateConsumer.onConsumeCertificate(CertificateMessage.java:1136)
	at java.base/sun.security.ssl.CertificateMessage$T13CertificateConsumer.consume(CertificateMessage.java:1113)
	at java.base/sun.security.ssl.SSLHandshake.consume(SSLHandshake.java:393)
	at java.base/sun.security.ssl.HandshakeContext.dispatch(HandshakeContext.java:477)
	at java.base/sun.security.ssl.SSLEngineImpl$DelegatedTask$DelegatedAction.run(SSLEngineImpl.java:1274)
	at java.base/sun.security.ssl.SSLEngineImpl$DelegatedTask$DelegatedAction.run(SSLEngineImpl.java:1261)
	at java.base/java.security.AccessController.doPrivileged(AccessController.java:714)
	at java.base/sun.security.ssl.SSLEngineImpl$DelegatedTask.run(SSLEngineImpl.java:1206)
	at io.netty.handler.ssl.SslHandler.runDelegatedTasks(SslHandler.java:1695)
	at io.netty.handler.ssl.SslHandler.unwrap(SslHandler.java:1541)
	at io.netty.handler.ssl.SslHandler.decodeJdkCompatible(SslHandler.java:1377)
	at io.netty.handler.ssl.SslHandler.decode(SslHandler.java:1428)
	at io.netty.handler.codec.ByteToMessageDecoder.decodeRemovalReentryProtection(ByteToMessageDecoder.java:545)
	at io.netty.handler.codec.ByteToMessageDecoder.callDecode(ByteToMessageDecoder.java:484)
	... 16 more
Caused by: sun.security.validator.ValidatorException: PKIX path validation failed: java.security.cert.CertPathValidatorException: validity check failed
	at java.base/sun.security.validator.PKIXValidator.doValidate(PKIXValidator.java:318)
	at java.base/sun.security.validator.PKIXValidator.engineValidate(PKIXValidator.java:267)
	at java.base/sun.security.validator.Validator.validate(Validator.java:256)
	at java.base/sun.security.ssl.X509TrustManagerImpl.checkTrusted(X509TrustManagerImpl.java:284)
	at java.base/sun.security.ssl.X509TrustManagerImpl.checkClientTrusted(X509TrustManagerImpl.java:138)
	at io.netty.handler.ssl.EnhancingX509ExtendedTrustManager.checkClientTrusted(EnhancingX509ExtendedTrustManager.java:77)
	at java.base/sun.security.ssl.CertificateMessage$T13CertificateConsumer.checkClientCerts(CertificateMessage.java:1210)
	... 30 more
Caused by: java.security.cert.CertPathValidatorException: validity check failed
	at java.base/sun.security.provider.certpath.PKIXMasterCertPathValidator.validate(PKIXMasterCertPathValidator.java:135)
	at java.base/sun.security.provider.certpath.PKIXCertPathValidator.validate(PKIXCertPathValidator.java:224)
	at java.base/sun.security.provider.certpath.PKIXCertPathValidator.validate(PKIXCertPathValidator.java:144)
	at java.base/sun.security.provider.certpath.PKIXCertPathValidator.engineValidate(PKIXCertPathValidator.java:83)
	at java.base/java.security.cert.CertPathValidator.validate(CertPathValidator.java:309)
	at java.base/sun.security.validator.PKIXValidator.doValidate(PKIXValidator.java:313)
	... 36 more
Caused by: java.security.cert.CertificateExpiredException: NotAfter: Tue Jan 02 01:00:00 CET 2024
	at java.base/sun.security.x509.CertificateValidity.valid(CertificateValidity.java:182)
	at java.base/sun.security.x509.X509CertImpl.checkValidity(X509CertImpl.java:534)
	at java.base/sun.security.provider.certpath.BasicChecker.verifyValidity(BasicChecker.java:190)
	at java.base/sun.security.provider.certpath.BasicChecker.check(BasicChecker.java:144)
	at java.base/sun.security.provider.certpath.PKIXMasterCertPathValidator.validate(PKIXMasterCertPathValidator.java:125)
	... 41 more
[2026-08-08T16:32:10,006][INFO ][org.logstash.beats.BeatsHandler][beats-tls][cea61c76cb89e8de1c33fda45ab2b43ef03d0a587a2da8dd49b947033416f5e3] [local: 192.168.1.56:5044, remote: 192.168.1.55:45498] Handling exception: io.netty.handler.codec.DecoderException: javax.net.ssl.SSLHandshakeException: (certificate_unknown) PKIX path validation failed: java.security.cert.CertPathValidatorException: validity check failed (caused by: java.security.cert.CertificateExpiredException: NotAfter: Tue Jan 02 01:00:00 CET 2024)
[2026-08-08T16:32:10,009][WARN ][io.netty.channel.DefaultChannelPipeline][beats-tls][cea61c76cb89e8de1c33fda45ab2b43ef03d0a587a2da8dd49b947033416f5e3] An exceptionCaught() event was fired, and it reached at the tail of the pipeline. It usually means the last handler in the pipeline did not handle the exception.
io.netty.handler.codec.DecoderException: javax.net.ssl.SSLHandshakeException: (certificate_unknown) PKIX path validation failed: java.security.cert.CertPathValidatorException: validity check failed
	at io.netty.handler.codec.ByteToMessageDecoder.callDecode(ByteToMessageDecoder.java:515)
	at io.netty.handler.codec.ByteToMessageDecoder.channelRead(ByteToMessageDecoder.java:296)
	at io.netty.channel.AbstractChannelHandlerContext.invokeChannelRead(AbstractChannelHandlerContext.java:444)
	at io.netty.channel.AbstractChannelHandlerContext.invokeChannelRead(AbstractChannelHandlerContext.java:420)
	at io.netty.channel.AbstractChannelHandlerContext.fireChannelRead(AbstractChannelHandlerContext.java:412)
	at io.netty.channel.DefaultChannelPipeline$HeadContext.channelRead(DefaultChannelPipeline.java:1357)
	at io.netty.channel.AbstractChannelHandlerContext.invokeChannelRead(AbstractChannelHandlerContext.java:440)
	at io.netty.channel.AbstractChannelHandlerContext.invokeChannelRead(AbstractChannelHandlerContext.java:420)
	at io.netty.channel.DefaultChannelPipeline.fireChannelRead(DefaultChannelPipeline.java:868)
	at io.netty.channel.nio.AbstractNioByteChannel$NioByteUnsafe.read(AbstractNioByteChannel.java:171)
	at io.netty.channel.nio.NioEventLoop.processSelectedKey(NioEventLoop.java:796)
	at io.netty.channel.nio.NioEventLoop.processSelectedKeysOptimized(NioEventLoop.java:732)
	at io.netty.channel.nio.NioEventLoop.processSelectedKeys(NioEventLoop.java:658)
	at io.netty.channel.nio.NioEventLoop.run(NioEventLoop.java:562)
	at io.netty.util.concurrent.SingleThreadEventExecutor$4.run(SingleThreadEventExecutor.java:998)
	at io.netty.util.internal.ThreadExecutorMap$2.run(ThreadExecutorMap.java:74)
	at java.base/java.lang.Thread.run(Thread.java:1583)
Caused by: javax.net.ssl.SSLHandshakeException: (certificate_unknown) PKIX path validation failed: java.security.cert.CertPathValidatorException: validity check failed
	at java.base/sun.security.ssl.Alert.createSSLException(Alert.java:130)
	at java.base/sun.security.ssl.TransportContext.fatal(TransportContext.java:383)
	at java.base/sun.security.ssl.TransportContext.fatal(TransportContext.java:326)
	at java.base/sun.security.ssl.TransportContext.fatal(TransportContext.java:321)
	at java.base/sun.security.ssl.CertificateMessage$T13CertificateConsumer.checkClientCerts(CertificateMessage.java:1232)
	at java.base/sun.security.ssl.CertificateMessage$T13CertificateConsumer.onConsumeCertificate(CertificateMessage.java:1136)
	at java.base/sun.security.ssl.CertificateMessage$T13CertificateConsumer.consume(CertificateMessage.java:1113)
	at java.base/sun.security.ssl.SSLHandshake.consume(SSLHandshake.java:393)
	at java.base/sun.security.ssl.HandshakeContext.dispatch(HandshakeContext.java:477)
	at java.base/sun.security.ssl.SSLEngineImpl$DelegatedTask$DelegatedAction.run(SSLEngineImpl.java:1274)
	at java.base/sun.security.ssl.SSLEngineImpl$DelegatedTask$DelegatedAction.run(SSLEngineImpl.java:1261)
	at java.base/java.security.AccessController.doPrivileged(AccessController.java:714)
	at java.base/sun.security.ssl.SSLEngineImpl$DelegatedTask.run(SSLEngineImpl.java:1206)
	at io.netty.handler.ssl.SslHandler.runDelegatedTasks(SslHandler.java:1695)
	at io.netty.handler.ssl.SslHandler.unwrap(SslHandler.java:1541)
	at io.netty.handler.ssl.SslHandler.decodeJdkCompatible(SslHandler.java:1377)
	at io.netty.handler.ssl.SslHandler.decode(SslHandler.java:1428)
	at io.netty.handler.codec.ByteToMessageDecoder.decodeRemovalReentryProtection(ByteToMessageDecoder.java:545)
	at io.netty.handler.codec.ByteToMessageDecoder.callDecode(ByteToMessageDecoder.java:484)
	... 16 more
Caused by: sun.security.validator.ValidatorException: PKIX path validation failed: java.security.cert.CertPathValidatorException: validity check failed
	at java.base/sun.security.validator.PKIXValidator.doValidate(PKIXValidator.java:318)
	at java.base/sun.security.validator.PKIXValidator.engineValidate(PKIXValidator.java:267)
	at java.base/sun.security.validator.Validator.validate(Validator.java:256)
	at java.base/sun.security.ssl.X509TrustManagerImpl.checkTrusted(X509TrustManagerImpl.java:284)
	at java.base/sun.security.ssl.X509TrustManagerImpl.checkClientTrusted(X509TrustManagerImpl.java:138)
	at io.netty.handler.ssl.EnhancingX509ExtendedTrustManager.checkClientTrusted(EnhancingX509ExtendedTrustManager.java:77)
	at java.base/sun.security.ssl.CertificateMessage$T13CertificateConsumer.checkClientCerts(CertificateMessage.java:1210)
	... 30 more
Caused by: java.security.cert.CertPathValidatorException: validity check failed
	at java.base/sun.security.provider.certpath.PKIXMasterCertPathValidator.validate(PKIXMasterCertPathValidator.java:135)
	at java.base/sun.security.provider.certpath.PKIXCertPathValidator.validate(PKIXCertPathValidator.java:224)
	at java.base/sun.security.provider.certpath.PKIXCertPathValidator.validate(PKIXCertPathValidator.java:144)
	at java.base/sun.security.provider.certpath.PKIXCertPathValidator.engineValidate(PKIXCertPathValidator.java:83)
	at java.base/java.security.cert.CertPathValidator.validate(CertPathValidator.java:309)
	at java.base/sun.security.validator.PKIXValidator.doValidate(PKIXValidator.java:313)
	... 36 more
Caused by: java.security.cert.CertificateExpiredException: NotAfter: Tue Jan 02 01:00:00 CET 2024
	at java.base/sun.security.x509.CertificateValidity.valid(CertificateValidity.java:182)
	at java.base/sun.security.x509.X509CertImpl.checkValidity(X509CertImpl.java:534)
	at java.base/sun.security.provider.certpath.BasicChecker.verifyValidity(BasicChecker.java:190)
	at java.base/sun.security.provider.certpath.BasicChecker.check(BasicChecker.java:144)
	at java.base/sun.security.provider.certpath.PKIXMasterCertPathValidator.validate(PKIXMasterCertPathValidator.java:125)
	... 41 more
[2026-08-08T16:32:15,105][INFO ][org.logstash.beats.BeatsHandler][beats-tls][cea61c76cb89e8de1c33fda45ab2b43ef03d0a587a2da8dd49b947033416f5e3] [local: 192.168.1.56:5044, remote: 192.168.1.55:45512] Handling exception: io.netty.handler.codec.DecoderException: javax.net.ssl.SSLHandshakeException: (certificate_unknown) PKIX path validation failed: java.security.cert.CertPathValidatorException: validity check failed (caused by: java.security.cert.CertificateExpiredException: NotAfter: Tue Jan 02 01:00:00 CET 2024)
[2026-08-08T16:32:15,106][WARN ][io.netty.channel.DefaultChannelPipeline][beats-tls][cea61c76cb89e8de1c33fda45ab2b43ef03d0a587a2da8dd49b947033416f5e3] An exceptionCaught() event was fired, and it reached at the tail of the pipeline. It usually means the last handler in the pipeline did not handle the exception.
io.netty.handler.codec.DecoderException: javax.net.ssl.SSLHandshakeException: (certificate_unknown) PKIX path validation failed: java.security.cert.CertPathValidatorException: validity check failed
	at io.netty.handler.codec.ByteToMessageDecoder.callDecode(ByteToMessageDecoder.java:515)
	at io.netty.handler.codec.ByteToMessageDecoder.channelRead(ByteToMessageDecoder.java:296)
	at io.netty.channel.AbstractChannelHandlerContext.invokeChannelRead(AbstractChannelHandlerContext.java:444)
	at io.netty.channel.AbstractChannelHandlerContext.invokeChannelRead(AbstractChannelHandlerContext.java:420)
	at io.netty.channel.AbstractChannelHandlerContext.fireChannelRead(AbstractChannelHandlerContext.java:412)
	at io.netty.channel.DefaultChannelPipeline$HeadContext.channelRead(DefaultChannelPipeline.java:1357)
	at io.netty.channel.AbstractChannelHandlerContext.invokeChannelRead(AbstractChannelHandlerContext.java:440)
	at io.netty.channel.AbstractChannelHandlerContext.invokeChannelRead(AbstractChannelHandlerContext.java:420)
	at io.netty.channel.DefaultChannelPipeline.fireChannelRead(DefaultChannelPipeline.java:868)
	at io.netty.channel.nio.AbstractNioByteChannel$NioByteUnsafe.read(AbstractNioByteChannel.java:171)
	at io.netty.channel.nio.NioEventLoop.processSelectedKey(NioEventLoop.java:796)
	at io.netty.channel.nio.NioEventLoop.processSelectedKeysOptimized(NioEventLoop.java:732)
	at io.netty.channel.nio.NioEventLoop.processSelectedKeys(NioEventLoop.java:658)
	at io.netty.channel.nio.NioEventLoop.run(NioEventLoop.java:562)
	at io.netty.util.concurrent.SingleThreadEventExecutor$4.run(SingleThreadEventExecutor.java:998)
	at io.netty.util.internal.ThreadExecutorMap$2.run(ThreadExecutorMap.java:74)
	at java.base/java.lang.Thread.run(Thread.java:1583)
Caused by: javax.net.ssl.SSLHandshakeException: (certificate_unknown) PKIX path validation failed: java.security.cert.CertPathValidatorException: validity check failed
	at java.base/sun.security.ssl.Alert.createSSLException(Alert.java:130)
	at java.base/sun.security.ssl.TransportContext.fatal(TransportContext.java:383)
	at java.base/sun.security.ssl.TransportContext.fatal(TransportContext.java:326)
	at java.base/sun.security.ssl.TransportContext.fatal(TransportContext.java:321)
	at java.base/sun.security.ssl.CertificateMessage$T13CertificateConsumer.checkClientCerts(CertificateMessage.java:1232)
	at java.base/sun.security.ssl.CertificateMessage$T13CertificateConsumer.onConsumeCertificate(CertificateMessage.java:1136)
	at java.base/sun.security.ssl.CertificateMessage$T13CertificateConsumer.consume(CertificateMessage.java:1113)
	at java.base/sun.security.ssl.SSLHandshake.consume(SSLHandshake.java:393)
	at java.base/sun.security.ssl.HandshakeContext.dispatch(HandshakeContext.java:477)
	at java.base/sun.security.ssl.SSLEngineImpl$DelegatedTask$DelegatedAction.run(SSLEngineImpl.java:1274)
	at java.base/sun.security.ssl.SSLEngineImpl$DelegatedTask$DelegatedAction.run(SSLEngineImpl.java:1261)
	at java.base/java.security.AccessController.doPrivileged(AccessController.java:714)
	at java.base/sun.security.ssl.SSLEngineImpl$DelegatedTask.run(SSLEngineImpl.java:1206)
	at io.netty.handler.ssl.SslHandler.runDelegatedTasks(SslHandler.java:1695)
	at io.netty.handler.ssl.SslHandler.unwrap(SslHandler.java:1541)
	at io.netty.handler.ssl.SslHandler.decodeJdkCompatible(SslHandler.java:1377)
	at io.netty.handler.ssl.SslHandler.decode(SslHandler.java:1428)
	at io.netty.handler.codec.ByteToMessageDecoder.decodeRemovalReentryProtection(ByteToMessageDecoder.java:545)
	at io.netty.handler.codec.ByteToMessageDecoder.callDecode(ByteToMessageDecoder.java:484)
	... 16 more
Caused by: sun.security.validator.ValidatorException: PKIX path validation failed: java.security.cert.CertPathValidatorException: validity check failed
	at java.base/sun.security.validator.PKIXValidator.doValidate(PKIXValidator.java:318)
	at java.base/sun.security.validator.PKIXValidator.engineValidate(PKIXValidator.java:267)
	at java.base/sun.security.validator.Validator.validate(Validator.java:256)
	at java.base/sun.security.ssl.X509TrustManagerImpl.checkTrusted(X509TrustManagerImpl.java:284)
	at java.base/sun.security.ssl.X509TrustManagerImpl.checkClientTrusted(X509TrustManagerImpl.java:138)
	at io.netty.handler.ssl.EnhancingX509ExtendedTrustManager.checkClientTrusted(EnhancingX509ExtendedTrustManager.java:77)
	at java.base/sun.security.ssl.CertificateMessage$T13CertificateConsumer.checkClientCerts(CertificateMessage.java:1210)
	... 30 more
Caused by: java.security.cert.CertPathValidatorException: validity check failed
	at java.base/sun.security.provider.certpath.PKIXMasterCertPathValidator.validate(PKIXMasterCertPathValidator.java:135)
	at java.base/sun.security.provider.certpath.PKIXCertPathValidator.validate(PKIXCertPathValidator.java:224)
	at java.base/sun.security.provider.certpath.PKIXCertPathValidator.validate(PKIXCertPathValidator.java:144)
	at java.base/sun.security.provider.certpath.PKIXCertPathValidator.engineValidate(PKIXCertPathValidator.java:83)
	at java.base/java.security.cert.CertPathValidator.validate(CertPathValidator.java:309)
	at java.base/sun.security.validator.PKIXValidator.doValidate(PKIXValidator.java:313)
	... 36 more
Caused by: java.security.cert.CertificateExpiredException: NotAfter: Tue Jan 02 01:00:00 CET 2024
	at java.base/sun.security.x509.CertificateValidity.valid(CertificateValidity.java:182)
	at java.base/sun.security.x509.X509CertImpl.checkValidity(X509CertImpl.java:534)
	at java.base/sun.security.provider.certpath.BasicChecker.verifyValidity(BasicChecker.java:190)
	at java.base/sun.security.provider.certpath.BasicChecker.check(BasicChecker.java:144)
	at java.base/sun.security.provider.certpath.PKIXMasterCertPathValidator.validate(PKIXMasterCertPathValidator.java:125)
	... 41 more
[2026-08-08T16:32:16,925][INFO ][org.logstash.beats.BeatsHandler][beats-tls][cea61c76cb89e8de1c33fda45ab2b43ef03d0a587a2da8dd49b947033416f5e3] [local: 192.168.1.56:5044, remote: 192.168.1.55:45524] Handling exception: io.netty.handler.codec.DecoderException: javax.net.ssl.SSLHandshakeException: (certificate_unknown) PKIX path validation failed: java.security.cert.CertPathValidatorException: validity check failed (caused by: java.security.cert.CertificateExpiredException: NotAfter: Tue Jan 02 01:00:00 CET 2024)
[2026-08-08T16:32:16,926][WARN ][io.netty.channel.DefaultChannelPipeline][beats-tls][cea61c76cb89e8de1c33fda45ab2b43ef03d0a587a2da8dd49b947033416f5e3] An exceptionCaught() event was fired, and it reached at the tail of the pipeline. It usually means the last handler in the pipeline did not handle the exception.
io.netty.handler.codec.DecoderException: javax.net.ssl.SSLHandshakeException: (certificate_unknown) PKIX path validation failed: java.security.cert.CertPathValidatorException: validity check failed
	at io.netty.handler.codec.ByteToMessageDecoder.callDecode(ByteToMessageDecoder.java:515)
	at io.netty.handler.codec.ByteToMessageDecoder.channelRead(ByteToMessageDecoder.java:296)
	at io.netty.channel.AbstractChannelHandlerContext.invokeChannelRead(AbstractChannelHandlerContext.java:444)
	at io.netty.channel.AbstractChannelHandlerContext.invokeChannelRead(AbstractChannelHandlerContext.java:420)
	at io.netty.channel.AbstractChannelHandlerContext.fireChannelRead(AbstractChannelHandlerContext.java:412)
	at io.netty.channel.DefaultChannelPipeline$HeadContext.channelRead(DefaultChannelPipeline.java:1357)
	at io.netty.channel.AbstractChannelHandlerContext.invokeChannelRead(AbstractChannelHandlerContext.java:440)
	at io.netty.channel.AbstractChannelHandlerContext.invokeChannelRead(AbstractChannelHandlerContext.java:420)
	at io.netty.channel.DefaultChannelPipeline.fireChannelRead(DefaultChannelPipeline.java:868)
	at io.netty.channel.nio.AbstractNioByteChannel$NioByteUnsafe.read(AbstractNioByteChannel.java:171)
	at io.netty.channel.nio.NioEventLoop.processSelectedKey(NioEventLoop.java:796)
	at io.netty.channel.nio.NioEventLoop.processSelectedKeysOptimized(NioEventLoop.java:732)
	at io.netty.channel.nio.NioEventLoop.processSelectedKeys(NioEventLoop.java:658)
	at io.netty.channel.nio.NioEventLoop.run(NioEventLoop.java:562)
	at io.netty.util.concurrent.SingleThreadEventExecutor$4.run(SingleThreadEventExecutor.java:998)
	at io.netty.util.internal.ThreadExecutorMap$2.run(ThreadExecutorMap.java:74)
	at java.base/java.lang.Thread.run(Thread.java:1583)
Caused by: javax.net.ssl.SSLHandshakeException: (certificate_unknown) PKIX path validation failed: java.security.cert.CertPathValidatorException: validity check failed
	at java.base/sun.security.ssl.Alert.createSSLException(Alert.java:130)
	at java.base/sun.security.ssl.TransportContext.fatal(TransportContext.java:383)
	at java.base/sun.security.ssl.TransportContext.fatal(TransportContext.java:326)
	at java.base/sun.security.ssl.TransportContext.fatal(TransportContext.java:321)
	at java.base/sun.security.ssl.CertificateMessage$T13CertificateConsumer.checkClientCerts(CertificateMessage.java:1232)
	at java.base/sun.security.ssl.CertificateMessage$T13CertificateConsumer.onConsumeCertificate(CertificateMessage.java:1136)
	at java.base/sun.security.ssl.CertificateMessage$T13CertificateConsumer.consume(CertificateMessage.java:1113)
	at java.base/sun.security.ssl.SSLHandshake.consume(SSLHandshake.java:393)
	at java.base/sun.security.ssl.HandshakeContext.dispatch(HandshakeContext.java:477)
	at java.base/sun.security.ssl.SSLEngineImpl$DelegatedTask$DelegatedAction.run(SSLEngineImpl.java:1274)
	at java.base/sun.security.ssl.SSLEngineImpl$DelegatedTask$DelegatedAction.run(SSLEngineImpl.java:1261)
	at java.base/java.security.AccessController.doPrivileged(AccessController.java:714)
	at java.base/sun.security.ssl.SSLEngineImpl$DelegatedTask.run(SSLEngineImpl.java:1206)
	at io.netty.handler.ssl.SslHandler.runDelegatedTasks(SslHandler.java:1695)
	at io.netty.handler.ssl.SslHandler.unwrap(SslHandler.java:1541)
	at io.netty.handler.ssl.SslHandler.decodeJdkCompatible(SslHandler.java:1377)
	at io.netty.handler.ssl.SslHandler.decode(SslHandler.java:1428)
	at io.netty.handler.codec.ByteToMessageDecoder.decodeRemovalReentryProtection(ByteToMessageDecoder.java:545)
	at io.netty.handler.codec.ByteToMessageDecoder.callDecode(ByteToMessageDecoder.java:484)
	... 16 more
Caused by: sun.security.validator.ValidatorException: PKIX path validation failed: java.security.cert.CertPathValidatorException: validity check failed
	at java.base/sun.security.validator.PKIXValidator.doValidate(PKIXValidator.java:318)
	at java.base/sun.security.validator.PKIXValidator.engineValidate(PKIXValidator.java:267)
	at java.base/sun.security.validator.Validator.validate(Validator.java:256)
	at java.base/sun.security.ssl.X509TrustManagerImpl.checkTrusted(X509TrustManagerImpl.java:284)
	at java.base/sun.security.ssl.X509TrustManagerImpl.checkClientTrusted(X509TrustManagerImpl.java:138)
	at io.netty.handler.ssl.EnhancingX509ExtendedTrustManager.checkClientTrusted(EnhancingX509ExtendedTrustManager.java:77)
	at java.base/sun.security.ssl.CertificateMessage$T13CertificateConsumer.checkClientCerts(CertificateMessage.java:1210)
	... 30 more
Caused by: java.security.cert.CertPathValidatorException: validity check failed
	at java.base/sun.security.provider.certpath.PKIXMasterCertPathValidator.validate(PKIXMasterCertPathValidator.java:135)
	at java.base/sun.security.provider.certpath.PKIXCertPathValidator.validate(PKIXCertPathValidator.java:224)
	at java.base/sun.security.provider.certpath.PKIXCertPathValidator.validate(PKIXCertPathValidator.java:144)
	at java.base/sun.security.provider.certpath.PKIXCertPathValidator.engineValidate(PKIXCertPathValidator.java:83)
	at java.base/java.security.cert.CertPathValidator.validate(CertPathValidator.java:309)
	at java.base/sun.security.validator.PKIXValidator.doValidate(PKIXValidator.java:313)
	... 36 more
Caused by: java.security.cert.CertificateExpiredException: NotAfter: Tue Jan 02 01:00:00 CET 2024
	at java.base/sun.security.x509.CertificateValidity.valid(CertificateValidity.java:182)
	at java.base/sun.security.x509.X509CertImpl.checkValidity(X509CertImpl.java:534)
	at java.base/sun.security.provider.certpath.BasicChecker.verifyValidity(BasicChecker.java:190)
	at java.base/sun.security.provider.certpath.BasicChecker.check(BasicChecker.java:144)
	at java.base/sun.security.provider.certpath.PKIXMasterCertPathValidator.validate(PKIXMasterCertPathValidator.java:125)
	... 41 more
[2026-08-08T16:32:20,872][INFO ][org.logstash.beats.BeatsHandler][beats-tls][cea61c76cb89e8de1c33fda45ab2b43ef03d0a587a2da8dd49b947033416f5e3] [local: 192.168.1.56:5044, remote: 192.168.1.55:52682] Handling exception: io.netty.handler.codec.DecoderException: javax.net.ssl.SSLHandshakeException: (certificate_unknown) PKIX path validation failed: java.security.cert.CertPathValidatorException: validity check failed (caused by: java.security.cert.CertificateExpiredException: NotAfter: Tue Jan 02 01:00:00 CET 2024)
[2026-08-08T16:32:20,874][WARN ][io.netty.channel.DefaultChannelPipeline][beats-tls][cea61c76cb89e8de1c33fda45ab2b43ef03d0a587a2da8dd49b947033416f5e3] An exceptionCaught() event was fired, and it reached at the tail of the pipeline. It usually means the last handler in the pipeline did not handle the exception.
io.netty.handler.codec.DecoderException: javax.net.ssl.SSLHandshakeException: (certificate_unknown) PKIX path validation failed: java.security.cert.CertPathValidatorException: validity check failed
	at io.netty.handler.codec.ByteToMessageDecoder.callDecode(ByteToMessageDecoder.java:515)
	at io.netty.handler.codec.ByteToMessageDecoder.channelRead(ByteToMessageDecoder.java:296)
	at io.netty.channel.AbstractChannelHandlerContext.invokeChannelRead(AbstractChannelHandlerContext.java:444)
	at io.netty.channel.AbstractChannelHandlerContext.invokeChannelRead(AbstractChannelHandlerContext.java:420)
	at io.netty.channel.AbstractChannelHandlerContext.fireChannelRead(AbstractChannelHandlerContext.java:412)
	at io.netty.channel.DefaultChannelPipeline$HeadContext.channelRead(DefaultChannelPipeline.java:1357)
	at io.netty.channel.AbstractChannelHandlerContext.invokeChannelRead(AbstractChannelHandlerContext.java:440)
	at io.netty.channel.AbstractChannelHandlerContext.invokeChannelRead(AbstractChannelHandlerContext.java:420)
	at io.netty.channel.DefaultChannelPipeline.fireChannelRead(DefaultChannelPipeline.java:868)
	at io.netty.channel.nio.AbstractNioByteChannel$NioByteUnsafe.read(AbstractNioByteChannel.java:171)
	at io.netty.channel.nio.NioEventLoop.processSelectedKey(NioEventLoop.java:796)
	at io.netty.channel.nio.NioEventLoop.processSelectedKeysOptimized(NioEventLoop.java:732)
	at io.netty.channel.nio.NioEventLoop.processSelectedKeys(NioEventLoop.java:658)
	at io.netty.channel.nio.NioEventLoop.run(NioEventLoop.java:562)
	at io.netty.util.concurrent.SingleThreadEventExecutor$4.run(SingleThreadEventExecutor.java:998)
	at io.netty.util.internal.ThreadExecutorMap$2.run(ThreadExecutorMap.java:74)
	at java.base/java.lang.Thread.run(Thread.java:1583)
Caused by: javax.net.ssl.SSLHandshakeException: (certificate_unknown) PKIX path validation failed: java.security.cert.CertPathValidatorException: validity check failed
	at java.base/sun.security.ssl.Alert.createSSLException(Alert.java:130)
	at java.base/sun.security.ssl.TransportContext.fatal(TransportContext.java:383)
	at java.base/sun.security.ssl.TransportContext.fatal(TransportContext.java:326)
	at java.base/sun.security.ssl.TransportContext.fatal(TransportContext.java:321)
	at java.base/sun.security.ssl.CertificateMessage$T13CertificateConsumer.checkClientCerts(CertificateMessage.java:1232)
	at java.base/sun.security.ssl.CertificateMessage$T13CertificateConsumer.onConsumeCertificate(CertificateMessage.java:1136)
	at java.base/sun.security.ssl.CertificateMessage$T13CertificateConsumer.consume(CertificateMessage.java:1113)
	at java.base/sun.security.ssl.SSLHandshake.consume(SSLHandshake.java:393)
	at java.base/sun.security.ssl.HandshakeContext.dispatch(HandshakeContext.java:477)
	at java.base/sun.security.ssl.SSLEngineImpl$DelegatedTask$DelegatedAction.run(SSLEngineImpl.java:1274)
	at java.base/sun.security.ssl.SSLEngineImpl$DelegatedTask$DelegatedAction.run(SSLEngineImpl.java:1261)
	at java.base/java.security.AccessController.doPrivileged(AccessController.java:714)
	at java.base/sun.security.ssl.SSLEngineImpl$DelegatedTask.run(SSLEngineImpl.java:1206)
	at io.netty.handler.ssl.SslHandler.runDelegatedTasks(SslHandler.java:1695)
	at io.netty.handler.ssl.SslHandler.unwrap(SslHandler.java:1541)
	at io.netty.handler.ssl.SslHandler.decodeJdkCompatible(SslHandler.java:1377)
	at io.netty.handler.ssl.SslHandler.decode(SslHandler.java:1428)
	at io.netty.handler.codec.ByteToMessageDecoder.decodeRemovalReentryProtection(ByteToMessageDecoder.java:545)
	at io.netty.handler.codec.ByteToMessageDecoder.callDecode(ByteToMessageDecoder.java:484)
	... 16 more
Caused by: sun.security.validator.ValidatorException: PKIX path validation failed: java.security.cert.CertPathValidatorException: validity check failed
	at java.base/sun.security.validator.PKIXValidator.doValidate(PKIXValidator.java:318)
	at java.base/sun.security.validator.PKIXValidator.engineValidate(PKIXValidator.java:267)
	at java.base/sun.security.validator.Validator.validate(Validator.java:256)
	at java.base/sun.security.ssl.X509TrustManagerImpl.checkTrusted(X509TrustManagerImpl.java:284)
	at java.base/sun.security.ssl.X509TrustManagerImpl.checkClientTrusted(X509TrustManagerImpl.java:138)
	at io.netty.handler.ssl.EnhancingX509ExtendedTrustManager.checkClientTrusted(EnhancingX509ExtendedTrustManager.java:77)
	at java.base/sun.security.ssl.CertificateMessage$T13CertificateConsumer.checkClientCerts(CertificateMessage.java:1210)
	... 30 more
Caused by: java.security.cert.CertPathValidatorException: validity check failed
	at java.base/sun.security.provider.certpath.PKIXMasterCertPathValidator.validate(PKIXMasterCertPathValidator.java:135)
	at java.base/sun.security.provider.certpath.PKIXCertPathValidator.validate(PKIXCertPathValidator.java:224)
	at java.base/sun.security.provider.certpath.PKIXCertPathValidator.validate(PKIXCertPathValidator.java:144)
	at java.base/sun.security.provider.certpath.PKIXCertPathValidator.engineValidate(PKIXCertPathValidator.java:83)
	at java.base/java.security.cert.CertPathValidator.validate(CertPathValidator.java:309)
	at java.base/sun.security.validator.PKIXValidator.doValidate(PKIXValidator.java:313)
	... 36 more
Caused by: java.security.cert.CertificateExpiredException: NotAfter: Tue Jan 02 01:00:00 CET 2024
	at java.base/sun.security.x509.CertificateValidity.valid(CertificateValidity.java:182)
	at java.base/sun.security.x509.X509CertImpl.checkValidity(X509CertImpl.java:534)
	at java.base/sun.security.provider.certpath.BasicChecker.verifyValidity(BasicChecker.java:190)
	at java.base/sun.security.provider.certpath.BasicChecker.check(BasicChecker.java:144)
	at java.base/sun.security.provider.certpath.PKIXMasterCertPathValidator.validate(PKIXMasterCertPathValidator.java:125)
	... 41 more
[2026-08-08T16:32:22,208][INFO ][org.logstash.beats.BeatsHandler][beats-tls][cea61c76cb89e8de1c33fda45ab2b43ef03d0a587a2da8dd49b947033416f5e3] [local: 192.168.1.56:5044, remote: 192.168.1.55:52686] Handling exception: io.netty.handler.codec.DecoderException: javax.net.ssl.SSLHandshakeException: (certificate_unknown) PKIX path validation failed: java.security.cert.CertPathValidatorException: validity check failed (caused by: java.security.cert.CertificateExpiredException: NotAfter: Tue Jan 02 01:00:00 CET 2024)
[2026-08-08T16:32:22,209][WARN ][io.netty.channel.DefaultChannelPipeline][beats-tls][cea61c76cb89e8de1c33fda45ab2b43ef03d0a587a2da8dd49b947033416f5e3] An exceptionCaught() event was fired, and it reached at the tail of the pipeline. It usually means the last handler in the pipeline did not handle the exception.
io.netty.handler.codec.DecoderException: javax.net.ssl.SSLHandshakeException: (certificate_unknown) PKIX path validation failed: java.security.cert.CertPathValidatorException: validity check failed
	at io.netty.handler.codec.ByteToMessageDecoder.callDecode(ByteToMessageDecoder.java:515)
	at io.netty.handler.codec.ByteToMessageDecoder.channelRead(ByteToMessageDecoder.java:296)
	at io.netty.channel.AbstractChannelHandlerContext.invokeChannelRead(AbstractChannelHandlerContext.java:444)
	at io.netty.channel.AbstractChannelHandlerContext.invokeChannelRead(AbstractChannelHandlerContext.java:420)
	at io.netty.channel.AbstractChannelHandlerContext.fireChannelRead(AbstractChannelHandlerContext.java:412)
	at io.netty.channel.DefaultChannelPipeline$HeadContext.channelRead(DefaultChannelPipeline.java:1357)
	at io.netty.channel.AbstractChannelHandlerContext.invokeChannelRead(AbstractChannelHandlerContext.java:440)
	at io.netty.channel.AbstractChannelHandlerContext.invokeChannelRead(AbstractChannelHandlerContext.java:420)
	at io.netty.channel.DefaultChannelPipeline.fireChannelRead(DefaultChannelPipeline.java:868)
	at io.netty.channel.nio.AbstractNioByteChannel$NioByteUnsafe.read(AbstractNioByteChannel.java:171)
	at io.netty.channel.nio.NioEventLoop.processSelectedKey(NioEventLoop.java:796)
	at io.netty.channel.nio.NioEventLoop.processSelectedKeysOptimized(NioEventLoop.java:732)
	at io.netty.channel.nio.NioEventLoop.processSelectedKeys(NioEventLoop.java:658)
	at io.netty.channel.nio.NioEventLoop.run(NioEventLoop.java:562)
	at io.netty.util.concurrent.SingleThreadEventExecutor$4.run(SingleThreadEventExecutor.java:998)
	at io.netty.util.internal.ThreadExecutorMap$2.run(ThreadExecutorMap.java:74)
	at java.base/java.lang.Thread.run(Thread.java:1583)
Caused by: javax.net.ssl.SSLHandshakeException: (certificate_unknown) PKIX path validation failed: java.security.cert.CertPathValidatorException: validity check failed
	at java.base/sun.security.ssl.Alert.createSSLException(Alert.java:130)
	at java.base/sun.security.ssl.TransportContext.fatal(TransportContext.java:383)
	at java.base/sun.security.ssl.TransportContext.fatal(TransportContext.java:326)
	at java.base/sun.security.ssl.TransportContext.fatal(TransportContext.java:321)
	at java.base/sun.security.ssl.CertificateMessage$T13CertificateConsumer.checkClientCerts(CertificateMessage.java:1232)
	at java.base/sun.security.ssl.CertificateMessage$T13CertificateConsumer.onConsumeCertificate(CertificateMessage.java:1136)
	at java.base/sun.security.ssl.CertificateMessage$T13CertificateConsumer.consume(CertificateMessage.java:1113)
	at java.base/sun.security.ssl.SSLHandshake.consume(SSLHandshake.java:393)
	at java.base/sun.security.ssl.HandshakeContext.dispatch(HandshakeContext.java:477)
	at java.base/sun.security.ssl.SSLEngineImpl$DelegatedTask$DelegatedAction.run(SSLEngineImpl.java:1274)
	at java.base/sun.security.ssl.SSLEngineImpl$DelegatedTask$DelegatedAction.run(SSLEngineImpl.java:1261)
	at java.base/java.security.AccessController.doPrivileged(AccessController.java:714)
	at java.base/sun.security.ssl.SSLEngineImpl$DelegatedTask.run(SSLEngineImpl.java:1206)
	at io.netty.handler.ssl.SslHandler.runDelegatedTasks(SslHandler.java:1695)
	at io.netty.handler.ssl.SslHandler.unwrap(SslHandler.java:1541)
	at io.netty.handler.ssl.SslHandler.decodeJdkCompatible(SslHandler.java:1377)
	at io.netty.handler.ssl.SslHandler.decode(SslHandler.java:1428)
	at io.netty.handler.codec.ByteToMessageDecoder.decodeRemovalReentryProtection(ByteToMessageDecoder.java:545)
	at io.netty.handler.codec.ByteToMessageDecoder.callDecode(ByteToMessageDecoder.java:484)
	... 16 more
Caused by: sun.security.validator.ValidatorException: PKIX path validation failed: java.security.cert.CertPathValidatorException: validity check failed
	at java.base/sun.security.validator.PKIXValidator.doValidate(PKIXValidator.java:318)
	at java.base/sun.security.validator.PKIXValidator.engineValidate(PKIXValidator.java:267)
	at java.base/sun.security.validator.Validator.validate(Validator.java:256)
	at java.base/sun.security.ssl.X509TrustManagerImpl.checkTrusted(X509TrustManagerImpl.java:284)
	at java.base/sun.security.ssl.X509TrustManagerImpl.checkClientTrusted(X509TrustManagerImpl.java:138)
	at io.netty.handler.ssl.EnhancingX509ExtendedTrustManager.checkClientTrusted(EnhancingX509ExtendedTrustManager.java:77)
	at java.base/sun.security.ssl.CertificateMessage$T13CertificateConsumer.checkClientCerts(CertificateMessage.java:1210)
	... 30 more
Caused by: java.security.cert.CertPathValidatorException: validity check failed
	at java.base/sun.security.provider.certpath.PKIXMasterCertPathValidator.validate(PKIXMasterCertPathValidator.java:135)
	at java.base/sun.security.provider.certpath.PKIXCertPathValidator.validate(PKIXCertPathValidator.java:224)
	at java.base/sun.security.provider.certpath.PKIXCertPathValidator.validate(PKIXCertPathValidator.java:144)
	at java.base/sun.security.provider.certpath.PKIXCertPathValidator.engineValidate(PKIXCertPathValidator.java:83)
	at java.base/java.security.cert.CertPathValidator.validate(CertPathValidator.java:309)
	at java.base/sun.security.validator.PKIXValidator.doValidate(PKIXValidator.java:313)
	... 36 more
Caused by: java.security.cert.CertificateExpiredException: NotAfter: Tue Jan 02 01:00:00 CET 2024
	at java.base/sun.security.x509.CertificateValidity.valid(CertificateValidity.java:182)
	at java.base/sun.security.x509.X509CertImpl.checkValidity(X509CertImpl.java:534)
	at java.base/sun.security.provider.certpath.BasicChecker.verifyValidity(BasicChecker.java:190)
	at java.base/sun.security.provider.certpath.BasicChecker.check(BasicChecker.java:144)
	at java.base/sun.security.provider.certpath.PKIXMasterCertPathValidator.validate(PKIXMasterCertPathValidator.java:125)
	... 41 more
[2026-08-08T16:32:23,895][INFO ][org.logstash.beats.BeatsHandler][beats-tls][cea61c76cb89e8de1c33fda45ab2b43ef03d0a587a2da8dd49b947033416f5e3] [local: 192.168.1.56:5044, remote: 192.168.1.55:52692] Handling exception: io.netty.handler.codec.DecoderException: javax.net.ssl.SSLHandshakeException: (certificate_unknown) PKIX path validation failed: java.security.cert.CertPathValidatorException: validity check failed (caused by: java.security.cert.CertificateExpiredException: NotAfter: Tue Jan 02 01:00:00 CET 2024)
[2026-08-08T16:32:23,896][WARN ][io.netty.channel.DefaultChannelPipeline][beats-tls][cea61c76cb89e8de1c33fda45ab2b43ef03d0a587a2da8dd49b947033416f5e3] An exceptionCaught() event was fired, and it reached at the tail of the pipeline. It usually means the last handler in the pipeline did not handle the exception.
io.netty.handler.codec.DecoderException: javax.net.ssl.SSLHandshakeException: (certificate_unknown) PKIX path validation failed: java.security.cert.CertPathValidatorException: validity check failed
	at io.netty.handler.codec.ByteToMessageDecoder.callDecode(ByteToMessageDecoder.java:515)
	at io.netty.handler.codec.ByteToMessageDecoder.channelRead(ByteToMessageDecoder.java:296)
	at io.netty.channel.AbstractChannelHandlerContext.invokeChannelRead(AbstractChannelHandlerContext.java:444)
	at io.netty.channel.AbstractChannelHandlerContext.invokeChannelRead(AbstractChannelHandlerContext.java:420)
	at io.netty.channel.AbstractChannelHandlerContext.fireChannelRead(AbstractChannelHandlerContext.java:412)
	at io.netty.channel.DefaultChannelPipeline$HeadContext.channelRead(DefaultChannelPipeline.java:1357)
	at io.netty.channel.AbstractChannelHandlerContext.invokeChannelRead(AbstractChannelHandlerContext.java:440)
	at io.netty.channel.AbstractChannelHandlerContext.invokeChannelRead(AbstractChannelHandlerContext.java:420)
	at io.netty.channel.DefaultChannelPipeline.fireChannelRead(DefaultChannelPipeline.java:868)
	at io.netty.channel.nio.AbstractNioByteChannel$NioByteUnsafe.read(AbstractNioByteChannel.java:171)
	at io.netty.channel.nio.NioEventLoop.processSelectedKey(NioEventLoop.java:796)
	at io.netty.channel.nio.NioEventLoop.processSelectedKeysOptimized(NioEventLoop.java:732)
	at io.netty.channel.nio.NioEventLoop.processSelectedKeys(NioEventLoop.java:658)
	at io.netty.channel.nio.NioEventLoop.run(NioEventLoop.java:562)
	at io.netty.util.concurrent.SingleThreadEventExecutor$4.run(SingleThreadEventExecutor.java:998)
	at io.netty.util.internal.ThreadExecutorMap$2.run(ThreadExecutorMap.java:74)
	at java.base/java.lang.Thread.run(Thread.java:1583)
Caused by: javax.net.ssl.SSLHandshakeException: (certificate_unknown) PKIX path validation failed: java.security.cert.CertPathValidatorException: validity check failed
	at java.base/sun.security.ssl.Alert.createSSLException(Alert.java:130)
	at java.base/sun.security.ssl.TransportContext.fatal(TransportContext.java:383)
	at java.base/sun.security.ssl.TransportContext.fatal(TransportContext.java:326)
	at java.base/sun.security.ssl.TransportContext.fatal(TransportContext.java:321)
	at java.base/sun.security.ssl.CertificateMessage$T13CertificateConsumer.checkClientCerts(CertificateMessage.java:1232)
	at java.base/sun.security.ssl.CertificateMessage$T13CertificateConsumer.onConsumeCertificate(CertificateMessage.java:1136)
	at java.base/sun.security.ssl.CertificateMessage$T13CertificateConsumer.consume(CertificateMessage.java:1113)
	at java.base/sun.security.ssl.SSLHandshake.consume(SSLHandshake.java:393)
	at java.base/sun.security.ssl.HandshakeContext.dispatch(HandshakeContext.java:477)
	at java.base/sun.security.ssl.SSLEngineImpl$DelegatedTask$DelegatedAction.run(SSLEngineImpl.java:1274)
	at java.base/sun.security.ssl.SSLEngineImpl$DelegatedTask$DelegatedAction.run(SSLEngineImpl.java:1261)
	at java.base/java.security.AccessController.doPrivileged(AccessController.java:714)
	at java.base/sun.security.ssl.SSLEngineImpl$DelegatedTask.run(SSLEngineImpl.java:1206)
	at io.netty.handler.ssl.SslHandler.runDelegatedTasks(SslHandler.java:1695)
	at io.netty.handler.ssl.SslHandler.unwrap(SslHandler.java:1541)
	at io.netty.handler.ssl.SslHandler.decodeJdkCompatible(SslHandler.java:1377)
	at io.netty.handler.ssl.SslHandler.decode(SslHandler.java:1428)
	at io.netty.handler.codec.ByteToMessageDecoder.decodeRemovalReentryProtection(ByteToMessageDecoder.java:545)
	at io.netty.handler.codec.ByteToMessageDecoder.callDecode(ByteToMessageDecoder.java:484)
	... 16 more
Caused by: sun.security.validator.ValidatorException: PKIX path validation failed: java.security.cert.CertPathValidatorException: validity check failed
	at java.base/sun.security.validator.PKIXValidator.doValidate(PKIXValidator.java:318)
	at java.base/sun.security.validator.PKIXValidator.engineValidate(PKIXValidator.java:267)
	at java.base/sun.security.validator.Validator.validate(Validator.java:256)
	at java.base/sun.security.ssl.X509TrustManagerImpl.checkTrusted(X509TrustManagerImpl.java:284)
	at java.base/sun.security.ssl.X509TrustManagerImpl.checkClientTrusted(X509TrustManagerImpl.java:138)
	at io.netty.handler.ssl.EnhancingX509ExtendedTrustManager.checkClientTrusted(EnhancingX509ExtendedTrustManager.java:77)
	at java.base/sun.security.ssl.CertificateMessage$T13CertificateConsumer.checkClientCerts(CertificateMessage.java:1210)
	... 30 more
Caused by: java.security.cert.CertPathValidatorException: validity check failed
	at java.base/sun.security.provider.certpath.PKIXMasterCertPathValidator.validate(PKIXMasterCertPathValidator.java:135)
	at java.base/sun.security.provider.certpath.PKIXCertPathValidator.validate(PKIXCertPathValidator.java:224)
	at java.base/sun.security.provider.certpath.PKIXCertPathValidator.validate(PKIXCertPathValidator.java:144)
	at java.base/sun.security.provider.certpath.PKIXCertPathValidator.engineValidate(PKIXCertPathValidator.java:83)
	at java.base/java.security.cert.CertPathValidator.validate(CertPathValidator.java:309)
	at java.base/sun.security.validator.PKIXValidator.doValidate(PKIXValidator.java:313)
	... 36 more
Caused by: java.security.cert.CertificateExpiredException: NotAfter: Tue Jan 02 01:00:00 CET 2024
	at java.base/sun.security.x509.CertificateValidity.valid(CertificateValidity.java:182)
	at java.base/sun.security.x509.X509CertImpl.checkValidity(X509CertImpl.java:534)
	at java.base/sun.security.provider.certpath.BasicChecker.verifyValidity(BasicChecker.java:190)
	at java.base/sun.security.provider.certpath.BasicChecker.check(BasicChecker.java:144)
	at java.base/sun.security.provider.certpath.PKIXMasterCertPathValidator.validate(PKIXMasterCertPathValidator.java:125)
	... 41 more
[2026-08-08T16:32:25,237][INFO ][org.logstash.beats.BeatsHandler][beats-tls][cea61c76cb89e8de1c33fda45ab2b43ef03d0a587a2da8dd49b947033416f5e3] [local: 192.168.1.56:5044, remote: 192.168.1.55:52702] Handling exception: io.netty.handler.codec.DecoderException: javax.net.ssl.SSLHandshakeException: (certificate_unknown) PKIX path validation failed: java.security.cert.CertPathValidatorException: validity check failed (caused by: java.security.cert.CertificateExpiredException: NotAfter: Tue Jan 02 01:00:00 CET 2024)
[2026-08-08T16:32:25,239][WARN ][io.netty.channel.DefaultChannelPipeline][beats-tls][cea61c76cb89e8de1c33fda45ab2b43ef03d0a587a2da8dd49b947033416f5e3] An exceptionCaught() event was fired, and it reached at the tail of the pipeline. It usually means the last handler in the pipeline did not handle the exception.
io.netty.handler.codec.DecoderException: javax.net.ssl.SSLHandshakeException: (certificate_unknown) PKIX path validation failed: java.security.cert.CertPathValidatorException: validity check failed
	at io.netty.handler.codec.ByteToMessageDecoder.callDecode(ByteToMessageDecoder.java:515)
	at io.netty.handler.codec.ByteToMessageDecoder.channelRead(ByteToMessageDecoder.java:296)
	at io.netty.channel.AbstractChannelHandlerContext.invokeChannelRead(AbstractChannelHandlerContext.java:444)
	at io.netty.channel.AbstractChannelHandlerContext.invokeChannelRead(AbstractChannelHandlerContext.java:420)
	at io.netty.channel.AbstractChannelHandlerContext.fireChannelRead(AbstractChannelHandlerContext.java:412)
	at io.netty.channel.DefaultChannelPipeline$HeadContext.channelRead(DefaultChannelPipeline.java:1357)
	at io.netty.channel.AbstractChannelHandlerContext.invokeChannelRead(AbstractChannelHandlerContext.java:440)
	at io.netty.channel.AbstractChannelHandlerContext.invokeChannelRead(AbstractChannelHandlerContext.java:420)
	at io.netty.channel.DefaultChannelPipeline.fireChannelRead(DefaultChannelPipeline.java:868)
	at io.netty.channel.nio.AbstractNioByteChannel$NioByteUnsafe.read(AbstractNioByteChannel.java:171)
	at io.netty.channel.nio.NioEventLoop.processSelectedKey(NioEventLoop.java:796)
	at io.netty.channel.nio.NioEventLoop.processSelectedKeysOptimized(NioEventLoop.java:732)
	at io.netty.channel.nio.NioEventLoop.processSelectedKeys(NioEventLoop.java:658)
	at io.netty.channel.nio.NioEventLoop.run(NioEventLoop.java:562)
	at io.netty.util.concurrent.SingleThreadEventExecutor$4.run(SingleThreadEventExecutor.java:998)
	at io.netty.util.internal.ThreadExecutorMap$2.run(ThreadExecutorMap.java:74)
	at java.base/java.lang.Thread.run(Thread.java:1583)
Caused by: javax.net.ssl.SSLHandshakeException: (certificate_unknown) PKIX path validation failed: java.security.cert.CertPathValidatorException: validity check failed
	at java.base/sun.security.ssl.Alert.createSSLException(Alert.java:130)
	at java.base/sun.security.ssl.TransportContext.fatal(TransportContext.java:383)
	at java.base/sun.security.ssl.TransportContext.fatal(TransportContext.java:326)
	at java.base/sun.security.ssl.TransportContext.fatal(TransportContext.java:321)
	at java.base/sun.security.ssl.CertificateMessage$T13CertificateConsumer.checkClientCerts(CertificateMessage.java:1232)
	at java.base/sun.security.ssl.CertificateMessage$T13CertificateConsumer.onConsumeCertificate(CertificateMessage.java:1136)
	at java.base/sun.security.ssl.CertificateMessage$T13CertificateConsumer.consume(CertificateMessage.java:1113)
	at java.base/sun.security.ssl.SSLHandshake.consume(SSLHandshake.java:393)
	at java.base/sun.security.ssl.HandshakeContext.dispatch(HandshakeContext.java:477)
	at java.base/sun.security.ssl.SSLEngineImpl$DelegatedTask$DelegatedAction.run(SSLEngineImpl.java:1274)
	at java.base/sun.security.ssl.SSLEngineImpl$DelegatedTask$DelegatedAction.run(SSLEngineImpl.java:1261)
	at java.base/java.security.AccessController.doPrivileged(AccessController.java:714)
	at java.base/sun.security.ssl.SSLEngineImpl$DelegatedTask.run(SSLEngineImpl.java:1206)
	at io.netty.handler.ssl.SslHandler.runDelegatedTasks(SslHandler.java:1695)
	at io.netty.handler.ssl.SslHandler.unwrap(SslHandler.java:1541)
	at io.netty.handler.ssl.SslHandler.decodeJdkCompatible(SslHandler.java:1377)
	at io.netty.handler.ssl.SslHandler.decode(SslHandler.java:1428)
	at io.netty.handler.codec.ByteToMessageDecoder.decodeRemovalReentryProtection(ByteToMessageDecoder.java:545)
	at io.netty.handler.codec.ByteToMessageDecoder.callDecode(ByteToMessageDecoder.java:484)
	... 16 more
Caused by: sun.security.validator.ValidatorException: PKIX path validation failed: java.security.cert.CertPathValidatorException: validity check failed
	at java.base/sun.security.validator.PKIXValidator.doValidate(PKIXValidator.java:318)
	at java.base/sun.security.validator.PKIXValidator.engineValidate(PKIXValidator.java:267)
	at java.base/sun.security.validator.Validator.validate(Validator.java:256)
	at java.base/sun.security.ssl.X509TrustManagerImpl.checkTrusted(X509TrustManagerImpl.java:284)
	at java.base/sun.security.ssl.X509TrustManagerImpl.checkClientTrusted(X509TrustManagerImpl.java:138)
	at io.netty.handler.ssl.EnhancingX509ExtendedTrustManager.checkClientTrusted(EnhancingX509ExtendedTrustManager.java:77)
	at java.base/sun.security.ssl.CertificateMessage$T13CertificateConsumer.checkClientCerts(CertificateMessage.java:1210)
	... 30 more
Caused by: java.security.cert.CertPathValidatorException: validity check failed
	at java.base/sun.security.provider.certpath.PKIXMasterCertPathValidator.validate(PKIXMasterCertPathValidator.java:135)
	at java.base/sun.security.provider.certpath.PKIXCertPathValidator.validate(PKIXCertPathValidator.java:224)
	at java.base/sun.security.provider.certpath.PKIXCertPathValidator.validate(PKIXCertPathValidator.java:144)
	at java.base/sun.security.provider.certpath.PKIXCertPathValidator.engineValidate(PKIXCertPathValidator.java:83)
	at java.base/java.security.cert.CertPathValidator.validate(CertPathValidator.java:309)
	at java.base/sun.security.validator.PKIXValidator.doValidate(PKIXValidator.java:313)
	... 36 more
Caused by: java.security.cert.CertificateExpiredException: NotAfter: Tue Jan 02 01:00:00 CET 2024
	at java.base/sun.security.x509.CertificateValidity.valid(CertificateValidity.java:182)
	at java.base/sun.security.x509.X509CertImpl.checkValidity(X509CertImpl.java:534)
	at java.base/sun.security.provider.certpath.BasicChecker.verifyValidity(BasicChecker.java:190)
	at java.base/sun.security.provider.certpath.BasicChecker.check(BasicChecker.java:144)
	at java.base/sun.security.provider.certpath.PKIXMasterCertPathValidator.validate(PKIXMasterCertPathValidator.java:125)
	... 41 more
[2026-08-08T16:32:28,132][INFO ][org.logstash.beats.BeatsHandler][beats-tls][cea61c76cb89e8de1c33fda45ab2b43ef03d0a587a2da8dd49b947033416f5e3] [local: 192.168.1.56:5044, remote: 192.168.1.55:33196] Handling exception: io.netty.handler.codec.DecoderException: javax.net.ssl.SSLHandshakeException: (certificate_unknown) PKIX path validation failed: java.security.cert.CertPathValidatorException: validity check failed (caused by: java.security.cert.CertificateExpiredException: NotAfter: Tue Jan 02 01:00:00 CET 2024)
[2026-08-08T16:32:28,133][WARN ][io.netty.channel.DefaultChannelPipeline][beats-tls][cea61c76cb89e8de1c33fda45ab2b43ef03d0a587a2da8dd49b947033416f5e3] An exceptionCaught() event was fired, and it reached at the tail of the pipeline. It usually means the last handler in the pipeline did not handle the exception.
io.netty.handler.codec.DecoderException: javax.net.ssl.SSLHandshakeException: (certificate_unknown) PKIX path validation failed: java.security.cert.CertPathValidatorException: validity check failed
	at io.netty.handler.codec.ByteToMessageDecoder.callDecode(ByteToMessageDecoder.java:515)
	at io.netty.handler.codec.ByteToMessageDecoder.channelRead(ByteToMessageDecoder.java:296)
	at io.netty.channel.AbstractChannelHandlerContext.invokeChannelRead(AbstractChannelHandlerContext.java:444)
	at io.netty.channel.AbstractChannelHandlerContext.invokeChannelRead(AbstractChannelHandlerContext.java:420)
	at io.netty.channel.AbstractChannelHandlerContext.fireChannelRead(AbstractChannelHandlerContext.java:412)
	at io.netty.channel.DefaultChannelPipeline$HeadContext.channelRead(DefaultChannelPipeline.java:1357)
	at io.netty.channel.AbstractChannelHandlerContext.invokeChannelRead(AbstractChannelHandlerContext.java:440)
	at io.netty.channel.AbstractChannelHandlerContext.invokeChannelRead(AbstractChannelHandlerContext.java:420)
	at io.netty.channel.DefaultChannelPipeline.fireChannelRead(DefaultChannelPipeline.java:868)
	at io.netty.channel.nio.AbstractNioByteChannel$NioByteUnsafe.read(AbstractNioByteChannel.java:171)
	at io.netty.channel.nio.NioEventLoop.processSelectedKey(NioEventLoop.java:796)
	at io.netty.channel.nio.NioEventLoop.processSelectedKeysOptimized(NioEventLoop.java:732)
	at io.netty.channel.nio.NioEventLoop.processSelectedKeys(NioEventLoop.java:658)
	at io.netty.channel.nio.NioEventLoop.run(NioEventLoop.java:562)
	at io.netty.util.concurrent.SingleThreadEventExecutor$4.run(SingleThreadEventExecutor.java:998)
	at io.netty.util.internal.ThreadExecutorMap$2.run(ThreadExecutorMap.java:74)
	at java.base/java.lang.Thread.run(Thread.java:1583)
Caused by: javax.net.ssl.SSLHandshakeException: (certificate_unknown) PKIX path validation failed: java.security.cert.CertPathValidatorException: validity check failed
	at java.base/sun.security.ssl.Alert.createSSLException(Alert.java:130)
	at java.base/sun.security.ssl.TransportContext.fatal(TransportContext.java:383)
	at java.base/sun.security.ssl.TransportContext.fatal(TransportContext.java:326)
	at java.base/sun.security.ssl.TransportContext.fatal(TransportContext.java:321)
	at java.base/sun.security.ssl.CertificateMessage$T13CertificateConsumer.checkClientCerts(CertificateMessage.java:1232)
	at java.base/sun.security.ssl.CertificateMessage$T13CertificateConsumer.onConsumeCertificate(CertificateMessage.java:1136)
	at java.base/sun.security.ssl.CertificateMessage$T13CertificateConsumer.consume(CertificateMessage.java:1113)
	at java.base/sun.security.ssl.SSLHandshake.consume(SSLHandshake.java:393)
	at java.base/sun.security.ssl.HandshakeContext.dispatch(HandshakeContext.java:477)
	at java.base/sun.security.ssl.SSLEngineImpl$DelegatedTask$DelegatedAction.run(SSLEngineImpl.java:1274)
	at java.base/sun.security.ssl.SSLEngineImpl$DelegatedTask$DelegatedAction.run(SSLEngineImpl.java:1261)
	at java.base/java.security.AccessController.doPrivileged(AccessController.java:714)
	at java.base/sun.security.ssl.SSLEngineImpl$DelegatedTask.run(SSLEngineImpl.java:1206)
	at io.netty.handler.ssl.SslHandler.runDelegatedTasks(SslHandler.java:1695)
	at io.netty.handler.ssl.SslHandler.unwrap(SslHandler.java:1541)
	at io.netty.handler.ssl.SslHandler.decodeJdkCompatible(SslHandler.java:1377)
	at io.netty.handler.ssl.SslHandler.decode(SslHandler.java:1428)
	at io.netty.handler.codec.ByteToMessageDecoder.decodeRemovalReentryProtection(ByteToMessageDecoder.java:545)
	at io.netty.handler.codec.ByteToMessageDecoder.callDecode(ByteToMessageDecoder.java:484)
	... 16 more
Caused by: sun.security.validator.ValidatorException: PKIX path validation failed: java.security.cert.CertPathValidatorException: validity check failed
	at java.base/sun.security.validator.PKIXValidator.doValidate(PKIXValidator.java:318)
	at java.base/sun.security.validator.PKIXValidator.engineValidate(PKIXValidator.java:267)
	at java.base/sun.security.validator.Validator.validate(Validator.java:256)
	at java.base/sun.security.ssl.X509TrustManagerImpl.checkTrusted(X509TrustManagerImpl.java:284)
	at java.base/sun.security.ssl.X509TrustManagerImpl.checkClientTrusted(X509TrustManagerImpl.java:138)
	at io.netty.handler.ssl.EnhancingX509ExtendedTrustManager.checkClientTrusted(EnhancingX509ExtendedTrustManager.java:77)
	at java.base/sun.security.ssl.CertificateMessage$T13CertificateConsumer.checkClientCerts(CertificateMessage.java:1210)
	... 30 more
Caused by: java.security.cert.CertPathValidatorException: validity check failed
	at java.base/sun.security.provider.certpath.PKIXMasterCertPathValidator.validate(PKIXMasterCertPathValidator.java:135)
	at java.base/sun.security.provider.certpath.PKIXCertPathValidator.validate(PKIXCertPathValidator.java:224)
	at java.base/sun.security.provider.certpath.PKIXCertPathValidator.validate(PKIXCertPathValidator.java:144)
	at java.base/sun.security.provider.certpath.PKIXCertPathValidator.engineValidate(PKIXCertPathValidator.java:83)
	at java.base/java.security.cert.CertPathValidator.validate(CertPathValidator.java:309)
	at java.base/sun.security.validator.PKIXValidator.doValidate(PKIXValidator.java:313)
	... 36 more
Caused by: java.security.cert.CertificateExpiredException: NotAfter: Tue Jan 02 01:00:00 CET 2024
	at java.base/sun.security.x509.CertificateValidity.valid(CertificateValidity.java:182)
	at java.base/sun.security.x509.X509CertImpl.checkValidity(X509CertImpl.java:534)
	at java.base/sun.security.provider.certpath.BasicChecker.verifyValidity(BasicChecker.java:190)
	at java.base/sun.security.provider.certpath.BasicChecker.check(BasicChecker.java:144)
	at java.base/sun.security.provider.certpath.PKIXMasterCertPathValidator.validate(PKIXMasterCertPathValidator.java:125)
	... 41 more
[2026-08-08T16:32:29,675][INFO ][org.logstash.beats.BeatsHandler][beats-tls][cea61c76cb89e8de1c33fda45ab2b43ef03d0a587a2da8dd49b947033416f5e3] [local: 192.168.1.56:5044, remote: 192.168.1.55:33198] Handling exception: io.netty.handler.codec.DecoderException: javax.net.ssl.SSLHandshakeException: (certificate_unknown) PKIX path validation failed: java.security.cert.CertPathValidatorException: validity check failed (caused by: java.security.cert.CertificateExpiredException: NotAfter: Tue Jan 02 01:00:00 CET 2024)
[2026-08-08T16:32:29,676][WARN ][io.netty.channel.DefaultChannelPipeline][beats-tls][cea61c76cb89e8de1c33fda45ab2b43ef03d0a587a2da8dd49b947033416f5e3] An exceptionCaught() event was fired, and it reached at the tail of the pipeline. It usually means the last handler in the pipeline did not handle the exception.
io.netty.handler.codec.DecoderException: javax.net.ssl.SSLHandshakeException: (certificate_unknown) PKIX path validation failed: java.security.cert.CertPathValidatorException: validity check failed
	at io.netty.handler.codec.ByteToMessageDecoder.callDecode(ByteToMessageDecoder.java:515)
	at io.netty.handler.codec.ByteToMessageDecoder.channelRead(ByteToMessageDecoder.java:296)
	at io.netty.channel.AbstractChannelHandlerContext.invokeChannelRead(AbstractChannelHandlerContext.java:444)
	at io.netty.channel.AbstractChannelHandlerContext.invokeChannelRead(AbstractChannelHandlerContext.java:420)
	at io.netty.channel.AbstractChannelHandlerContext.fireChannelRead(AbstractChannelHandlerContext.java:412)
	at io.netty.channel.DefaultChannelPipeline$HeadContext.channelRead(DefaultChannelPipeline.java:1357)
	at io.netty.channel.AbstractChannelHandlerContext.invokeChannelRead(AbstractChannelHandlerContext.java:440)
	at io.netty.channel.AbstractChannelHandlerContext.invokeChannelRead(AbstractChannelHandlerContext.java:420)
	at io.netty.channel.DefaultChannelPipeline.fireChannelRead(DefaultChannelPipeline.java:868)
	at io.netty.channel.nio.AbstractNioByteChannel$NioByteUnsafe.read(AbstractNioByteChannel.java:171)
	at io.netty.channel.nio.NioEventLoop.processSelectedKey(NioEventLoop.java:796)
	at io.netty.channel.nio.NioEventLoop.processSelectedKeysOptimized(NioEventLoop.java:732)
	at io.netty.channel.nio.NioEventLoop.processSelectedKeys(NioEventLoop.java:658)
	at io.netty.channel.nio.NioEventLoop.run(NioEventLoop.java:562)
	at io.netty.util.concurrent.SingleThreadEventExecutor$4.run(SingleThreadEventExecutor.java:998)
	at io.netty.util.internal.ThreadExecutorMap$2.run(ThreadExecutorMap.java:74)
	at java.base/java.lang.Thread.run(Thread.java:1583)
Caused by: javax.net.ssl.SSLHandshakeException: (certificate_unknown) PKIX path validation failed: java.security.cert.CertPathValidatorException: validity check failed
	at java.base/sun.security.ssl.Alert.createSSLException(Alert.java:130)
	at java.base/sun.security.ssl.TransportContext.fatal(TransportContext.java:383)
	at java.base/sun.security.ssl.TransportContext.fatal(TransportContext.java:326)
	at java.base/sun.security.ssl.TransportContext.fatal(TransportContext.java:321)
	at java.base/sun.security.ssl.CertificateMessage$T13CertificateConsumer.checkClientCerts(CertificateMessage.java:1232)
	at java.base/sun.security.ssl.CertificateMessage$T13CertificateConsumer.onConsumeCertificate(CertificateMessage.java:1136)
	at java.base/sun.security.ssl.CertificateMessage$T13CertificateConsumer.consume(CertificateMessage.java:1113)
	at java.base/sun.security.ssl.SSLHandshake.consume(SSLHandshake.java:393)
	at java.base/sun.security.ssl.HandshakeContext.dispatch(HandshakeContext.java:477)
	at java.base/sun.security.ssl.SSLEngineImpl$DelegatedTask$DelegatedAction.run(SSLEngineImpl.java:1274)
	at java.base/sun.security.ssl.SSLEngineImpl$DelegatedTask$DelegatedAction.run(SSLEngineImpl.java:1261)
	at java.base/java.security.AccessController.doPrivileged(AccessController.java:714)
	at java.base/sun.security.ssl.SSLEngineImpl$DelegatedTask.run(SSLEngineImpl.java:1206)
	at io.netty.handler.ssl.SslHandler.runDelegatedTasks(SslHandler.java:1695)
	at io.netty.handler.ssl.SslHandler.unwrap(SslHandler.java:1541)
	at io.netty.handler.ssl.SslHandler.decodeJdkCompatible(SslHandler.java:1377)
	at io.netty.handler.ssl.SslHandler.decode(SslHandler.java:1428)
	at io.netty.handler.codec.ByteToMessageDecoder.decodeRemovalReentryProtection(ByteToMessageDecoder.java:545)
	at io.netty.handler.codec.ByteToMessageDecoder.callDecode(ByteToMessageDecoder.java:484)
	... 16 more
Caused by: sun.security.validator.ValidatorException: PKIX path validation failed: java.security.cert.CertPathValidatorException: validity check failed
	at java.base/sun.security.validator.PKIXValidator.doValidate(PKIXValidator.java:318)
	at java.base/sun.security.validator.PKIXValidator.engineValidate(PKIXValidator.java:267)
	at java.base/sun.security.validator.Validator.validate(Validator.java:256)
	at java.base/sun.security.ssl.X509TrustManagerImpl.checkTrusted(X509TrustManagerImpl.java:284)
	at java.base/sun.security.ssl.X509TrustManagerImpl.checkClientTrusted(X509TrustManagerImpl.java:138)
	at io.netty.handler.ssl.EnhancingX509ExtendedTrustManager.checkClientTrusted(EnhancingX509ExtendedTrustManager.java:77)
	at java.base/sun.security.ssl.CertificateMessage$T13CertificateConsumer.checkClientCerts(CertificateMessage.java:1210)
	... 30 more
Caused by: java.security.cert.CertPathValidatorException: validity check failed
	at java.base/sun.security.provider.certpath.PKIXMasterCertPathValidator.validate(PKIXMasterCertPathValidator.java:135)
	at java.base/sun.security.provider.certpath.PKIXCertPathValidator.validate(PKIXCertPathValidator.java:224)
	at java.base/sun.security.provider.certpath.PKIXCertPathValidator.validate(PKIXCertPathValidator.java:144)
	at java.base/sun.security.provider.certpath.PKIXCertPathValidator.engineValidate(PKIXCertPathValidator.java:83)
	at java.base/java.security.cert.CertPathValidator.validate(CertPathValidator.java:309)
	at java.base/sun.security.validator.PKIXValidator.doValidate(PKIXValidator.java:313)
	... 36 more
Caused by: java.security.cert.CertificateExpiredException: NotAfter: Tue Jan 02 01:00:00 CET 2024
	at java.base/sun.security.x509.CertificateValidity.valid(CertificateValidity.java:182)
	at java.base/sun.security.x509.X509CertImpl.checkValidity(X509CertImpl.java:534)
	at java.base/sun.security.provider.certpath.BasicChecker.verifyValidity(BasicChecker.java:190)
	at java.base/sun.security.provider.certpath.BasicChecker.check(BasicChecker.java:144)
	at java.base/sun.security.provider.certpath.PKIXMasterCertPathValidator.validate(PKIXMasterCertPathValidator.java:125)
	... 41 more
[2026-08-08T16:32:31,676][INFO ][org.logstash.beats.BeatsHandler][beats-tls][cea61c76cb89e8de1c33fda45ab2b43ef03d0a587a2da8dd49b947033416f5e3] [local: 192.168.1.56:5044, remote: 192.168.1.55:33204] Handling exception: io.netty.handler.codec.DecoderException: javax.net.ssl.SSLHandshakeException: (certificate_unknown) PKIX path validation failed: java.security.cert.CertPathValidatorException: validity check failed (caused by: java.security.cert.CertificateExpiredException: NotAfter: Tue Jan 02 01:00:00 CET 2024)
[2026-08-08T16:32:31,677][WARN ][io.netty.channel.DefaultChannelPipeline][beats-tls][cea61c76cb89e8de1c33fda45ab2b43ef03d0a587a2da8dd49b947033416f5e3] An exceptionCaught() event was fired, and it reached at the tail of the pipeline. It usually means the last handler in the pipeline did not handle the exception.
io.netty.handler.codec.DecoderException: javax.net.ssl.SSLHandshakeException: (certificate_unknown) PKIX path validation failed: java.security.cert.CertPathValidatorException: validity check failed
	at io.netty.handler.codec.ByteToMessageDecoder.callDecode(ByteToMessageDecoder.java:515)
	at io.netty.handler.codec.ByteToMessageDecoder.channelRead(ByteToMessageDecoder.java:296)
	at io.netty.channel.AbstractChannelHandlerContext.invokeChannelRead(AbstractChannelHandlerContext.java:444)
	at io.netty.channel.AbstractChannelHandlerContext.invokeChannelRead(AbstractChannelHandlerContext.java:420)
	at io.netty.channel.AbstractChannelHandlerContext.fireChannelRead(AbstractChannelHandlerContext.java:412)
	at io.netty.channel.DefaultChannelPipeline$HeadContext.channelRead(DefaultChannelPipeline.java:1357)
	at io.netty.channel.AbstractChannelHandlerContext.invokeChannelRead(AbstractChannelHandlerContext.java:440)
	at io.netty.channel.AbstractChannelHandlerContext.invokeChannelRead(AbstractChannelHandlerContext.java:420)
	at io.netty.channel.DefaultChannelPipeline.fireChannelRead(DefaultChannelPipeline.java:868)
	at io.netty.channel.nio.AbstractNioByteChannel$NioByteUnsafe.read(AbstractNioByteChannel.java:171)
	at io.netty.channel.nio.NioEventLoop.processSelectedKey(NioEventLoop.java:796)
	at io.netty.channel.nio.NioEventLoop.processSelectedKeysOptimized(NioEventLoop.java:732)
	at io.netty.channel.nio.NioEventLoop.processSelectedKeys(NioEventLoop.java:658)
	at io.netty.channel.nio.NioEventLoop.run(NioEventLoop.java:562)
	at io.netty.util.concurrent.SingleThreadEventExecutor$4.run(SingleThreadEventExecutor.java:998)
	at io.netty.util.internal.ThreadExecutorMap$2.run(ThreadExecutorMap.java:74)
	at java.base/java.lang.Thread.run(Thread.java:1583)
Caused by: javax.net.ssl.SSLHandshakeException: (certificate_unknown) PKIX path validation failed: java.security.cert.CertPathValidatorException: validity check failed
	at java.base/sun.security.ssl.Alert.createSSLException(Alert.java:130)
	at java.base/sun.security.ssl.TransportContext.fatal(TransportContext.java:383)
	at java.base/sun.security.ssl.TransportContext.fatal(TransportContext.java:326)
	at java.base/sun.security.ssl.TransportContext.fatal(TransportContext.java:321)
	at java.base/sun.security.ssl.CertificateMessage$T13CertificateConsumer.checkClientCerts(CertificateMessage.java:1232)
	at java.base/sun.security.ssl.CertificateMessage$T13CertificateConsumer.onConsumeCertificate(CertificateMessage.java:1136)
	at java.base/sun.security.ssl.CertificateMessage$T13CertificateConsumer.consume(CertificateMessage.java:1113)
	at java.base/sun.security.ssl.SSLHandshake.consume(SSLHandshake.java:393)
	at java.base/sun.security.ssl.HandshakeContext.dispatch(HandshakeContext.java:477)
	at java.base/sun.security.ssl.SSLEngineImpl$DelegatedTask$DelegatedAction.run(SSLEngineImpl.java:1274)
	at java.base/sun.security.ssl.SSLEngineImpl$DelegatedTask$DelegatedAction.run(SSLEngineImpl.java:1261)
	at java.base/java.security.AccessController.doPrivileged(AccessController.java:714)
	at java.base/sun.security.ssl.SSLEngineImpl$DelegatedTask.run(SSLEngineImpl.java:1206)
	at io.netty.handler.ssl.SslHandler.runDelegatedTasks(SslHandler.java:1695)
	at io.netty.handler.ssl.SslHandler.unwrap(SslHandler.java:1541)
	at io.netty.handler.ssl.SslHandler.decodeJdkCompatible(SslHandler.java:1377)
	at io.netty.handler.ssl.SslHandler.decode(SslHandler.java:1428)
	at io.netty.handler.codec.ByteToMessageDecoder.decodeRemovalReentryProtection(ByteToMessageDecoder.java:545)
	at io.netty.handler.codec.ByteToMessageDecoder.callDecode(ByteToMessageDecoder.java:484)
	... 16 more
Caused by: sun.security.validator.ValidatorException: PKIX path validation failed: java.security.cert.CertPathValidatorException: validity check failed
	at java.base/sun.security.validator.PKIXValidator.doValidate(PKIXValidator.java:318)
	at java.base/sun.security.validator.PKIXValidator.engineValidate(PKIXValidator.java:267)
	at java.base/sun.security.validator.Validator.validate(Validator.java:256)
	at java.base/sun.security.ssl.X509TrustManagerImpl.checkTrusted(X509TrustManagerImpl.java:284)
	at java.base/sun.security.ssl.X509TrustManagerImpl.checkClientTrusted(X509TrustManagerImpl.java:138)
	at io.netty.handler.ssl.EnhancingX509ExtendedTrustManager.checkClientTrusted(EnhancingX509ExtendedTrustManager.java:77)
	at java.base/sun.security.ssl.CertificateMessage$T13CertificateConsumer.checkClientCerts(CertificateMessage.java:1210)
	... 30 more
Caused by: java.security.cert.CertPathValidatorException: validity check failed
	at java.base/sun.security.provider.certpath.PKIXMasterCertPathValidator.validate(PKIXMasterCertPathValidator.java:135)
	at java.base/sun.security.provider.certpath.PKIXCertPathValidator.validate(PKIXCertPathValidator.java:224)
	at java.base/sun.security.provider.certpath.PKIXCertPathValidator.validate(PKIXCertPathValidator.java:144)
	at java.base/sun.security.provider.certpath.PKIXCertPathValidator.engineValidate(PKIXCertPathValidator.java:83)
	at java.base/java.security.cert.CertPathValidator.validate(CertPathValidator.java:309)
	at java.base/sun.security.validator.PKIXValidator.doValidate(PKIXValidator.java:313)
	... 36 more
Caused by: java.security.cert.CertificateExpiredException: NotAfter: Tue Jan 02 01:00:00 CET 2024
	at java.base/sun.security.x509.CertificateValidity.valid(CertificateValidity.java:182)
	at java.base/sun.security.x509.X509CertImpl.checkValidity(X509CertImpl.java:534)
	at java.base/sun.security.provider.certpath.BasicChecker.verifyValidity(BasicChecker.java:190)
	at java.base/sun.security.provider.certpath.BasicChecker.check(BasicChecker.java:144)
	at java.base/sun.security.provider.certpath.PKIXMasterCertPathValidator.validate(PKIXMasterCertPathValidator.java:125)
	... 41 more
[2026-08-08T16:32:33,650][INFO ][org.logstash.beats.BeatsHandler][beats-tls][cea61c76cb89e8de1c33fda45ab2b43ef03d0a587a2da8dd49b947033416f5e3] [local: 192.168.1.56:5044, remote: 192.168.1.55:33220] Handling exception: io.netty.handler.codec.DecoderException: javax.net.ssl.SSLHandshakeException: (certificate_unknown) PKIX path validation failed: java.security.cert.CertPathValidatorException: validity check failed (caused by: java.security.cert.CertificateExpiredException: NotAfter: Tue Jan 02 01:00:00 CET 2024)
[2026-08-08T16:32:33,652][WARN ][io.netty.channel.DefaultChannelPipeline][beats-tls][cea61c76cb89e8de1c33fda45ab2b43ef03d0a587a2da8dd49b947033416f5e3] An exceptionCaught() event was fired, and it reached at the tail of the pipeline. It usually means the last handler in the pipeline did not handle the exception.
io.netty.handler.codec.DecoderException: javax.net.ssl.SSLHandshakeException: (certificate_unknown) PKIX path validation failed: java.security.cert.CertPathValidatorException: validity check failed
	at io.netty.handler.codec.ByteToMessageDecoder.callDecode(ByteToMessageDecoder.java:515)
	at io.netty.handler.codec.ByteToMessageDecoder.channelRead(ByteToMessageDecoder.java:296)
	at io.netty.channel.AbstractChannelHandlerContext.invokeChannelRead(AbstractChannelHandlerContext.java:444)
	at io.netty.channel.AbstractChannelHandlerContext.invokeChannelRead(AbstractChannelHandlerContext.java:420)
	at io.netty.channel.AbstractChannelHandlerContext.fireChannelRead(AbstractChannelHandlerContext.java:412)
	at io.netty.channel.DefaultChannelPipeline$HeadContext.channelRead(DefaultChannelPipeline.java:1357)
	at io.netty.channel.AbstractChannelHandlerContext.invokeChannelRead(AbstractChannelHandlerContext.java:440)
	at io.netty.channel.AbstractChannelHandlerContext.invokeChannelRead(AbstractChannelHandlerContext.java:420)
	at io.netty.channel.DefaultChannelPipeline.fireChannelRead(DefaultChannelPipeline.java:868)
	at io.netty.channel.nio.AbstractNioByteChannel$NioByteUnsafe.read(AbstractNioByteChannel.java:171)
	at io.netty.channel.nio.NioEventLoop.processSelectedKey(NioEventLoop.java:796)
	at io.netty.channel.nio.NioEventLoop.processSelectedKeysOptimized(NioEventLoop.java:732)
	at io.netty.channel.nio.NioEventLoop.processSelectedKeys(NioEventLoop.java:658)
	at io.netty.channel.nio.NioEventLoop.run(NioEventLoop.java:562)
	at io.netty.util.concurrent.SingleThreadEventExecutor$4.run(SingleThreadEventExecutor.java:998)
	at io.netty.util.internal.ThreadExecutorMap$2.run(ThreadExecutorMap.java:74)
	at java.base/java.lang.Thread.run(Thread.java:1583)
Caused by: javax.net.ssl.SSLHandshakeException: (certificate_unknown) PKIX path validation failed: java.security.cert.CertPathValidatorException: validity check failed
	at java.base/sun.security.ssl.Alert.createSSLException(Alert.java:130)
	at java.base/sun.security.ssl.TransportContext.fatal(TransportContext.java:383)
	at java.base/sun.security.ssl.TransportContext.fatal(TransportContext.java:326)
	at java.base/sun.security.ssl.TransportContext.fatal(TransportContext.java:321)
	at java.base/sun.security.ssl.CertificateMessage$T13CertificateConsumer.checkClientCerts(CertificateMessage.java:1232)
	at java.base/sun.security.ssl.CertificateMessage$T13CertificateConsumer.onConsumeCertificate(CertificateMessage.java:1136)
	at java.base/sun.security.ssl.CertificateMessage$T13CertificateConsumer.consume(CertificateMessage.java:1113)
	at java.base/sun.security.ssl.SSLHandshake.consume(SSLHandshake.java:393)
	at java.base/sun.security.ssl.HandshakeContext.dispatch(HandshakeContext.java:477)
	at java.base/sun.security.ssl.SSLEngineImpl$DelegatedTask$DelegatedAction.run(SSLEngineImpl.java:1274)
	at java.base/sun.security.ssl.SSLEngineImpl$DelegatedTask$DelegatedAction.run(SSLEngineImpl.java:1261)
	at java.base/java.security.AccessController.doPrivileged(AccessController.java:714)
	at java.base/sun.security.ssl.SSLEngineImpl$DelegatedTask.run(SSLEngineImpl.java:1206)
	at io.netty.handler.ssl.SslHandler.runDelegatedTasks(SslHandler.java:1695)
	at io.netty.handler.ssl.SslHandler.unwrap(SslHandler.java:1541)
	at io.netty.handler.ssl.SslHandler.decodeJdkCompatible(SslHandler.java:1377)
	at io.netty.handler.ssl.SslHandler.decode(SslHandler.java:1428)
	at io.netty.handler.codec.ByteToMessageDecoder.decodeRemovalReentryProtection(ByteToMessageDecoder.java:545)
	at io.netty.handler.codec.ByteToMessageDecoder.callDecode(ByteToMessageDecoder.java:484)
	... 16 more
Caused by: sun.security.validator.ValidatorException: PKIX path validation failed: java.security.cert.CertPathValidatorException: validity check failed
	at java.base/sun.security.validator.PKIXValidator.doValidate(PKIXValidator.java:318)
	at java.base/sun.security.validator.PKIXValidator.engineValidate(PKIXValidator.java:267)
	at java.base/sun.security.validator.Validator.validate(Validator.java:256)
	at java.base/sun.security.ssl.X509TrustManagerImpl.checkTrusted(X509TrustManagerImpl.java:284)
	at java.base/sun.security.ssl.X509TrustManagerImpl.checkClientTrusted(X509TrustManagerImpl.java:138)
	at io.netty.handler.ssl.EnhancingX509ExtendedTrustManager.checkClientTrusted(EnhancingX509ExtendedTrustManager.java:77)
	at java.base/sun.security.ssl.CertificateMessage$T13CertificateConsumer.checkClientCerts(CertificateMessage.java:1210)
	... 30 more
Caused by: java.security.cert.CertPathValidatorException: validity check failed
	at java.base/sun.security.provider.certpath.PKIXMasterCertPathValidator.validate(PKIXMasterCertPathValidator.java:135)
	at java.base/sun.security.provider.certpath.PKIXCertPathValidator.validate(PKIXCertPathValidator.java:224)
	at java.base/sun.security.provider.certpath.PKIXCertPathValidator.validate(PKIXCertPathValidator.java:144)
	at java.base/sun.security.provider.certpath.PKIXCertPathValidator.engineValidate(PKIXCertPathValidator.java:83)
	at java.base/java.security.cert.CertPathValidator.validate(CertPathValidator.java:309)
	at java.base/sun.security.validator.PKIXValidator.doValidate(PKIXValidator.java:313)
	... 36 more
Caused by: java.security.cert.CertificateExpiredException: NotAfter: Tue Jan 02 01:00:00 CET 2024
	at java.base/sun.security.x509.CertificateValidity.valid(CertificateValidity.java:182)
	at java.base/sun.security.x509.X509CertImpl.checkValidity(X509CertImpl.java:534)
	at java.base/sun.security.provider.certpath.BasicChecker.verifyValidity(BasicChecker.java:190)
	at java.base/sun.security.provider.certpath.BasicChecker.check(BasicChecker.java:144)
	at java.base/sun.security.provider.certpath.PKIXMasterCertPathValidator.validate(PKIXMasterCertPathValidator.java:125)
	... 41 more
[2026-08-08T16:32:37,166][INFO ][org.logstash.beats.BeatsHandler][beats-tls][cea61c76cb89e8de1c33fda45ab2b43ef03d0a587a2da8dd49b947033416f5e3] [local: 192.168.1.56:5044, remote: 192.168.1.55:33222] Handling exception: io.netty.handler.codec.DecoderException: javax.net.ssl.SSLHandshakeException: (certificate_unknown) PKIX path validation failed: java.security.cert.CertPathValidatorException: validity check failed (caused by: java.security.cert.CertificateExpiredException: NotAfter: Tue Jan 02 01:00:00 CET 2024)
[2026-08-08T16:32:37,166][WARN ][io.netty.channel.DefaultChannelPipeline][beats-tls][cea61c76cb89e8de1c33fda45ab2b43ef03d0a587a2da8dd49b947033416f5e3] An exceptionCaught() event was fired, and it reached at the tail of the pipeline. It usually means the last handler in the pipeline did not handle the exception.
io.netty.handler.codec.DecoderException: javax.net.ssl.SSLHandshakeException: (certificate_unknown) PKIX path validation failed: java.security.cert.CertPathValidatorException: validity check failed
	at io.netty.handler.codec.ByteToMessageDecoder.callDecode(ByteToMessageDecoder.java:515)
	at io.netty.handler.codec.ByteToMessageDecoder.channelRead(ByteToMessageDecoder.java:296)
	at io.netty.channel.AbstractChannelHandlerContext.invokeChannelRead(AbstractChannelHandlerContext.java:444)
	at io.netty.channel.AbstractChannelHandlerContext.invokeChannelRead(AbstractChannelHandlerContext.java:420)
	at io.netty.channel.AbstractChannelHandlerContext.fireChannelRead(AbstractChannelHandlerContext.java:412)
	at io.netty.channel.DefaultChannelPipeline$HeadContext.channelRead(DefaultChannelPipeline.java:1357)
	at io.netty.channel.AbstractChannelHandlerContext.invokeChannelRead(AbstractChannelHandlerContext.java:440)
	at io.netty.channel.AbstractChannelHandlerContext.invokeChannelRead(AbstractChannelHandlerContext.java:420)
	at io.netty.channel.DefaultChannelPipeline.fireChannelRead(DefaultChannelPipeline.java:868)
	at io.netty.channel.nio.AbstractNioByteChannel$NioByteUnsafe.read(AbstractNioByteChannel.java:171)
	at io.netty.channel.nio.NioEventLoop.processSelectedKey(NioEventLoop.java:796)
	at io.netty.channel.nio.NioEventLoop.processSelectedKeysOptimized(NioEventLoop.java:732)
	at io.netty.channel.nio.NioEventLoop.processSelectedKeys(NioEventLoop.java:658)
	at io.netty.channel.nio.NioEventLoop.run(NioEventLoop.java:562)
	at io.netty.util.concurrent.SingleThreadEventExecutor$4.run(SingleThreadEventExecutor.java:998)
	at io.netty.util.internal.ThreadExecutorMap$2.run(ThreadExecutorMap.java:74)
	at java.base/java.lang.Thread.run(Thread.java:1583)
Caused by: javax.net.ssl.SSLHandshakeException: (certificate_unknown) PKIX path validation failed: java.security.cert.CertPathValidatorException: validity check failed
	at java.base/sun.security.ssl.Alert.createSSLException(Alert.java:130)
	at java.base/sun.security.ssl.TransportContext.fatal(TransportContext.java:383)
	at java.base/sun.security.ssl.TransportContext.fatal(TransportContext.java:326)
	at java.base/sun.security.ssl.TransportContext.fatal(TransportContext.java:321)
	at java.base/sun.security.ssl.CertificateMessage$T13CertificateConsumer.checkClientCerts(CertificateMessage.java:1232)
	at java.base/sun.security.ssl.CertificateMessage$T13CertificateConsumer.onConsumeCertificate(CertificateMessage.java:1136)
	at java.base/sun.security.ssl.CertificateMessage$T13CertificateConsumer.consume(CertificateMessage.java:1113)
	at java.base/sun.security.ssl.SSLHandshake.consume(SSLHandshake.java:393)
	at java.base/sun.security.ssl.HandshakeContext.dispatch(HandshakeContext.java:477)
	at java.base/sun.security.ssl.SSLEngineImpl$DelegatedTask$DelegatedAction.run(SSLEngineImpl.java:1274)
	at java.base/sun.security.ssl.SSLEngineImpl$DelegatedTask$DelegatedAction.run(SSLEngineImpl.java:1261)
	at java.base/java.security.AccessController.doPrivileged(AccessController.java:714)
	at java.base/sun.security.ssl.SSLEngineImpl$DelegatedTask.run(SSLEngineImpl.java:1206)
	at io.netty.handler.ssl.SslHandler.runDelegatedTasks(SslHandler.java:1695)
	at io.netty.handler.ssl.SslHandler.unwrap(SslHandler.java:1541)
	at io.netty.handler.ssl.SslHandler.decodeJdkCompatible(SslHandler.java:1377)
	at io.netty.handler.ssl.SslHandler.decode(SslHandler.java:1428)
	at io.netty.handler.codec.ByteToMessageDecoder.decodeRemovalReentryProtection(ByteToMessageDecoder.java:545)
	at io.netty.handler.codec.ByteToMessageDecoder.callDecode(ByteToMessageDecoder.java:484)
	... 16 more
Caused by: sun.security.validator.ValidatorException: PKIX path validation failed: java.security.cert.CertPathValidatorException: validity check failed
	at java.base/sun.security.validator.PKIXValidator.doValidate(PKIXValidator.java:318)
	at java.base/sun.security.validator.PKIXValidator.engineValidate(PKIXValidator.java:267)
	at java.base/sun.security.validator.Validator.validate(Validator.java:256)
	at java.base/sun.security.ssl.X509TrustManagerImpl.checkTrusted(X509TrustManagerImpl.java:284)
	at java.base/sun.security.ssl.X509TrustManagerImpl.checkClientTrusted(X509TrustManagerImpl.java:138)
	at io.netty.handler.ssl.EnhancingX509ExtendedTrustManager.checkClientTrusted(EnhancingX509ExtendedTrustManager.java:77)
	at java.base/sun.security.ssl.CertificateMessage$T13CertificateConsumer.checkClientCerts(CertificateMessage.java:1210)
	... 30 more
Caused by: java.security.cert.CertPathValidatorException: validity check failed
	at java.base/sun.security.provider.certpath.PKIXMasterCertPathValidator.validate(PKIXMasterCertPathValidator.java:135)
	at java.base/sun.security.provider.certpath.PKIXCertPathValidator.validate(PKIXCertPathValidator.java:224)
	at java.base/sun.security.provider.certpath.PKIXCertPathValidator.validate(PKIXCertPathValidator.java:144)
	at java.base/sun.security.provider.certpath.PKIXCertPathValidator.engineValidate(PKIXCertPathValidator.java:83)
	at java.base/java.security.cert.CertPathValidator.validate(CertPathValidator.java:309)
	at java.base/sun.security.validator.PKIXValidator.doValidate(PKIXValidator.java:313)
	... 36 more
Caused by: java.security.cert.CertificateExpiredException: NotAfter: Tue Jan 02 01:00:00 CET 2024
	at java.base/sun.security.x509.CertificateValidity.valid(CertificateValidity.java:182)
	at java.base/sun.security.x509.X509CertImpl.checkValidity(X509CertImpl.java:534)
	at java.base/sun.security.provider.certpath.BasicChecker.verifyValidity(BasicChecker.java:190)
	at java.base/sun.security.provider.certpath.BasicChecker.check(BasicChecker.java:144)
	at java.base/sun.security.provider.certpath.PKIXMasterCertPathValidator.validate(PKIXMasterCertPathValidator.java:125)
	... 41 more
[2026-08-08T16:32:42,710][INFO ][org.logstash.beats.BeatsHandler][beats-tls][cea61c76cb89e8de1c33fda45ab2b43ef03d0a587a2da8dd49b947033416f5e3] [local: 192.168.1.56:5044, remote: 192.168.1.55:48378] Handling exception: io.netty.handler.codec.DecoderException: javax.net.ssl.SSLHandshakeException: (certificate_unknown) PKIX path validation failed: java.security.cert.CertPathValidatorException: validity check failed (caused by: java.security.cert.CertificateExpiredException: NotAfter: Tue Jan 02 01:00:00 CET 2024)
[2026-08-08T16:32:42,713][WARN ][io.netty.channel.DefaultChannelPipeline][beats-tls][cea61c76cb89e8de1c33fda45ab2b43ef03d0a587a2da8dd49b947033416f5e3] An exceptionCaught() event was fired, and it reached at the tail of the pipeline. It usually means the last handler in the pipeline did not handle the exception.
io.netty.handler.codec.DecoderException: javax.net.ssl.SSLHandshakeException: (certificate_unknown) PKIX path validation failed: java.security.cert.CertPathValidatorException: validity check failed
	at io.netty.handler.codec.ByteToMessageDecoder.callDecode(ByteToMessageDecoder.java:515)
	at io.netty.handler.codec.ByteToMessageDecoder.channelRead(ByteToMessageDecoder.java:296)
	at io.netty.channel.AbstractChannelHandlerContext.invokeChannelRead(AbstractChannelHandlerContext.java:444)
	at io.netty.channel.AbstractChannelHandlerContext.invokeChannelRead(AbstractChannelHandlerContext.java:420)
	at io.netty.channel.AbstractChannelHandlerContext.fireChannelRead(AbstractChannelHandlerContext.java:412)
	at io.netty.channel.DefaultChannelPipeline$HeadContext.channelRead(DefaultChannelPipeline.java:1357)
	at io.netty.channel.AbstractChannelHandlerContext.invokeChannelRead(AbstractChannelHandlerContext.java:440)
	at io.netty.channel.AbstractChannelHandlerContext.invokeChannelRead(AbstractChannelHandlerContext.java:420)
	at io.netty.channel.DefaultChannelPipeline.fireChannelRead(DefaultChannelPipeline.java:868)
	at io.netty.channel.nio.AbstractNioByteChannel$NioByteUnsafe.read(AbstractNioByteChannel.java:171)
	at io.netty.channel.nio.NioEventLoop.processSelectedKey(NioEventLoop.java:796)
	at io.netty.channel.nio.NioEventLoop.processSelectedKeysOptimized(NioEventLoop.java:732)
	at io.netty.channel.nio.NioEventLoop.processSelectedKeys(NioEventLoop.java:658)
	at io.netty.channel.nio.NioEventLoop.run(NioEventLoop.java:562)
	at io.netty.util.concurrent.SingleThreadEventExecutor$4.run(SingleThreadEventExecutor.java:998)
	at io.netty.util.internal.ThreadExecutorMap$2.run(ThreadExecutorMap.java:74)
	at java.base/java.lang.Thread.run(Thread.java:1583)
Caused by: javax.net.ssl.SSLHandshakeException: (certificate_unknown) PKIX path validation failed: java.security.cert.CertPathValidatorException: validity check failed
	at java.base/sun.security.ssl.Alert.createSSLException(Alert.java:130)
	at java.base/sun.security.ssl.TransportContext.fatal(TransportContext.java:383)
	at java.base/sun.security.ssl.TransportContext.fatal(TransportContext.java:326)
	at java.base/sun.security.ssl.TransportContext.fatal(TransportContext.java:321)
	at java.base/sun.security.ssl.CertificateMessage$T13CertificateConsumer.checkClientCerts(CertificateMessage.java:1232)
	at java.base/sun.security.ssl.CertificateMessage$T13CertificateConsumer.onConsumeCertificate(CertificateMessage.java:1136)
	at java.base/sun.security.ssl.CertificateMessage$T13CertificateConsumer.consume(CertificateMessage.java:1113)
	at java.base/sun.security.ssl.SSLHandshake.consume(SSLHandshake.java:393)
	at java.base/sun.security.ssl.HandshakeContext.dispatch(HandshakeContext.java:477)
	at java.base/sun.security.ssl.SSLEngineImpl$DelegatedTask$DelegatedAction.run(SSLEngineImpl.java:1274)
	at java.base/sun.security.ssl.SSLEngineImpl$DelegatedTask$DelegatedAction.run(SSLEngineImpl.java:1261)
	at java.base/java.security.AccessController.doPrivileged(AccessController.java:714)
	at java.base/sun.security.ssl.SSLEngineImpl$DelegatedTask.run(SSLEngineImpl.java:1206)
	at io.netty.handler.ssl.SslHandler.runDelegatedTasks(SslHandler.java:1695)
	at io.netty.handler.ssl.SslHandler.unwrap(SslHandler.java:1541)
	at io.netty.handler.ssl.SslHandler.decodeJdkCompatible(SslHandler.java:1377)
	at io.netty.handler.ssl.SslHandler.decode(SslHandler.java:1428)
	at io.netty.handler.codec.ByteToMessageDecoder.decodeRemovalReentryProtection(ByteToMessageDecoder.java:545)
	at io.netty.handler.codec.ByteToMessageDecoder.callDecode(ByteToMessageDecoder.java:484)
	... 16 more
Caused by: sun.security.validator.ValidatorException: PKIX path validation failed: java.security.cert.CertPathValidatorException: validity check failed
	at java.base/sun.security.validator.PKIXValidator.doValidate(PKIXValidator.java:318)
	at java.base/sun.security.validator.PKIXValidator.engineValidate(PKIXValidator.java:267)
	at java.base/sun.security.validator.Validator.validate(Validator.java:256)
	at java.base/sun.security.ssl.X509TrustManagerImpl.checkTrusted(X509TrustManagerImpl.java:284)
	at java.base/sun.security.ssl.X509TrustManagerImpl.checkClientTrusted(X509TrustManagerImpl.java:138)
	at io.netty.handler.ssl.EnhancingX509ExtendedTrustManager.checkClientTrusted(EnhancingX509ExtendedTrustManager.java:77)
	at java.base/sun.security.ssl.CertificateMessage$T13CertificateConsumer.checkClientCerts(CertificateMessage.java:1210)
	... 30 more
Caused by: java.security.cert.CertPathValidatorException: validity check failed
	at java.base/sun.security.provider.certpath.PKIXMasterCertPathValidator.validate(PKIXMasterCertPathValidator.java:135)
	at java.base/sun.security.provider.certpath.PKIXCertPathValidator.validate(PKIXCertPathValidator.java:224)
	at java.base/sun.security.provider.certpath.PKIXCertPathValidator.validate(PKIXCertPathValidator.java:144)
	at java.base/sun.security.provider.certpath.PKIXCertPathValidator.engineValidate(PKIXCertPathValidator.java:83)
	at java.base/java.security.cert.CertPathValidator.validate(CertPathValidator.java:309)
	at java.base/sun.security.validator.PKIXValidator.doValidate(PKIXValidator.java:313)
	... 36 more
Caused by: java.security.cert.CertificateExpiredException: NotAfter: Tue Jan 02 01:00:00 CET 2024
	at java.base/sun.security.x509.CertificateValidity.valid(CertificateValidity.java:182)
	at java.base/sun.security.x509.X509CertImpl.checkValidity(X509CertImpl.java:534)
	at java.base/sun.security.provider.certpath.BasicChecker.verifyValidity(BasicChecker.java:190)
	at java.base/sun.security.provider.certpath.BasicChecker.check(BasicChecker.java:144)
	at java.base/sun.security.provider.certpath.PKIXMasterCertPathValidator.validate(PKIXMasterCertPathValidator.java:125)
	... 41 more
[2026-08-08T16:32:44,475][INFO ][org.logstash.beats.BeatsHandler][beats-tls][cea61c76cb89e8de1c33fda45ab2b43ef03d0a587a2da8dd49b947033416f5e3] [local: 192.168.1.56:5044, remote: 192.168.1.55:48382] Handling exception: io.netty.handler.codec.DecoderException: javax.net.ssl.SSLHandshakeException: (certificate_unknown) PKIX path validation failed: java.security.cert.CertPathValidatorException: validity check failed (caused by: java.security.cert.CertificateExpiredException: NotAfter: Tue Jan 02 01:00:00 CET 2024)
[2026-08-08T16:32:44,476][WARN ][io.netty.channel.DefaultChannelPipeline][beats-tls][cea61c76cb89e8de1c33fda45ab2b43ef03d0a587a2da8dd49b947033416f5e3] An exceptionCaught() event was fired, and it reached at the tail of the pipeline. It usually means the last handler in the pipeline did not handle the exception.
io.netty.handler.codec.DecoderException: javax.net.ssl.SSLHandshakeException: (certificate_unknown) PKIX path validation failed: java.security.cert.CertPathValidatorException: validity check failed
	at io.netty.handler.codec.ByteToMessageDecoder.callDecode(ByteToMessageDecoder.java:515)
	at io.netty.handler.codec.ByteToMessageDecoder.channelRead(ByteToMessageDecoder.java:296)
	at io.netty.channel.AbstractChannelHandlerContext.invokeChannelRead(AbstractChannelHandlerContext.java:444)
	at io.netty.channel.AbstractChannelHandlerContext.invokeChannelRead(AbstractChannelHandlerContext.java:420)
	at io.netty.channel.AbstractChannelHandlerContext.fireChannelRead(AbstractChannelHandlerContext.java:412)
	at io.netty.channel.DefaultChannelPipeline$HeadContext.channelRead(DefaultChannelPipeline.java:1357)
	at io.netty.channel.AbstractChannelHandlerContext.invokeChannelRead(AbstractChannelHandlerContext.java:440)
	at io.netty.channel.AbstractChannelHandlerContext.invokeChannelRead(AbstractChannelHandlerContext.java:420)
	at io.netty.channel.DefaultChannelPipeline.fireChannelRead(DefaultChannelPipeline.java:868)
	at io.netty.channel.nio.AbstractNioByteChannel$NioByteUnsafe.read(AbstractNioByteChannel.java:171)
	at io.netty.channel.nio.NioEventLoop.processSelectedKey(NioEventLoop.java:796)
	at io.netty.channel.nio.NioEventLoop.processSelectedKeysOptimized(NioEventLoop.java:732)
	at io.netty.channel.nio.NioEventLoop.processSelectedKeys(NioEventLoop.java:658)
	at io.netty.channel.nio.NioEventLoop.run(NioEventLoop.java:562)
	at io.netty.util.concurrent.SingleThreadEventExecutor$4.run(SingleThreadEventExecutor.java:998)
	at io.netty.util.internal.ThreadExecutorMap$2.run(ThreadExecutorMap.java:74)
	at java.base/java.lang.Thread.run(Thread.java:1583)
Caused by: javax.net.ssl.SSLHandshakeException: (certificate_unknown) PKIX path validation failed: java.security.cert.CertPathValidatorException: validity check failed
	at java.base/sun.security.ssl.Alert.createSSLException(Alert.java:130)
	at java.base/sun.security.ssl.TransportContext.fatal(TransportContext.java:383)
	at java.base/sun.security.ssl.TransportContext.fatal(TransportContext.java:326)
	at java.base/sun.security.ssl.TransportContext.fatal(TransportContext.java:321)
	at java.base/sun.security.ssl.CertificateMessage$T13CertificateConsumer.checkClientCerts(CertificateMessage.java:1232)
	at java.base/sun.security.ssl.CertificateMessage$T13CertificateConsumer.onConsumeCertificate(CertificateMessage.java:1136)
	at java.base/sun.security.ssl.CertificateMessage$T13CertificateConsumer.consume(CertificateMessage.java:1113)
	at java.base/sun.security.ssl.SSLHandshake.consume(SSLHandshake.java:393)
	at java.base/sun.security.ssl.HandshakeContext.dispatch(HandshakeContext.java:477)
	at java.base/sun.security.ssl.SSLEngineImpl$DelegatedTask$DelegatedAction.run(SSLEngineImpl.java:1274)
	at java.base/sun.security.ssl.SSLEngineImpl$DelegatedTask$DelegatedAction.run(SSLEngineImpl.java:1261)
	at java.base/java.security.AccessController.doPrivileged(AccessController.java:714)
	at java.base/sun.security.ssl.SSLEngineImpl$DelegatedTask.run(SSLEngineImpl.java:1206)
	at io.netty.handler.ssl.SslHandler.runDelegatedTasks(SslHandler.java:1695)
	at io.netty.handler.ssl.SslHandler.unwrap(SslHandler.java:1541)
	at io.netty.handler.ssl.SslHandler.decodeJdkCompatible(SslHandler.java:1377)
	at io.netty.handler.ssl.SslHandler.decode(SslHandler.java:1428)
	at io.netty.handler.codec.ByteToMessageDecoder.decodeRemovalReentryProtection(ByteToMessageDecoder.java:545)
	at io.netty.handler.codec.ByteToMessageDecoder.callDecode(ByteToMessageDecoder.java:484)
	... 16 more
Caused by: sun.security.validator.ValidatorException: PKIX path validation failed: java.security.cert.CertPathValidatorException: validity check failed
	at java.base/sun.security.validator.PKIXValidator.doValidate(PKIXValidator.java:318)
	at java.base/sun.security.validator.PKIXValidator.engineValidate(PKIXValidator.java:267)
	at java.base/sun.security.validator.Validator.validate(Validator.java:256)
	at java.base/sun.security.ssl.X509TrustManagerImpl.checkTrusted(X509TrustManagerImpl.java:284)
	at java.base/sun.security.ssl.X509TrustManagerImpl.checkClientTrusted(X509TrustManagerImpl.java:138)
	at io.netty.handler.ssl.EnhancingX509ExtendedTrustManager.checkClientTrusted(EnhancingX509ExtendedTrustManager.java:77)
	at java.base/sun.security.ssl.CertificateMessage$T13CertificateConsumer.checkClientCerts(CertificateMessage.java:1210)
	... 30 more
Caused by: java.security.cert.CertPathValidatorException: validity check failed
	at java.base/sun.security.provider.certpath.PKIXMasterCertPathValidator.validate(PKIXMasterCertPathValidator.java:135)
	at java.base/sun.security.provider.certpath.PKIXCertPathValidator.validate(PKIXCertPathValidator.java:224)
	at java.base/sun.security.provider.certpath.PKIXCertPathValidator.validate(PKIXCertPathValidator.java:144)
	at java.base/sun.security.provider.certpath.PKIXCertPathValidator.engineValidate(PKIXCertPathValidator.java:83)
	at java.base/java.security.cert.CertPathValidator.validate(CertPathValidator.java:309)
	at java.base/sun.security.validator.PKIXValidator.doValidate(PKIXValidator.java:313)
	... 36 more
Caused by: java.security.cert.CertificateExpiredException: NotAfter: Tue Jan 02 01:00:00 CET 2024
	at java.base/sun.security.x509.CertificateValidity.valid(CertificateValidity.java:182)
	at java.base/sun.security.x509.X509CertImpl.checkValidity(X509CertImpl.java:534)
	at java.base/sun.security.provider.certpath.BasicChecker.verifyValidity(BasicChecker.java:190)
	at java.base/sun.security.provider.certpath.BasicChecker.check(BasicChecker.java:144)
	at java.base/sun.security.provider.certpath.PKIXMasterCertPathValidator.validate(PKIXMasterCertPathValidator.java:125)
	... 41 more
[2026-08-08T16:32:46,396][INFO ][org.logstash.beats.BeatsHandler][beats-tls][cea61c76cb89e8de1c33fda45ab2b43ef03d0a587a2da8dd49b947033416f5e3] [local: 192.168.1.56:5044, remote: 192.168.1.55:48384] Handling exception: io.netty.handler.codec.DecoderException: javax.net.ssl.SSLHandshakeException: (certificate_unknown) PKIX path validation failed: java.security.cert.CertPathValidatorException: validity check failed (caused by: java.security.cert.CertificateExpiredException: NotAfter: Tue Jan 02 01:00:00 CET 2024)
[2026-08-08T16:32:46,398][WARN ][io.netty.channel.DefaultChannelPipeline][beats-tls][cea61c76cb89e8de1c33fda45ab2b43ef03d0a587a2da8dd49b947033416f5e3] An exceptionCaught() event was fired, and it reached at the tail of the pipeline. It usually means the last handler in the pipeline did not handle the exception.
io.netty.handler.codec.DecoderException: javax.net.ssl.SSLHandshakeException: (certificate_unknown) PKIX path validation failed: java.security.cert.CertPathValidatorException: validity check failed
	at io.netty.handler.codec.ByteToMessageDecoder.callDecode(ByteToMessageDecoder.java:515)
	at io.netty.handler.codec.ByteToMessageDecoder.channelRead(ByteToMessageDecoder.java:296)
	at io.netty.channel.AbstractChannelHandlerContext.invokeChannelRead(AbstractChannelHandlerContext.java:444)
	at io.netty.channel.AbstractChannelHandlerContext.invokeChannelRead(AbstractChannelHandlerContext.java:420)
	at io.netty.channel.AbstractChannelHandlerContext.fireChannelRead(AbstractChannelHandlerContext.java:412)
	at io.netty.channel.DefaultChannelPipeline$HeadContext.channelRead(DefaultChannelPipeline.java:1357)
	at io.netty.channel.AbstractChannelHandlerContext.invokeChannelRead(AbstractChannelHandlerContext.java:440)
	at io.netty.channel.AbstractChannelHandlerContext.invokeChannelRead(AbstractChannelHandlerContext.java:420)
	at io.netty.channel.DefaultChannelPipeline.fireChannelRead(DefaultChannelPipeline.java:868)
	at io.netty.channel.nio.AbstractNioByteChannel$NioByteUnsafe.read(AbstractNioByteChannel.java:171)
	at io.netty.channel.nio.NioEventLoop.processSelectedKey(NioEventLoop.java:796)
	at io.netty.channel.nio.NioEventLoop.processSelectedKeysOptimized(NioEventLoop.java:732)
	at io.netty.channel.nio.NioEventLoop.processSelectedKeys(NioEventLoop.java:658)
	at io.netty.channel.nio.NioEventLoop.run(NioEventLoop.java:562)
	at io.netty.util.concurrent.SingleThreadEventExecutor$4.run(SingleThreadEventExecutor.java:998)
	at io.netty.util.internal.ThreadExecutorMap$2.run(ThreadExecutorMap.java:74)
	at java.base/java.lang.Thread.run(Thread.java:1583)
Caused by: javax.net.ssl.SSLHandshakeException: (certificate_unknown) PKIX path validation failed: java.security.cert.CertPathValidatorException: validity check failed
	at java.base/sun.security.ssl.Alert.createSSLException(Alert.java:130)
	at java.base/sun.security.ssl.TransportContext.fatal(TransportContext.java:383)
	at java.base/sun.security.ssl.TransportContext.fatal(TransportContext.java:326)
	at java.base/sun.security.ssl.TransportContext.fatal(TransportContext.java:321)
	at java.base/sun.security.ssl.CertificateMessage$T13CertificateConsumer.checkClientCerts(CertificateMessage.java:1232)
	at java.base/sun.security.ssl.CertificateMessage$T13CertificateConsumer.onConsumeCertificate(CertificateMessage.java:1136)
	at java.base/sun.security.ssl.CertificateMessage$T13CertificateConsumer.consume(CertificateMessage.java:1113)
	at java.base/sun.security.ssl.SSLHandshake.consume(SSLHandshake.java:393)
	at java.base/sun.security.ssl.HandshakeContext.dispatch(HandshakeContext.java:477)
	at java.base/sun.security.ssl.SSLEngineImpl$DelegatedTask$DelegatedAction.run(SSLEngineImpl.java:1274)
	at java.base/sun.security.ssl.SSLEngineImpl$DelegatedTask$DelegatedAction.run(SSLEngineImpl.java:1261)
	at java.base/java.security.AccessController.doPrivileged(AccessController.java:714)
	at java.base/sun.security.ssl.SSLEngineImpl$DelegatedTask.run(SSLEngineImpl.java:1206)
	at io.netty.handler.ssl.SslHandler.runDelegatedTasks(SslHandler.java:1695)
	at io.netty.handler.ssl.SslHandler.unwrap(SslHandler.java:1541)
	at io.netty.handler.ssl.SslHandler.decodeJdkCompatible(SslHandler.java:1377)
	at io.netty.handler.ssl.SslHandler.decode(SslHandler.java:1428)
	at io.netty.handler.codec.ByteToMessageDecoder.decodeRemovalReentryProtection(ByteToMessageDecoder.java:545)
	at io.netty.handler.codec.ByteToMessageDecoder.callDecode(ByteToMessageDecoder.java:484)
	... 16 more
Caused by: sun.security.validator.ValidatorException: PKIX path validation failed: java.security.cert.CertPathValidatorException: validity check failed
	at java.base/sun.security.validator.PKIXValidator.doValidate(PKIXValidator.java:318)
	at java.base/sun.security.validator.PKIXValidator.engineValidate(PKIXValidator.java:267)
	at java.base/sun.security.validator.Validator.validate(Validator.java:256)
	at java.base/sun.security.ssl.X509TrustManagerImpl.checkTrusted(X509TrustManagerImpl.java:284)
	at java.base/sun.security.ssl.X509TrustManagerImpl.checkClientTrusted(X509TrustManagerImpl.java:138)
	at io.netty.handler.ssl.EnhancingX509ExtendedTrustManager.checkClientTrusted(EnhancingX509ExtendedTrustManager.java:77)
	at java.base/sun.security.ssl.CertificateMessage$T13CertificateConsumer.checkClientCerts(CertificateMessage.java:1210)
	... 30 more
Caused by: java.security.cert.CertPathValidatorException: validity check failed
	at java.base/sun.security.provider.certpath.PKIXMasterCertPathValidator.validate(PKIXMasterCertPathValidator.java:135)
	at java.base/sun.security.provider.certpath.PKIXCertPathValidator.validate(PKIXCertPathValidator.java:224)
	at java.base/sun.security.provider.certpath.PKIXCertPathValidator.validate(PKIXCertPathValidator.java:144)
	at java.base/sun.security.provider.certpath.PKIXCertPathValidator.engineValidate(PKIXCertPathValidator.java:83)
	at java.base/java.security.cert.CertPathValidator.validate(CertPathValidator.java:309)
	at java.base/sun.security.validator.PKIXValidator.doValidate(PKIXValidator.java:313)
	... 36 more
Caused by: java.security.cert.CertificateExpiredException: NotAfter: Tue Jan 02 01:00:00 CET 2024
	at java.base/sun.security.x509.CertificateValidity.valid(CertificateValidity.java:182)
	at java.base/sun.security.x509.X509CertImpl.checkValidity(X509CertImpl.java:534)
	at java.base/sun.security.provider.certpath.BasicChecker.verifyValidity(BasicChecker.java:190)
	at java.base/sun.security.provider.certpath.BasicChecker.check(BasicChecker.java:144)
	at java.base/sun.security.provider.certpath.PKIXMasterCertPathValidator.validate(PKIXMasterCertPathValidator.java:125)
	... 41 more
[2026-08-08T16:32:49,738][INFO ][org.logstash.beats.BeatsHandler][beats-tls][cea61c76cb89e8de1c33fda45ab2b43ef03d0a587a2da8dd49b947033416f5e3] [local: 192.168.1.56:5044, remote: 192.168.1.55:38524] Handling exception: io.netty.handler.codec.DecoderException: javax.net.ssl.SSLHandshakeException: (certificate_unknown) PKIX path validation failed: java.security.cert.CertPathValidatorException: validity check failed (caused by: java.security.cert.CertificateExpiredException: NotAfter: Tue Jan 02 01:00:00 CET 2024)
[2026-08-08T16:32:49,739][WARN ][io.netty.channel.DefaultChannelPipeline][beats-tls][cea61c76cb89e8de1c33fda45ab2b43ef03d0a587a2da8dd49b947033416f5e3] An exceptionCaught() event was fired, and it reached at the tail of the pipeline. It usually means the last handler in the pipeline did not handle the exception.
io.netty.handler.codec.DecoderException: javax.net.ssl.SSLHandshakeException: (certificate_unknown) PKIX path validation failed: java.security.cert.CertPathValidatorException: validity check failed
	at io.netty.handler.codec.ByteToMessageDecoder.callDecode(ByteToMessageDecoder.java:515)
	at io.netty.handler.codec.ByteToMessageDecoder.channelRead(ByteToMessageDecoder.java:296)
	at io.netty.channel.AbstractChannelHandlerContext.invokeChannelRead(AbstractChannelHandlerContext.java:444)
	at io.netty.channel.AbstractChannelHandlerContext.invokeChannelRead(AbstractChannelHandlerContext.java:420)
	at io.netty.channel.AbstractChannelHandlerContext.fireChannelRead(AbstractChannelHandlerContext.java:412)
	at io.netty.channel.DefaultChannelPipeline$HeadContext.channelRead(DefaultChannelPipeline.java:1357)
	at io.netty.channel.AbstractChannelHandlerContext.invokeChannelRead(AbstractChannelHandlerContext.java:440)
	at io.netty.channel.AbstractChannelHandlerContext.invokeChannelRead(AbstractChannelHandlerContext.java:420)
	at io.netty.channel.DefaultChannelPipeline.fireChannelRead(DefaultChannelPipeline.java:868)
	at io.netty.channel.nio.AbstractNioByteChannel$NioByteUnsafe.read(AbstractNioByteChannel.java:171)
	at io.netty.channel.nio.NioEventLoop.processSelectedKey(NioEventLoop.java:796)
	at io.netty.channel.nio.NioEventLoop.processSelectedKeysOptimized(NioEventLoop.java:732)
	at io.netty.channel.nio.NioEventLoop.processSelectedKeys(NioEventLoop.java:658)
	at io.netty.channel.nio.NioEventLoop.run(NioEventLoop.java:562)
	at io.netty.util.concurrent.SingleThreadEventExecutor$4.run(SingleThreadEventExecutor.java:998)
	at io.netty.util.internal.ThreadExecutorMap$2.run(ThreadExecutorMap.java:74)
	at java.base/java.lang.Thread.run(Thread.java:1583)
Caused by: javax.net.ssl.SSLHandshakeException: (certificate_unknown) PKIX path validation failed: java.security.cert.CertPathValidatorException: validity check failed
	at java.base/sun.security.ssl.Alert.createSSLException(Alert.java:130)
	at java.base/sun.security.ssl.TransportContext.fatal(TransportContext.java:383)
	at java.base/sun.security.ssl.TransportContext.fatal(TransportContext.java:326)
	at java.base/sun.security.ssl.TransportContext.fatal(TransportContext.java:321)
	at java.base/sun.security.ssl.CertificateMessage$T13CertificateConsumer.checkClientCerts(CertificateMessage.java:1232)
	at java.base/sun.security.ssl.CertificateMessage$T13CertificateConsumer.onConsumeCertificate(CertificateMessage.java:1136)
	at java.base/sun.security.ssl.CertificateMessage$T13CertificateConsumer.consume(CertificateMessage.java:1113)
	at java.base/sun.security.ssl.SSLHandshake.consume(SSLHandshake.java:393)
	at java.base/sun.security.ssl.HandshakeContext.dispatch(HandshakeContext.java:477)
	at java.base/sun.security.ssl.SSLEngineImpl$DelegatedTask$DelegatedAction.run(SSLEngineImpl.java:1274)
	at java.base/sun.security.ssl.SSLEngineImpl$DelegatedTask$DelegatedAction.run(SSLEngineImpl.java:1261)
	at java.base/java.security.AccessController.doPrivileged(AccessController.java:714)
	at java.base/sun.security.ssl.SSLEngineImpl$DelegatedTask.run(SSLEngineImpl.java:1206)
	at io.netty.handler.ssl.SslHandler.runDelegatedTasks(SslHandler.java:1695)
	at io.netty.handler.ssl.SslHandler.unwrap(SslHandler.java:1541)
	at io.netty.handler.ssl.SslHandler.decodeJdkCompatible(SslHandler.java:1377)
	at io.netty.handler.ssl.SslHandler.decode(SslHandler.java:1428)
	at io.netty.handler.codec.ByteToMessageDecoder.decodeRemovalReentryProtection(ByteToMessageDecoder.java:545)
	at io.netty.handler.codec.ByteToMessageDecoder.callDecode(ByteToMessageDecoder.java:484)
	... 16 more
Caused by: sun.security.validator.ValidatorException: PKIX path validation failed: java.security.cert.CertPathValidatorException: validity check failed
	at java.base/sun.security.validator.PKIXValidator.doValidate(PKIXValidator.java:318)
	at java.base/sun.security.validator.PKIXValidator.engineValidate(PKIXValidator.java:267)
	at java.base/sun.security.validator.Validator.validate(Validator.java:256)
	at java.base/sun.security.ssl.X509TrustManagerImpl.checkTrusted(X509TrustManagerImpl.java:284)
	at java.base/sun.security.ssl.X509TrustManagerImpl.checkClientTrusted(X509TrustManagerImpl.java:138)
	at io.netty.handler.ssl.EnhancingX509ExtendedTrustManager.checkClientTrusted(EnhancingX509ExtendedTrustManager.java:77)
	at java.base/sun.security.ssl.CertificateMessage$T13CertificateConsumer.checkClientCerts(CertificateMessage.java:1210)
	... 30 more
Caused by: java.security.cert.CertPathValidatorException: validity check failed
	at java.base/sun.security.provider.certpath.PKIXMasterCertPathValidator.validate(PKIXMasterCertPathValidator.java:135)
	at java.base/sun.security.provider.certpath.PKIXCertPathValidator.validate(PKIXCertPathValidator.java:224)
	at java.base/sun.security.provider.certpath.PKIXCertPathValidator.validate(PKIXCertPathValidator.java:144)
	at java.base/sun.security.provider.certpath.PKIXCertPathValidator.engineValidate(PKIXCertPathValidator.java:83)
	at java.base/java.security.cert.CertPathValidator.validate(CertPathValidator.java:309)
	at java.base/sun.security.validator.PKIXValidator.doValidate(PKIXValidator.java:313)
	... 36 more
Caused by: java.security.cert.CertificateExpiredException: NotAfter: Tue Jan 02 01:00:00 CET 2024
	at java.base/sun.security.x509.CertificateValidity.valid(CertificateValidity.java:182)
	at java.base/sun.security.x509.X509CertImpl.checkValidity(X509CertImpl.java:534)
	at java.base/sun.security.provider.certpath.BasicChecker.verifyValidity(BasicChecker.java:190)
	at java.base/sun.security.provider.certpath.BasicChecker.check(BasicChecker.java:144)
	at java.base/sun.security.provider.certpath.PKIXMasterCertPathValidator.validate(PKIXMasterCertPathValidator.java:125)
	... 41 more
[2026-08-08T16:32:50,843][INFO ][org.logstash.beats.BeatsHandler][beats-tls][cea61c76cb89e8de1c33fda45ab2b43ef03d0a587a2da8dd49b947033416f5e3] [local: 192.168.1.56:5044, remote: 192.168.1.55:38536] Handling exception: io.netty.handler.codec.DecoderException: javax.net.ssl.SSLHandshakeException: (certificate_unknown) PKIX path validation failed: java.security.cert.CertPathValidatorException: validity check failed (caused by: java.security.cert.CertificateExpiredException: NotAfter: Tue Jan 02 01:00:00 CET 2024)
[2026-08-08T16:32:50,843][WARN ][io.netty.channel.DefaultChannelPipeline][beats-tls][cea61c76cb89e8de1c33fda45ab2b43ef03d0a587a2da8dd49b947033416f5e3] An exceptionCaught() event was fired, and it reached at the tail of the pipeline. It usually means the last handler in the pipeline did not handle the exception.
io.netty.handler.codec.DecoderException: javax.net.ssl.SSLHandshakeException: (certificate_unknown) PKIX path validation failed: java.security.cert.CertPathValidatorException: validity check failed
	at io.netty.handler.codec.ByteToMessageDecoder.callDecode(ByteToMessageDecoder.java:515)
	at io.netty.handler.codec.ByteToMessageDecoder.channelRead(ByteToMessageDecoder.java:296)
	at io.netty.channel.AbstractChannelHandlerContext.invokeChannelRead(AbstractChannelHandlerContext.java:444)
	at io.netty.channel.AbstractChannelHandlerContext.invokeChannelRead(AbstractChannelHandlerContext.java:420)
	at io.netty.channel.AbstractChannelHandlerContext.fireChannelRead(AbstractChannelHandlerContext.java:412)
	at io.netty.channel.DefaultChannelPipeline$HeadContext.channelRead(DefaultChannelPipeline.java:1357)
	at io.netty.channel.AbstractChannelHandlerContext.invokeChannelRead(AbstractChannelHandlerContext.java:440)
	at io.netty.channel.AbstractChannelHandlerContext.invokeChannelRead(AbstractChannelHandlerContext.java:420)
	at io.netty.channel.DefaultChannelPipeline.fireChannelRead(DefaultChannelPipeline.java:868)
	at io.netty.channel.nio.AbstractNioByteChannel$NioByteUnsafe.read(AbstractNioByteChannel.java:171)
	at io.netty.channel.nio.NioEventLoop.processSelectedKey(NioEventLoop.java:796)
	at io.netty.channel.nio.NioEventLoop.processSelectedKeysOptimized(NioEventLoop.java:732)
	at io.netty.channel.nio.NioEventLoop.processSelectedKeys(NioEventLoop.java:658)
	at io.netty.channel.nio.NioEventLoop.run(NioEventLoop.java:562)
	at io.netty.util.concurrent.SingleThreadEventExecutor$4.run(SingleThreadEventExecutor.java:998)
	at io.netty.util.internal.ThreadExecutorMap$2.run(ThreadExecutorMap.java:74)
	at java.base/java.lang.Thread.run(Thread.java:1583)
Caused by: javax.net.ssl.SSLHandshakeException: (certificate_unknown) PKIX path validation failed: java.security.cert.CertPathValidatorException: validity check failed
	at java.base/sun.security.ssl.Alert.createSSLException(Alert.java:130)
	at java.base/sun.security.ssl.TransportContext.fatal(TransportContext.java:383)
	at java.base/sun.security.ssl.TransportContext.fatal(TransportContext.java:326)
	at java.base/sun.security.ssl.TransportContext.fatal(TransportContext.java:321)
	at java.base/sun.security.ssl.CertificateMessage$T13CertificateConsumer.checkClientCerts(CertificateMessage.java:1232)
	at java.base/sun.security.ssl.CertificateMessage$T13CertificateConsumer.onConsumeCertificate(CertificateMessage.java:1136)
	at java.base/sun.security.ssl.CertificateMessage$T13CertificateConsumer.consume(CertificateMessage.java:1113)
	at java.base/sun.security.ssl.SSLHandshake.consume(SSLHandshake.java:393)
	at java.base/sun.security.ssl.HandshakeContext.dispatch(HandshakeContext.java:477)
	at java.base/sun.security.ssl.SSLEngineImpl$DelegatedTask$DelegatedAction.run(SSLEngineImpl.java:1274)
	at java.base/sun.security.ssl.SSLEngineImpl$DelegatedTask$DelegatedAction.run(SSLEngineImpl.java:1261)
	at java.base/java.security.AccessController.doPrivileged(AccessController.java:714)
	at java.base/sun.security.ssl.SSLEngineImpl$DelegatedTask.run(SSLEngineImpl.java:1206)
	at io.netty.handler.ssl.SslHandler.runDelegatedTasks(SslHandler.java:1695)
	at io.netty.handler.ssl.SslHandler.unwrap(SslHandler.java:1541)
	at io.netty.handler.ssl.SslHandler.decodeJdkCompatible(SslHandler.java:1377)
	at io.netty.handler.ssl.SslHandler.decode(SslHandler.java:1428)
	at io.netty.handler.codec.ByteToMessageDecoder.decodeRemovalReentryProtection(ByteToMessageDecoder.java:545)
	at io.netty.handler.codec.ByteToMessageDecoder.callDecode(ByteToMessageDecoder.java:484)
	... 16 more
Caused by: sun.security.validator.ValidatorException: PKIX path validation failed: java.security.cert.CertPathValidatorException: validity check failed
	at java.base/sun.security.validator.PKIXValidator.doValidate(PKIXValidator.java:318)
	at java.base/sun.security.validator.PKIXValidator.engineValidate(PKIXValidator.java:267)
	at java.base/sun.security.validator.Validator.validate(Validator.java:256)
	at java.base/sun.security.ssl.X509TrustManagerImpl.checkTrusted(X509TrustManagerImpl.java:284)
	at java.base/sun.security.ssl.X509TrustManagerImpl.checkClientTrusted(X509TrustManagerImpl.java:138)
	at io.netty.handler.ssl.EnhancingX509ExtendedTrustManager.checkClientTrusted(EnhancingX509ExtendedTrustManager.java:77)
	at java.base/sun.security.ssl.CertificateMessage$T13CertificateConsumer.checkClientCerts(CertificateMessage.java:1210)
	... 30 more
Caused by: java.security.cert.CertPathValidatorException: validity check failed
	at java.base/sun.security.provider.certpath.PKIXMasterCertPathValidator.validate(PKIXMasterCertPathValidator.java:135)
	at java.base/sun.security.provider.certpath.PKIXCertPathValidator.validate(PKIXCertPathValidator.java:224)
	at java.base/sun.security.provider.certpath.PKIXCertPathValidator.validate(PKIXCertPathValidator.java:144)
	at java.base/sun.security.provider.certpath.PKIXCertPathValidator.engineValidate(PKIXCertPathValidator.java:83)
	at java.base/java.security.cert.CertPathValidator.validate(CertPathValidator.java:309)
	at java.base/sun.security.validator.PKIXValidator.doValidate(PKIXValidator.java:313)
	... 36 more
Caused by: java.security.cert.CertificateExpiredException: NotAfter: Tue Jan 02 01:00:00 CET 2024
	at java.base/sun.security.x509.CertificateValidity.valid(CertificateValidity.java:182)
	at java.base/sun.security.x509.X509CertImpl.checkValidity(X509CertImpl.java:534)
	at java.base/sun.security.provider.certpath.BasicChecker.verifyValidity(BasicChecker.java:190)
	at java.base/sun.security.provider.certpath.BasicChecker.check(BasicChecker.java:144)
	at java.base/sun.security.provider.certpath.PKIXMasterCertPathValidator.validate(PKIXMasterCertPathValidator.java:125)
	... 41 more
[2026-08-08T16:32:52,092][INFO ][org.logstash.beats.BeatsHandler][beats-tls][cea61c76cb89e8de1c33fda45ab2b43ef03d0a587a2da8dd49b947033416f5e3] [local: 192.168.1.56:5044, remote: 192.168.1.55:38552] Handling exception: io.netty.handler.codec.DecoderException: javax.net.ssl.SSLHandshakeException: (certificate_unknown) PKIX path validation failed: java.security.cert.CertPathValidatorException: validity check failed (caused by: java.security.cert.CertificateExpiredException: NotAfter: Tue Jan 02 01:00:00 CET 2024)
[2026-08-08T16:32:52,092][WARN ][io.netty.channel.DefaultChannelPipeline][beats-tls][cea61c76cb89e8de1c33fda45ab2b43ef03d0a587a2da8dd49b947033416f5e3] An exceptionCaught() event was fired, and it reached at the tail of the pipeline. It usually means the last handler in the pipeline did not handle the exception.
io.netty.handler.codec.DecoderException: javax.net.ssl.SSLHandshakeException: (certificate_unknown) PKIX path validation failed: java.security.cert.CertPathValidatorException: validity check failed
	at io.netty.handler.codec.ByteToMessageDecoder.callDecode(ByteToMessageDecoder.java:515)
	at io.netty.handler.codec.ByteToMessageDecoder.channelRead(ByteToMessageDecoder.java:296)
	at io.netty.channel.AbstractChannelHandlerContext.invokeChannelRead(AbstractChannelHandlerContext.java:444)
	at io.netty.channel.AbstractChannelHandlerContext.invokeChannelRead(AbstractChannelHandlerContext.java:420)
	at io.netty.channel.AbstractChannelHandlerContext.fireChannelRead(AbstractChannelHandlerContext.java:412)
	at io.netty.channel.DefaultChannelPipeline$HeadContext.channelRead(DefaultChannelPipeline.java:1357)
	at io.netty.channel.AbstractChannelHandlerContext.invokeChannelRead(AbstractChannelHandlerContext.java:440)
	at io.netty.channel.AbstractChannelHandlerContext.invokeChannelRead(AbstractChannelHandlerContext.java:420)
	at io.netty.channel.DefaultChannelPipeline.fireChannelRead(DefaultChannelPipeline.java:868)
	at io.netty.channel.nio.AbstractNioByteChannel$NioByteUnsafe.read(AbstractNioByteChannel.java:171)
	at io.netty.channel.nio.NioEventLoop.processSelectedKey(NioEventLoop.java:796)
	at io.netty.channel.nio.NioEventLoop.processSelectedKeysOptimized(NioEventLoop.java:732)
	at io.netty.channel.nio.NioEventLoop.processSelectedKeys(NioEventLoop.java:658)
	at io.netty.channel.nio.NioEventLoop.run(NioEventLoop.java:562)
	at io.netty.util.concurrent.SingleThreadEventExecutor$4.run(SingleThreadEventExecutor.java:998)
	at io.netty.util.internal.ThreadExecutorMap$2.run(ThreadExecutorMap.java:74)
	at java.base/java.lang.Thread.run(Thread.java:1583)
Caused by: javax.net.ssl.SSLHandshakeException: (certificate_unknown) PKIX path validation failed: java.security.cert.CertPathValidatorException: validity check failed
	at java.base/sun.security.ssl.Alert.createSSLException(Alert.java:130)
	at java.base/sun.security.ssl.TransportContext.fatal(TransportContext.java:383)
	at java.base/sun.security.ssl.TransportContext.fatal(TransportContext.java:326)
	at java.base/sun.security.ssl.TransportContext.fatal(TransportContext.java:321)
	at java.base/sun.security.ssl.CertificateMessage$T13CertificateConsumer.checkClientCerts(CertificateMessage.java:1232)
	at java.base/sun.security.ssl.CertificateMessage$T13CertificateConsumer.onConsumeCertificate(CertificateMessage.java:1136)
	at java.base/sun.security.ssl.CertificateMessage$T13CertificateConsumer.consume(CertificateMessage.java:1113)
	at java.base/sun.security.ssl.SSLHandshake.consume(SSLHandshake.java:393)
	at java.base/sun.security.ssl.HandshakeContext.dispatch(HandshakeContext.java:477)
	at java.base/sun.security.ssl.SSLEngineImpl$DelegatedTask$DelegatedAction.run(SSLEngineImpl.java:1274)
	at java.base/sun.security.ssl.SSLEngineImpl$DelegatedTask$DelegatedAction.run(SSLEngineImpl.java:1261)
	at java.base/java.security.AccessController.doPrivileged(AccessController.java:714)
	at java.base/sun.security.ssl.SSLEngineImpl$DelegatedTask.run(SSLEngineImpl.java:1206)
	at io.netty.handler.ssl.SslHandler.runDelegatedTasks(SslHandler.java:1695)
	at io.netty.handler.ssl.SslHandler.unwrap(SslHandler.java:1541)
	at io.netty.handler.ssl.SslHandler.decodeJdkCompatible(SslHandler.java:1377)
	at io.netty.handler.ssl.SslHandler.decode(SslHandler.java:1428)
	at io.netty.handler.codec.ByteToMessageDecoder.decodeRemovalReentryProtection(ByteToMessageDecoder.java:545)
	at io.netty.handler.codec.ByteToMessageDecoder.callDecode(ByteToMessageDecoder.java:484)
	... 16 more
Caused by: sun.security.validator.ValidatorException: PKIX path validation failed: java.security.cert.CertPathValidatorException: validity check failed
	at java.base/sun.security.validator.PKIXValidator.doValidate(PKIXValidator.java:318)
	at java.base/sun.security.validator.PKIXValidator.engineValidate(PKIXValidator.java:267)
	at java.base/sun.security.validator.Validator.validate(Validator.java:256)
	at java.base/sun.security.ssl.X509TrustManagerImpl.checkTrusted(X509TrustManagerImpl.java:284)
	at java.base/sun.security.ssl.X509TrustManagerImpl.checkClientTrusted(X509TrustManagerImpl.java:138)
	at io.netty.handler.ssl.EnhancingX509ExtendedTrustManager.checkClientTrusted(EnhancingX509ExtendedTrustManager.java:77)
	at java.base/sun.security.ssl.CertificateMessage$T13CertificateConsumer.checkClientCerts(CertificateMessage.java:1210)
	... 30 more
Caused by: java.security.cert.CertPathValidatorException: validity check failed
	at java.base/sun.security.provider.certpath.PKIXMasterCertPathValidator.validate(PKIXMasterCertPathValidator.java:135)
	at java.base/sun.security.provider.certpath.PKIXCertPathValidator.validate(PKIXCertPathValidator.java:224)
	at java.base/sun.security.provider.certpath.PKIXCertPathValidator.validate(PKIXCertPathValidator.java:144)
	at java.base/sun.security.provider.certpath.PKIXCertPathValidator.engineValidate(PKIXCertPathValidator.java:83)
	at java.base/java.security.cert.CertPathValidator.validate(CertPathValidator.java:309)
	at java.base/sun.security.validator.PKIXValidator.doValidate(PKIXValidator.java:313)
	... 36 more
Caused by: java.security.cert.CertificateExpiredException: NotAfter: Tue Jan 02 01:00:00 CET 2024
	at java.base/sun.security.x509.CertificateValidity.valid(CertificateValidity.java:182)
	at java.base/sun.security.x509.X509CertImpl.checkValidity(X509CertImpl.java:534)
	at java.base/sun.security.provider.certpath.BasicChecker.verifyValidity(BasicChecker.java:190)
	at java.base/sun.security.provider.certpath.BasicChecker.check(BasicChecker.java:144)
	at java.base/sun.security.provider.certpath.PKIXMasterCertPathValidator.validate(PKIXMasterCertPathValidator.java:125)
	... 41 more
[2026-08-08T16:32:55,046][INFO ][org.logstash.beats.BeatsHandler][beats-tls][cea61c76cb89e8de1c33fda45ab2b43ef03d0a587a2da8dd49b947033416f5e3] [local: 192.168.1.56:5044, remote: 192.168.1.55:38554] Handling exception: io.netty.handler.codec.DecoderException: javax.net.ssl.SSLHandshakeException: (certificate_unknown) PKIX path validation failed: java.security.cert.CertPathValidatorException: validity check failed (caused by: java.security.cert.CertificateExpiredException: NotAfter: Tue Jan 02 01:00:00 CET 2024)
[2026-08-08T16:32:55,050][WARN ][io.netty.channel.DefaultChannelPipeline][beats-tls][cea61c76cb89e8de1c33fda45ab2b43ef03d0a587a2da8dd49b947033416f5e3] An exceptionCaught() event was fired, and it reached at the tail of the pipeline. It usually means the last handler in the pipeline did not handle the exception.
io.netty.handler.codec.DecoderException: javax.net.ssl.SSLHandshakeException: (certificate_unknown) PKIX path validation failed: java.security.cert.CertPathValidatorException: validity check failed
	at io.netty.handler.codec.ByteToMessageDecoder.callDecode(ByteToMessageDecoder.java:515)
	at io.netty.handler.codec.ByteToMessageDecoder.channelRead(ByteToMessageDecoder.java:296)
	at io.netty.channel.AbstractChannelHandlerContext.invokeChannelRead(AbstractChannelHandlerContext.java:444)
	at io.netty.channel.AbstractChannelHandlerContext.invokeChannelRead(AbstractChannelHandlerContext.java:420)
	at io.netty.channel.AbstractChannelHandlerContext.fireChannelRead(AbstractChannelHandlerContext.java:412)
	at io.netty.channel.DefaultChannelPipeline$HeadContext.channelRead(DefaultChannelPipeline.java:1357)
	at io.netty.channel.AbstractChannelHandlerContext.invokeChannelRead(AbstractChannelHandlerContext.java:440)
	at io.netty.channel.AbstractChannelHandlerContext.invokeChannelRead(AbstractChannelHandlerContext.java:420)
	at io.netty.channel.DefaultChannelPipeline.fireChannelRead(DefaultChannelPipeline.java:868)
	at io.netty.channel.nio.AbstractNioByteChannel$NioByteUnsafe.read(AbstractNioByteChannel.java:171)
	at io.netty.channel.nio.NioEventLoop.processSelectedKey(NioEventLoop.java:796)
	at io.netty.channel.nio.NioEventLoop.processSelectedKeysOptimized(NioEventLoop.java:732)
	at io.netty.channel.nio.NioEventLoop.processSelectedKeys(NioEventLoop.java:658)
	at io.netty.channel.nio.NioEventLoop.run(NioEventLoop.java:562)
	at io.netty.util.concurrent.SingleThreadEventExecutor$4.run(SingleThreadEventExecutor.java:998)
	at io.netty.util.internal.ThreadExecutorMap$2.run(ThreadExecutorMap.java:74)
	at java.base/java.lang.Thread.run(Thread.java:1583)
Caused by: javax.net.ssl.SSLHandshakeException: (certificate_unknown) PKIX path validation failed: java.security.cert.CertPathValidatorException: validity check failed
	at java.base/sun.security.ssl.Alert.createSSLException(Alert.java:130)
	at java.base/sun.security.ssl.TransportContext.fatal(TransportContext.java:383)
	at java.base/sun.security.ssl.TransportContext.fatal(TransportContext.java:326)
	at java.base/sun.security.ssl.TransportContext.fatal(TransportContext.java:321)
	at java.base/sun.security.ssl.CertificateMessage$T13CertificateConsumer.checkClientCerts(CertificateMessage.java:1232)
	at java.base/sun.security.ssl.CertificateMessage$T13CertificateConsumer.onConsumeCertificate(CertificateMessage.java:1136)
	at java.base/sun.security.ssl.CertificateMessage$T13CertificateConsumer.consume(CertificateMessage.java:1113)
	at java.base/sun.security.ssl.SSLHandshake.consume(SSLHandshake.java:393)
	at java.base/sun.security.ssl.HandshakeContext.dispatch(HandshakeContext.java:477)
	at java.base/sun.security.ssl.SSLEngineImpl$DelegatedTask$DelegatedAction.run(SSLEngineImpl.java:1274)
	at java.base/sun.security.ssl.SSLEngineImpl$DelegatedTask$DelegatedAction.run(SSLEngineImpl.java:1261)
	at java.base/java.security.AccessController.doPrivileged(AccessController.java:714)
	at java.base/sun.security.ssl.SSLEngineImpl$DelegatedTask.run(SSLEngineImpl.java:1206)
	at io.netty.handler.ssl.SslHandler.runDelegatedTasks(SslHandler.java:1695)
	at io.netty.handler.ssl.SslHandler.unwrap(SslHandler.java:1541)
	at io.netty.handler.ssl.SslHandler.decodeJdkCompatible(SslHandler.java:1377)
	at io.netty.handler.ssl.SslHandler.decode(SslHandler.java:1428)
	at io.netty.handler.codec.ByteToMessageDecoder.decodeRemovalReentryProtection(ByteToMessageDecoder.java:545)
	at io.netty.handler.codec.ByteToMessageDecoder.callDecode(ByteToMessageDecoder.java:484)
	... 16 more
Caused by: sun.security.validator.ValidatorException: PKIX path validation failed: java.security.cert.CertPathValidatorException: validity check failed
	at java.base/sun.security.validator.PKIXValidator.doValidate(PKIXValidator.java:318)
	at java.base/sun.security.validator.PKIXValidator.engineValidate(PKIXValidator.java:267)
	at java.base/sun.security.validator.Validator.validate(Validator.java:256)
	at java.base/sun.security.ssl.X509TrustManagerImpl.checkTrusted(X509TrustManagerImpl.java:284)
	at java.base/sun.security.ssl.X509TrustManagerImpl.checkClientTrusted(X509TrustManagerImpl.java:138)
	at io.netty.handler.ssl.EnhancingX509ExtendedTrustManager.checkClientTrusted(EnhancingX509ExtendedTrustManager.java:77)
	at java.base/sun.security.ssl.CertificateMessage$T13CertificateConsumer.checkClientCerts(CertificateMessage.java:1210)
	... 30 more
Caused by: java.security.cert.CertPathValidatorException: validity check failed
	at java.base/sun.security.provider.certpath.PKIXMasterCertPathValidator.validate(PKIXMasterCertPathValidator.java:135)
	at java.base/sun.security.provider.certpath.PKIXCertPathValidator.validate(PKIXCertPathValidator.java:224)
	at java.base/sun.security.provider.certpath.PKIXCertPathValidator.validate(PKIXCertPathValidator.java:144)
	at java.base/sun.security.provider.certpath.PKIXCertPathValidator.engineValidate(PKIXCertPathValidator.java:83)
	at java.base/java.security.cert.CertPathValidator.validate(CertPathValidator.java:309)
	at java.base/sun.security.validator.PKIXValidator.doValidate(PKIXValidator.java:313)
	... 36 more
Caused by: java.security.cert.CertificateExpiredException: NotAfter: Tue Jan 02 01:00:00 CET 2024
	at java.base/sun.security.x509.CertificateValidity.valid(CertificateValidity.java:182)
	at java.base/sun.security.x509.X509CertImpl.checkValidity(X509CertImpl.java:534)
	at java.base/sun.security.provider.certpath.BasicChecker.verifyValidity(BasicChecker.java:190)
	at java.base/sun.security.provider.certpath.BasicChecker.check(BasicChecker.java:144)
	at java.base/sun.security.provider.certpath.PKIXMasterCertPathValidator.validate(PKIXMasterCertPathValidator.java:125)
	... 41 more
[2026-08-08T16:32:57,047][INFO ][org.logstash.beats.BeatsHandler][beats-tls][cea61c76cb89e8de1c33fda45ab2b43ef03d0a587a2da8dd49b947033416f5e3] [local: 192.168.1.56:5044, remote: 192.168.1.55:38560] Handling exception: io.netty.handler.codec.DecoderException: javax.net.ssl.SSLHandshakeException: (certificate_unknown) PKIX path validation failed: java.security.cert.CertPathValidatorException: validity check failed (caused by: java.security.cert.CertificateExpiredException: NotAfter: Tue Jan 02 01:00:00 CET 2024)
[2026-08-08T16:32:57,049][WARN ][io.netty.channel.DefaultChannelPipeline][beats-tls][cea61c76cb89e8de1c33fda45ab2b43ef03d0a587a2da8dd49b947033416f5e3] An exceptionCaught() event was fired, and it reached at the tail of the pipeline. It usually means the last handler in the pipeline did not handle the exception.
io.netty.handler.codec.DecoderException: javax.net.ssl.SSLHandshakeException: (certificate_unknown) PKIX path validation failed: java.security.cert.CertPathValidatorException: validity check failed
	at io.netty.handler.codec.ByteToMessageDecoder.callDecode(ByteToMessageDecoder.java:515)
	at io.netty.handler.codec.ByteToMessageDecoder.channelRead(ByteToMessageDecoder.java:296)
	at io.netty.channel.AbstractChannelHandlerContext.invokeChannelRead(AbstractChannelHandlerContext.java:444)
	at io.netty.channel.AbstractChannelHandlerContext.invokeChannelRead(AbstractChannelHandlerContext.java:420)
	at io.netty.channel.AbstractChannelHandlerContext.fireChannelRead(AbstractChannelHandlerContext.java:412)
	at io.netty.channel.DefaultChannelPipeline$HeadContext.channelRead(DefaultChannelPipeline.java:1357)
	at io.netty.channel.AbstractChannelHandlerContext.invokeChannelRead(AbstractChannelHandlerContext.java:440)
	at io.netty.channel.AbstractChannelHandlerContext.invokeChannelRead(AbstractChannelHandlerContext.java:420)
	at io.netty.channel.DefaultChannelPipeline.fireChannelRead(DefaultChannelPipeline.java:868)
	at io.netty.channel.nio.AbstractNioByteChannel$NioByteUnsafe.read(AbstractNioByteChannel.java:171)
	at io.netty.channel.nio.NioEventLoop.processSelectedKey(NioEventLoop.java:796)
	at io.netty.channel.nio.NioEventLoop.processSelectedKeysOptimized(NioEventLoop.java:732)
	at io.netty.channel.nio.NioEventLoop.processSelectedKeys(NioEventLoop.java:658)
	at io.netty.channel.nio.NioEventLoop.run(NioEventLoop.java:562)
	at io.netty.util.concurrent.SingleThreadEventExecutor$4.run(SingleThreadEventExecutor.java:998)
	at io.netty.util.internal.ThreadExecutorMap$2.run(ThreadExecutorMap.java:74)
	at java.base/java.lang.Thread.run(Thread.java:1583)
Caused by: javax.net.ssl.SSLHandshakeException: (certificate_unknown) PKIX path validation failed: java.security.cert.CertPathValidatorException: validity check failed
	at java.base/sun.security.ssl.Alert.createSSLException(Alert.java:130)
	at java.base/sun.security.ssl.TransportContext.fatal(TransportContext.java:383)
	at java.base/sun.security.ssl.TransportContext.fatal(TransportContext.java:326)
	at java.base/sun.security.ssl.TransportContext.fatal(TransportContext.java:321)
	at java.base/sun.security.ssl.CertificateMessage$T13CertificateConsumer.checkClientCerts(CertificateMessage.java:1232)
	at java.base/sun.security.ssl.CertificateMessage$T13CertificateConsumer.onConsumeCertificate(CertificateMessage.java:1136)
	at java.base/sun.security.ssl.CertificateMessage$T13CertificateConsumer.consume(CertificateMessage.java:1113)
	at java.base/sun.security.ssl.SSLHandshake.consume(SSLHandshake.java:393)
	at java.base/sun.security.ssl.HandshakeContext.dispatch(HandshakeContext.java:477)
	at java.base/sun.security.ssl.SSLEngineImpl$DelegatedTask$DelegatedAction.run(SSLEngineImpl.java:1274)
	at java.base/sun.security.ssl.SSLEngineImpl$DelegatedTask$DelegatedAction.run(SSLEngineImpl.java:1261)
	at java.base/java.security.AccessController.doPrivileged(AccessController.java:714)
	at java.base/sun.security.ssl.SSLEngineImpl$DelegatedTask.run(SSLEngineImpl.java:1206)
	at io.netty.handler.ssl.SslHandler.runDelegatedTasks(SslHandler.java:1695)
	at io.netty.handler.ssl.SslHandler.unwrap(SslHandler.java:1541)
	at io.netty.handler.ssl.SslHandler.decodeJdkCompatible(SslHandler.java:1377)
	at io.netty.handler.ssl.SslHandler.decode(SslHandler.java:1428)
	at io.netty.handler.codec.ByteToMessageDecoder.decodeRemovalReentryProtection(ByteToMessageDecoder.java:545)
	at io.netty.handler.codec.ByteToMessageDecoder.callDecode(ByteToMessageDecoder.java:484)
	... 16 more
Caused by: sun.security.validator.ValidatorException: PKIX path validation failed: java.security.cert.CertPathValidatorException: validity check failed
	at java.base/sun.security.validator.PKIXValidator.doValidate(PKIXValidator.java:318)
	at java.base/sun.security.validator.PKIXValidator.engineValidate(PKIXValidator.java:267)
	at java.base/sun.security.validator.Validator.validate(Validator.java:256)
	at java.base/sun.security.ssl.X509TrustManagerImpl.checkTrusted(X509TrustManagerImpl.java:284)
	at java.base/sun.security.ssl.X509TrustManagerImpl.checkClientTrusted(X509TrustManagerImpl.java:138)
	at io.netty.handler.ssl.EnhancingX509ExtendedTrustManager.checkClientTrusted(EnhancingX509ExtendedTrustManager.java:77)
	at java.base/sun.security.ssl.CertificateMessage$T13CertificateConsumer.checkClientCerts(CertificateMessage.java:1210)
	... 30 more
Caused by: java.security.cert.CertPathValidatorException: validity check failed
	at java.base/sun.security.provider.certpath.PKIXMasterCertPathValidator.validate(PKIXMasterCertPathValidator.java:135)
	at java.base/sun.security.provider.certpath.PKIXCertPathValidator.validate(PKIXCertPathValidator.java:224)
	at java.base/sun.security.provider.certpath.PKIXCertPathValidator.validate(PKIXCertPathValidator.java:144)
	at java.base/sun.security.provider.certpath.PKIXCertPathValidator.engineValidate(PKIXCertPathValidator.java:83)
	at java.base/java.security.cert.CertPathValidator.validate(CertPathValidator.java:309)
	at java.base/sun.security.validator.PKIXValidator.doValidate(PKIXValidator.java:313)
	... 36 more
Caused by: java.security.cert.CertificateExpiredException: NotAfter: Tue Jan 02 01:00:00 CET 2024
	at java.base/sun.security.x509.CertificateValidity.valid(CertificateValidity.java:182)
	at java.base/sun.security.x509.X509CertImpl.checkValidity(X509CertImpl.java:534)
	at java.base/sun.security.provider.certpath.BasicChecker.verifyValidity(BasicChecker.java:190)
	at java.base/sun.security.provider.certpath.BasicChecker.check(BasicChecker.java:144)
	at java.base/sun.security.provider.certpath.PKIXMasterCertPathValidator.validate(PKIXMasterCertPathValidator.java:125)
	... 41 more
[2026-08-08T16:32:58,397][INFO ][org.logstash.beats.BeatsHandler][beats-tls][cea61c76cb89e8de1c33fda45ab2b43ef03d0a587a2da8dd49b947033416f5e3] [local: 192.168.1.56:5044, remote: 192.168.1.55:45188] Handling exception: io.netty.handler.codec.DecoderException: javax.net.ssl.SSLHandshakeException: (certificate_unknown) PKIX path validation failed: java.security.cert.CertPathValidatorException: validity check failed (caused by: java.security.cert.CertificateExpiredException: NotAfter: Tue Jan 02 01:00:00 CET 2024)
[2026-08-08T16:32:58,397][WARN ][io.netty.channel.DefaultChannelPipeline][beats-tls][cea61c76cb89e8de1c33fda45ab2b43ef03d0a587a2da8dd49b947033416f5e3] An exceptionCaught() event was fired, and it reached at the tail of the pipeline. It usually means the last handler in the pipeline did not handle the exception.
io.netty.handler.codec.DecoderException: javax.net.ssl.SSLHandshakeException: (certificate_unknown) PKIX path validation failed: java.security.cert.CertPathValidatorException: validity check failed
	at io.netty.handler.codec.ByteToMessageDecoder.callDecode(ByteToMessageDecoder.java:515)
	at io.netty.handler.codec.ByteToMessageDecoder.channelRead(ByteToMessageDecoder.java:296)
	at io.netty.channel.AbstractChannelHandlerContext.invokeChannelRead(AbstractChannelHandlerContext.java:444)
	at io.netty.channel.AbstractChannelHandlerContext.invokeChannelRead(AbstractChannelHandlerContext.java:420)
	at io.netty.channel.AbstractChannelHandlerContext.fireChannelRead(AbstractChannelHandlerContext.java:412)
	at io.netty.channel.DefaultChannelPipeline$HeadContext.channelRead(DefaultChannelPipeline.java:1357)
	at io.netty.channel.AbstractChannelHandlerContext.invokeChannelRead(AbstractChannelHandlerContext.java:440)
	at io.netty.channel.AbstractChannelHandlerContext.invokeChannelRead(AbstractChannelHandlerContext.java:420)
	at io.netty.channel.DefaultChannelPipeline.fireChannelRead(DefaultChannelPipeline.java:868)
	at io.netty.channel.nio.AbstractNioByteChannel$NioByteUnsafe.read(AbstractNioByteChannel.java:171)
	at io.netty.channel.nio.NioEventLoop.processSelectedKey(NioEventLoop.java:796)
	at io.netty.channel.nio.NioEventLoop.processSelectedKeysOptimized(NioEventLoop.java:732)
	at io.netty.channel.nio.NioEventLoop.processSelectedKeys(NioEventLoop.java:658)
	at io.netty.channel.nio.NioEventLoop.run(NioEventLoop.java:562)
	at io.netty.util.concurrent.SingleThreadEventExecutor$4.run(SingleThreadEventExecutor.java:998)
	at io.netty.util.internal.ThreadExecutorMap$2.run(ThreadExecutorMap.java:74)
	at java.base/java.lang.Thread.run(Thread.java:1583)
Caused by: javax.net.ssl.SSLHandshakeException: (certificate_unknown) PKIX path validation failed: java.security.cert.CertPathValidatorException: validity check failed
	at java.base/sun.security.ssl.Alert.createSSLException(Alert.java:130)
	at java.base/sun.security.ssl.TransportContext.fatal(TransportContext.java:383)
	at java.base/sun.security.ssl.TransportContext.fatal(TransportContext.java:326)
	at java.base/sun.security.ssl.TransportContext.fatal(TransportContext.java:321)
	at java.base/sun.security.ssl.CertificateMessage$T13CertificateConsumer.checkClientCerts(CertificateMessage.java:1232)
	at java.base/sun.security.ssl.CertificateMessage$T13CertificateConsumer.onConsumeCertificate(CertificateMessage.java:1136)
	at java.base/sun.security.ssl.CertificateMessage$T13CertificateConsumer.consume(CertificateMessage.java:1113)
	at java.base/sun.security.ssl.SSLHandshake.consume(SSLHandshake.java:393)
	at java.base/sun.security.ssl.HandshakeContext.dispatch(HandshakeContext.java:477)
	at java.base/sun.security.ssl.SSLEngineImpl$DelegatedTask$DelegatedAction.run(SSLEngineImpl.java:1274)
	at java.base/sun.security.ssl.SSLEngineImpl$DelegatedTask$DelegatedAction.run(SSLEngineImpl.java:1261)
	at java.base/java.security.AccessController.doPrivileged(AccessController.java:714)
	at java.base/sun.security.ssl.SSLEngineImpl$DelegatedTask.run(SSLEngineImpl.java:1206)
	at io.netty.handler.ssl.SslHandler.runDelegatedTasks(SslHandler.java:1695)
	at io.netty.handler.ssl.SslHandler.unwrap(SslHandler.java:1541)
	at io.netty.handler.ssl.SslHandler.decodeJdkCompatible(SslHandler.java:1377)
	at io.netty.handler.ssl.SslHandler.decode(SslHandler.java:1428)
	at io.netty.handler.codec.ByteToMessageDecoder.decodeRemovalReentryProtection(ByteToMessageDecoder.java:545)
	at io.netty.handler.codec.ByteToMessageDecoder.callDecode(ByteToMessageDecoder.java:484)
	... 16 more
Caused by: sun.security.validator.ValidatorException: PKIX path validation failed: java.security.cert.CertPathValidatorException: validity check failed
	at java.base/sun.security.validator.PKIXValidator.doValidate(PKIXValidator.java:318)
	at java.base/sun.security.validator.PKIXValidator.engineValidate(PKIXValidator.java:267)
	at java.base/sun.security.validator.Validator.validate(Validator.java:256)
	at java.base/sun.security.ssl.X509TrustManagerImpl.checkTrusted(X509TrustManagerImpl.java:284)
	at java.base/sun.security.ssl.X509TrustManagerImpl.checkClientTrusted(X509TrustManagerImpl.java:138)
	at io.netty.handler.ssl.EnhancingX509ExtendedTrustManager.checkClientTrusted(EnhancingX509ExtendedTrustManager.java:77)
	at java.base/sun.security.ssl.CertificateMessage$T13CertificateConsumer.checkClientCerts(CertificateMessage.java:1210)
	... 30 more
Caused by: java.security.cert.CertPathValidatorException: validity check failed
	at java.base/sun.security.provider.certpath.PKIXMasterCertPathValidator.validate(PKIXMasterCertPathValidator.java:135)
	at java.base/sun.security.provider.certpath.PKIXCertPathValidator.validate(PKIXCertPathValidator.java:224)
	at java.base/sun.security.provider.certpath.PKIXCertPathValidator.validate(PKIXCertPathValidator.java:144)
	at java.base/sun.security.provider.certpath.PKIXCertPathValidator.engineValidate(PKIXCertPathValidator.java:83)
	at java.base/java.security.cert.CertPathValidator.validate(CertPathValidator.java:309)
	at java.base/sun.security.validator.PKIXValidator.doValidate(PKIXValidator.java:313)
	... 36 more
Caused by: java.security.cert.CertificateExpiredException: NotAfter: Tue Jan 02 01:00:00 CET 2024
	at java.base/sun.security.x509.CertificateValidity.valid(CertificateValidity.java:182)
	at java.base/sun.security.x509.X509CertImpl.checkValidity(X509CertImpl.java:534)
	at java.base/sun.security.provider.certpath.BasicChecker.verifyValidity(BasicChecker.java:190)
	at java.base/sun.security.provider.certpath.BasicChecker.check(BasicChecker.java:144)
	at java.base/sun.security.provider.certpath.PKIXMasterCertPathValidator.validate(PKIXMasterCertPathValidator.java:125)
	... 41 more
[2026-08-08T16:33:00,116][INFO ][org.logstash.beats.BeatsHandler][beats-tls][cea61c76cb89e8de1c33fda45ab2b43ef03d0a587a2da8dd49b947033416f5e3] [local: 192.168.1.56:5044, remote: 192.168.1.55:45196] Handling exception: io.netty.handler.codec.DecoderException: javax.net.ssl.SSLHandshakeException: (certificate_unknown) PKIX path validation failed: java.security.cert.CertPathValidatorException: validity check failed (caused by: java.security.cert.CertificateExpiredException: NotAfter: Tue Jan 02 01:00:00 CET 2024)
[2026-08-08T16:33:00,117][WARN ][io.netty.channel.DefaultChannelPipeline][beats-tls][cea61c76cb89e8de1c33fda45ab2b43ef03d0a587a2da8dd49b947033416f5e3] An exceptionCaught() event was fired, and it reached at the tail of the pipeline. It usually means the last handler in the pipeline did not handle the exception.
io.netty.handler.codec.DecoderException: javax.net.ssl.SSLHandshakeException: (certificate_unknown) PKIX path validation failed: java.security.cert.CertPathValidatorException: validity check failed
	at io.netty.handler.codec.ByteToMessageDecoder.callDecode(ByteToMessageDecoder.java:515)
	at io.netty.handler.codec.ByteToMessageDecoder.channelRead(ByteToMessageDecoder.java:296)
	at io.netty.channel.AbstractChannelHandlerContext.invokeChannelRead(AbstractChannelHandlerContext.java:444)
	at io.netty.channel.AbstractChannelHandlerContext.invokeChannelRead(AbstractChannelHandlerContext.java:420)
	at io.netty.channel.AbstractChannelHandlerContext.fireChannelRead(AbstractChannelHandlerContext.java:412)
	at io.netty.channel.DefaultChannelPipeline$HeadContext.channelRead(DefaultChannelPipeline.java:1357)
	at io.netty.channel.AbstractChannelHandlerContext.invokeChannelRead(AbstractChannelHandlerContext.java:440)
	at io.netty.channel.AbstractChannelHandlerContext.invokeChannelRead(AbstractChannelHandlerContext.java:420)
	at io.netty.channel.DefaultChannelPipeline.fireChannelRead(DefaultChannelPipeline.java:868)
	at io.netty.channel.nio.AbstractNioByteChannel$NioByteUnsafe.read(AbstractNioByteChannel.java:171)
	at io.netty.channel.nio.NioEventLoop.processSelectedKey(NioEventLoop.java:796)
	at io.netty.channel.nio.NioEventLoop.processSelectedKeysOptimized(NioEventLoop.java:732)
	at io.netty.channel.nio.NioEventLoop.processSelectedKeys(NioEventLoop.java:658)
	at io.netty.channel.nio.NioEventLoop.run(NioEventLoop.java:562)
	at io.netty.util.concurrent.SingleThreadEventExecutor$4.run(SingleThreadEventExecutor.java:998)
	at io.netty.util.internal.ThreadExecutorMap$2.run(ThreadExecutorMap.java:74)
	at java.base/java.lang.Thread.run(Thread.java:1583)
Caused by: javax.net.ssl.SSLHandshakeException: (certificate_unknown) PKIX path validation failed: java.security.cert.CertPathValidatorException: validity check failed
	at java.base/sun.security.ssl.Alert.createSSLException(Alert.java:130)
	at java.base/sun.security.ssl.TransportContext.fatal(TransportContext.java:383)
	at java.base/sun.security.ssl.TransportContext.fatal(TransportContext.java:326)
	at java.base/sun.security.ssl.TransportContext.fatal(TransportContext.java:321)
	at java.base/sun.security.ssl.CertificateMessage$T13CertificateConsumer.checkClientCerts(CertificateMessage.java:1232)
	at java.base/sun.security.ssl.CertificateMessage$T13CertificateConsumer.onConsumeCertificate(CertificateMessage.java:1136)
	at java.base/sun.security.ssl.CertificateMessage$T13CertificateConsumer.consume(CertificateMessage.java:1113)
	at java.base/sun.security.ssl.SSLHandshake.consume(SSLHandshake.java:393)
	at java.base/sun.security.ssl.HandshakeContext.dispatch(HandshakeContext.java:477)
	at java.base/sun.security.ssl.SSLEngineImpl$DelegatedTask$DelegatedAction.run(SSLEngineImpl.java:1274)
	at java.base/sun.security.ssl.SSLEngineImpl$DelegatedTask$DelegatedAction.run(SSLEngineImpl.java:1261)
	at java.base/java.security.AccessController.doPrivileged(AccessController.java:714)
	at java.base/sun.security.ssl.SSLEngineImpl$DelegatedTask.run(SSLEngineImpl.java:1206)
	at io.netty.handler.ssl.SslHandler.runDelegatedTasks(SslHandler.java:1695)
	at io.netty.handler.ssl.SslHandler.unwrap(SslHandler.java:1541)
	at io.netty.handler.ssl.SslHandler.decodeJdkCompatible(SslHandler.java:1377)
	at io.netty.handler.ssl.SslHandler.decode(SslHandler.java:1428)
	at io.netty.handler.codec.ByteToMessageDecoder.decodeRemovalReentryProtection(ByteToMessageDecoder.java:545)
	at io.netty.handler.codec.ByteToMessageDecoder.callDecode(ByteToMessageDecoder.java:484)
	... 16 more
Caused by: sun.security.validator.ValidatorException: PKIX path validation failed: java.security.cert.CertPathValidatorException: validity check failed
	at java.base/sun.security.validator.PKIXValidator.doValidate(PKIXValidator.java:318)
	at java.base/sun.security.validator.PKIXValidator.engineValidate(PKIXValidator.java:267)
	at java.base/sun.security.validator.Validator.validate(Validator.java:256)
	at java.base/sun.security.ssl.X509TrustManagerImpl.checkTrusted(X509TrustManagerImpl.java:284)
	at java.base/sun.security.ssl.X509TrustManagerImpl.checkClientTrusted(X509TrustManagerImpl.java:138)
	at io.netty.handler.ssl.EnhancingX509ExtendedTrustManager.checkClientTrusted(EnhancingX509ExtendedTrustManager.java:77)
	at java.base/sun.security.ssl.CertificateMessage$T13CertificateConsumer.checkClientCerts(CertificateMessage.java:1210)
	... 30 more
Caused by: java.security.cert.CertPathValidatorException: validity check failed
	at java.base/sun.security.provider.certpath.PKIXMasterCertPathValidator.validate(PKIXMasterCertPathValidator.java:135)
	at java.base/sun.security.provider.certpath.PKIXCertPathValidator.validate(PKIXCertPathValidator.java:224)
	at java.base/sun.security.provider.certpath.PKIXCertPathValidator.validate(PKIXCertPathValidator.java:144)
	at java.base/sun.security.provider.certpath.PKIXCertPathValidator.engineValidate(PKIXCertPathValidator.java:83)
	at java.base/java.security.cert.CertPathValidator.validate(CertPathValidator.java:309)
	at java.base/sun.security.validator.PKIXValidator.doValidate(PKIXValidator.java:313)
	... 36 more
Caused by: java.security.cert.CertificateExpiredException: NotAfter: Tue Jan 02 01:00:00 CET 2024
	at java.base/sun.security.x509.CertificateValidity.valid(CertificateValidity.java:182)
	at java.base/sun.security.x509.X509CertImpl.checkValidity(X509CertImpl.java:534)
	at java.base/sun.security.provider.certpath.BasicChecker.verifyValidity(BasicChecker.java:190)
	at java.base/sun.security.provider.certpath.BasicChecker.check(BasicChecker.java:144)
	at java.base/sun.security.provider.certpath.PKIXMasterCertPathValidator.validate(PKIXMasterCertPathValidator.java:125)
	... 41 more
[2026-08-08T16:33:03,219][INFO ][org.logstash.beats.BeatsHandler][beats-tls][cea61c76cb89e8de1c33fda45ab2b43ef03d0a587a2da8dd49b947033416f5e3] [local: 192.168.1.56:5044, remote: 192.168.1.55:45210] Handling exception: io.netty.handler.codec.DecoderException: javax.net.ssl.SSLHandshakeException: (certificate_unknown) PKIX path validation failed: java.security.cert.CertPathValidatorException: validity check failed (caused by: java.security.cert.CertificateExpiredException: NotAfter: Tue Jan 02 01:00:00 CET 2024)
[2026-08-08T16:33:03,220][WARN ][io.netty.channel.DefaultChannelPipeline][beats-tls][cea61c76cb89e8de1c33fda45ab2b43ef03d0a587a2da8dd49b947033416f5e3] An exceptionCaught() event was fired, and it reached at the tail of the pipeline. It usually means the last handler in the pipeline did not handle the exception.
io.netty.handler.codec.DecoderException: javax.net.ssl.SSLHandshakeException: (certificate_unknown) PKIX path validation failed: java.security.cert.CertPathValidatorException: validity check failed
	at io.netty.handler.codec.ByteToMessageDecoder.callDecode(ByteToMessageDecoder.java:515)
	at io.netty.handler.codec.ByteToMessageDecoder.channelRead(ByteToMessageDecoder.java:296)
	at io.netty.channel.AbstractChannelHandlerContext.invokeChannelRead(AbstractChannelHandlerContext.java:444)
	at io.netty.channel.AbstractChannelHandlerContext.invokeChannelRead(AbstractChannelHandlerContext.java:420)
	at io.netty.channel.AbstractChannelHandlerContext.fireChannelRead(AbstractChannelHandlerContext.java:412)
	at io.netty.channel.DefaultChannelPipeline$HeadContext.channelRead(DefaultChannelPipeline.java:1357)
	at io.netty.channel.AbstractChannelHandlerContext.invokeChannelRead(AbstractChannelHandlerContext.java:440)
	at io.netty.channel.AbstractChannelHandlerContext.invokeChannelRead(AbstractChannelHandlerContext.java:420)
	at io.netty.channel.DefaultChannelPipeline.fireChannelRead(DefaultChannelPipeline.java:868)
	at io.netty.channel.nio.AbstractNioByteChannel$NioByteUnsafe.read(AbstractNioByteChannel.java:171)
	at io.netty.channel.nio.NioEventLoop.processSelectedKey(NioEventLoop.java:796)
	at io.netty.channel.nio.NioEventLoop.processSelectedKeysOptimized(NioEventLoop.java:732)
	at io.netty.channel.nio.NioEventLoop.processSelectedKeys(NioEventLoop.java:658)
	at io.netty.channel.nio.NioEventLoop.run(NioEventLoop.java:562)
	at io.netty.util.concurrent.SingleThreadEventExecutor$4.run(SingleThreadEventExecutor.java:998)
	at io.netty.util.internal.ThreadExecutorMap$2.run(ThreadExecutorMap.java:74)
	at java.base/java.lang.Thread.run(Thread.java:1583)
Caused by: javax.net.ssl.SSLHandshakeException: (certificate_unknown) PKIX path validation failed: java.security.cert.CertPathValidatorException: validity check failed
	at java.base/sun.security.ssl.Alert.createSSLException(Alert.java:130)
	at java.base/sun.security.ssl.TransportContext.fatal(TransportContext.java:383)
	at java.base/sun.security.ssl.TransportContext.fatal(TransportContext.java:326)
	at java.base/sun.security.ssl.TransportContext.fatal(TransportContext.java:321)
	at java.base/sun.security.ssl.CertificateMessage$T13CertificateConsumer.checkClientCerts(CertificateMessage.java:1232)
	at java.base/sun.security.ssl.CertificateMessage$T13CertificateConsumer.onConsumeCertificate(CertificateMessage.java:1136)
	at java.base/sun.security.ssl.CertificateMessage$T13CertificateConsumer.consume(CertificateMessage.java:1113)
	at java.base/sun.security.ssl.SSLHandshake.consume(SSLHandshake.java:393)
	at java.base/sun.security.ssl.HandshakeContext.dispatch(HandshakeContext.java:477)
	at java.base/sun.security.ssl.SSLEngineImpl$DelegatedTask$DelegatedAction.run(SSLEngineImpl.java:1274)
	at java.base/sun.security.ssl.SSLEngineImpl$DelegatedTask$DelegatedAction.run(SSLEngineImpl.java:1261)
	at java.base/java.security.AccessController.doPrivileged(AccessController.java:714)
	at java.base/sun.security.ssl.SSLEngineImpl$DelegatedTask.run(SSLEngineImpl.java:1206)
	at io.netty.handler.ssl.SslHandler.runDelegatedTasks(SslHandler.java:1695)
	at io.netty.handler.ssl.SslHandler.unwrap(SslHandler.java:1541)
	at io.netty.handler.ssl.SslHandler.decodeJdkCompatible(SslHandler.java:1377)
	at io.netty.handler.ssl.SslHandler.decode(SslHandler.java:1428)
	at io.netty.handler.codec.ByteToMessageDecoder.decodeRemovalReentryProtection(ByteToMessageDecoder.java:545)
	at io.netty.handler.codec.ByteToMessageDecoder.callDecode(ByteToMessageDecoder.java:484)
	... 16 more
Caused by: sun.security.validator.ValidatorException: PKIX path validation failed: java.security.cert.CertPathValidatorException: validity check failed
	at java.base/sun.security.validator.PKIXValidator.doValidate(PKIXValidator.java:318)
	at java.base/sun.security.validator.PKIXValidator.engineValidate(PKIXValidator.java:267)
	at java.base/sun.security.validator.Validator.validate(Validator.java:256)
	at java.base/sun.security.ssl.X509TrustManagerImpl.checkTrusted(X509TrustManagerImpl.java:284)
	at java.base/sun.security.ssl.X509TrustManagerImpl.checkClientTrusted(X509TrustManagerImpl.java:138)
	at io.netty.handler.ssl.EnhancingX509ExtendedTrustManager.checkClientTrusted(EnhancingX509ExtendedTrustManager.java:77)
	at java.base/sun.security.ssl.CertificateMessage$T13CertificateConsumer.checkClientCerts(CertificateMessage.java:1210)
	... 30 more
Caused by: java.security.cert.CertPathValidatorException: validity check failed
	at java.base/sun.security.provider.certpath.PKIXMasterCertPathValidator.validate(PKIXMasterCertPathValidator.java:135)
	at java.base/sun.security.provider.certpath.PKIXCertPathValidator.validate(PKIXCertPathValidator.java:224)
	at java.base/sun.security.provider.certpath.PKIXCertPathValidator.validate(PKIXCertPathValidator.java:144)
	at java.base/sun.security.provider.certpath.PKIXCertPathValidator.engineValidate(PKIXCertPathValidator.java:83)
	at java.base/java.security.cert.CertPathValidator.validate(CertPathValidator.java:309)
	at java.base/sun.security.validator.PKIXValidator.doValidate(PKIXValidator.java:313)
	... 36 more
Caused by: java.security.cert.CertificateExpiredException: NotAfter: Tue Jan 02 01:00:00 CET 2024
	at java.base/sun.security.x509.CertificateValidity.valid(CertificateValidity.java:182)
	at java.base/sun.security.x509.X509CertImpl.checkValidity(X509CertImpl.java:534)
	at java.base/sun.security.provider.certpath.BasicChecker.verifyValidity(BasicChecker.java:190)
	at java.base/sun.security.provider.certpath.BasicChecker.check(BasicChecker.java:144)
	at java.base/sun.security.provider.certpath.PKIXMasterCertPathValidator.validate(PKIXMasterCertPathValidator.java:125)
	... 41 more
[2026-08-08T16:33:04,903][INFO ][org.logstash.beats.BeatsHandler][beats-tls][cea61c76cb89e8de1c33fda45ab2b43ef03d0a587a2da8dd49b947033416f5e3] [local: 192.168.1.56:5044, remote: 192.168.1.55:45222] Handling exception: io.netty.handler.codec.DecoderException: javax.net.ssl.SSLHandshakeException: (certificate_unknown) PKIX path validation failed: java.security.cert.CertPathValidatorException: validity check failed (caused by: java.security.cert.CertificateExpiredException: NotAfter: Tue Jan 02 01:00:00 CET 2024)
[2026-08-08T16:33:04,904][WARN ][io.netty.channel.DefaultChannelPipeline][beats-tls][cea61c76cb89e8de1c33fda45ab2b43ef03d0a587a2da8dd49b947033416f5e3] An exceptionCaught() event was fired, and it reached at the tail of the pipeline. It usually means the last handler in the pipeline did not handle the exception.
io.netty.handler.codec.DecoderException: javax.net.ssl.SSLHandshakeException: (certificate_unknown) PKIX path validation failed: java.security.cert.CertPathValidatorException: validity check failed
	at io.netty.handler.codec.ByteToMessageDecoder.callDecode(ByteToMessageDecoder.java:515)
	at io.netty.handler.codec.ByteToMessageDecoder.channelRead(ByteToMessageDecoder.java:296)
	at io.netty.channel.AbstractChannelHandlerContext.invokeChannelRead(AbstractChannelHandlerContext.java:444)
	at io.netty.channel.AbstractChannelHandlerContext.invokeChannelRead(AbstractChannelHandlerContext.java:420)
	at io.netty.channel.AbstractChannelHandlerContext.fireChannelRead(AbstractChannelHandlerContext.java:412)
	at io.netty.channel.DefaultChannelPipeline$HeadContext.channelRead(DefaultChannelPipeline.java:1357)
	at io.netty.channel.AbstractChannelHandlerContext.invokeChannelRead(AbstractChannelHandlerContext.java:440)
	at io.netty.channel.AbstractChannelHandlerContext.invokeChannelRead(AbstractChannelHandlerContext.java:420)
	at io.netty.channel.DefaultChannelPipeline.fireChannelRead(DefaultChannelPipeline.java:868)
	at io.netty.channel.nio.AbstractNioByteChannel$NioByteUnsafe.read(AbstractNioByteChannel.java:171)
	at io.netty.channel.nio.NioEventLoop.processSelectedKey(NioEventLoop.java:796)
	at io.netty.channel.nio.NioEventLoop.processSelectedKeysOptimized(NioEventLoop.java:732)
	at io.netty.channel.nio.NioEventLoop.processSelectedKeys(NioEventLoop.java:658)
	at io.netty.channel.nio.NioEventLoop.run(NioEventLoop.java:562)
	at io.netty.util.concurrent.SingleThreadEventExecutor$4.run(SingleThreadEventExecutor.java:998)
	at io.netty.util.internal.ThreadExecutorMap$2.run(ThreadExecutorMap.java:74)
	at java.base/java.lang.Thread.run(Thread.java:1583)
Caused by: javax.net.ssl.SSLHandshakeException: (certificate_unknown) PKIX path validation failed: java.security.cert.CertPathValidatorException: validity check failed
	at java.base/sun.security.ssl.Alert.createSSLException(Alert.java:130)
	at java.base/sun.security.ssl.TransportContext.fatal(TransportContext.java:383)
	at java.base/sun.security.ssl.TransportContext.fatal(TransportContext.java:326)
	at java.base/sun.security.ssl.TransportContext.fatal(TransportContext.java:321)
	at java.base/sun.security.ssl.CertificateMessage$T13CertificateConsumer.checkClientCerts(CertificateMessage.java:1232)
	at java.base/sun.security.ssl.CertificateMessage$T13CertificateConsumer.onConsumeCertificate(CertificateMessage.java:1136)
	at java.base/sun.security.ssl.CertificateMessage$T13CertificateConsumer.consume(CertificateMessage.java:1113)
	at java.base/sun.security.ssl.SSLHandshake.consume(SSLHandshake.java:393)
	at java.base/sun.security.ssl.HandshakeContext.dispatch(HandshakeContext.java:477)
	at java.base/sun.security.ssl.SSLEngineImpl$DelegatedTask$DelegatedAction.run(SSLEngineImpl.java:1274)
	at java.base/sun.security.ssl.SSLEngineImpl$DelegatedTask$DelegatedAction.run(SSLEngineImpl.java:1261)
	at java.base/java.security.AccessController.doPrivileged(AccessController.java:714)
	at java.base/sun.security.ssl.SSLEngineImpl$DelegatedTask.run(SSLEngineImpl.java:1206)
	at io.netty.handler.ssl.SslHandler.runDelegatedTasks(SslHandler.java:1695)
	at io.netty.handler.ssl.SslHandler.unwrap(SslHandler.java:1541)
	at io.netty.handler.ssl.SslHandler.decodeJdkCompatible(SslHandler.java:1377)
	at io.netty.handler.ssl.SslHandler.decode(SslHandler.java:1428)
	at io.netty.handler.codec.ByteToMessageDecoder.decodeRemovalReentryProtection(ByteToMessageDecoder.java:545)
	at io.netty.handler.codec.ByteToMessageDecoder.callDecode(ByteToMessageDecoder.java:484)
	... 16 more
Caused by: sun.security.validator.ValidatorException: PKIX path validation failed: java.security.cert.CertPathValidatorException: validity check failed
	at java.base/sun.security.validator.PKIXValidator.doValidate(PKIXValidator.java:318)
	at java.base/sun.security.validator.PKIXValidator.engineValidate(PKIXValidator.java:267)
	at java.base/sun.security.validator.Validator.validate(Validator.java:256)
	at java.base/sun.security.ssl.X509TrustManagerImpl.checkTrusted(X509TrustManagerImpl.java:284)
	at java.base/sun.security.ssl.X509TrustManagerImpl.checkClientTrusted(X509TrustManagerImpl.java:138)
	at io.netty.handler.ssl.EnhancingX509ExtendedTrustManager.checkClientTrusted(EnhancingX509ExtendedTrustManager.java:77)
	at java.base/sun.security.ssl.CertificateMessage$T13CertificateConsumer.checkClientCerts(CertificateMessage.java:1210)
	... 30 more
Caused by: java.security.cert.CertPathValidatorException: validity check failed
	at java.base/sun.security.provider.certpath.PKIXMasterCertPathValidator.validate(PKIXMasterCertPathValidator.java:135)
	at java.base/sun.security.provider.certpath.PKIXCertPathValidator.validate(PKIXCertPathValidator.java:224)
	at java.base/sun.security.provider.certpath.PKIXCertPathValidator.validate(PKIXCertPathValidator.java:144)
	at java.base/sun.security.provider.certpath.PKIXCertPathValidator.engineValidate(PKIXCertPathValidator.java:83)
	at java.base/java.security.cert.CertPathValidator.validate(CertPathValidator.java:309)
	at java.base/sun.security.validator.PKIXValidator.doValidate(PKIXValidator.java:313)
	... 36 more
Caused by: java.security.cert.CertificateExpiredException: NotAfter: Tue Jan 02 01:00:00 CET 2024
	at java.base/sun.security.x509.CertificateValidity.valid(CertificateValidity.java:182)
	at java.base/sun.security.x509.X509CertImpl.checkValidity(X509CertImpl.java:534)
	at java.base/sun.security.provider.certpath.BasicChecker.verifyValidity(BasicChecker.java:190)
	at java.base/sun.security.provider.certpath.BasicChecker.check(BasicChecker.java:144)
	at java.base/sun.security.provider.certpath.PKIXMasterCertPathValidator.validate(PKIXMasterCertPathValidator.java:125)
	... 41 more
[2026-08-08T16:33:06,219][INFO ][org.logstash.beats.BeatsHandler][beats-tls][cea61c76cb89e8de1c33fda45ab2b43ef03d0a587a2da8dd49b947033416f5e3] [local: 192.168.1.56:5044, remote: 192.168.1.55:45236] Handling exception: io.netty.handler.codec.DecoderException: javax.net.ssl.SSLHandshakeException: (certificate_unknown) PKIX path validation failed: java.security.cert.CertPathValidatorException: validity check failed (caused by: java.security.cert.CertificateExpiredException: NotAfter: Tue Jan 02 01:00:00 CET 2024)
[2026-08-08T16:33:06,220][WARN ][io.netty.channel.DefaultChannelPipeline][beats-tls][cea61c76cb89e8de1c33fda45ab2b43ef03d0a587a2da8dd49b947033416f5e3] An exceptionCaught() event was fired, and it reached at the tail of the pipeline. It usually means the last handler in the pipeline did not handle the exception.
io.netty.handler.codec.DecoderException: javax.net.ssl.SSLHandshakeException: (certificate_unknown) PKIX path validation failed: java.security.cert.CertPathValidatorException: validity check failed
	at io.netty.handler.codec.ByteToMessageDecoder.callDecode(ByteToMessageDecoder.java:515)
	at io.netty.handler.codec.ByteToMessageDecoder.channelRead(ByteToMessageDecoder.java:296)
	at io.netty.channel.AbstractChannelHandlerContext.invokeChannelRead(AbstractChannelHandlerContext.java:444)
	at io.netty.channel.AbstractChannelHandlerContext.invokeChannelRead(AbstractChannelHandlerContext.java:420)
	at io.netty.channel.AbstractChannelHandlerContext.fireChannelRead(AbstractChannelHandlerContext.java:412)
	at io.netty.channel.DefaultChannelPipeline$HeadContext.channelRead(DefaultChannelPipeline.java:1357)
	at io.netty.channel.AbstractChannelHandlerContext.invokeChannelRead(AbstractChannelHandlerContext.java:440)
	at io.netty.channel.AbstractChannelHandlerContext.invokeChannelRead(AbstractChannelHandlerContext.java:420)
	at io.netty.channel.DefaultChannelPipeline.fireChannelRead(DefaultChannelPipeline.java:868)
	at io.netty.channel.nio.AbstractNioByteChannel$NioByteUnsafe.read(AbstractNioByteChannel.java:171)
	at io.netty.channel.nio.NioEventLoop.processSelectedKey(NioEventLoop.java:796)
	at io.netty.channel.nio.NioEventLoop.processSelectedKeysOptimized(NioEventLoop.java:732)
	at io.netty.channel.nio.NioEventLoop.processSelectedKeys(NioEventLoop.java:658)
	at io.netty.channel.nio.NioEventLoop.run(NioEventLoop.java:562)
	at io.netty.util.concurrent.SingleThreadEventExecutor$4.run(SingleThreadEventExecutor.java:998)
	at io.netty.util.internal.ThreadExecutorMap$2.run(ThreadExecutorMap.java:74)
	at java.base/java.lang.Thread.run(Thread.java:1583)
Caused by: javax.net.ssl.SSLHandshakeException: (certificate_unknown) PKIX path validation failed: java.security.cert.CertPathValidatorException: validity check failed
	at java.base/sun.security.ssl.Alert.createSSLException(Alert.java:130)
	at java.base/sun.security.ssl.TransportContext.fatal(TransportContext.java:383)
	at java.base/sun.security.ssl.TransportContext.fatal(TransportContext.java:326)
	at java.base/sun.security.ssl.TransportContext.fatal(TransportContext.java:321)
	at java.base/sun.security.ssl.CertificateMessage$T13CertificateConsumer.checkClientCerts(CertificateMessage.java:1232)
	at java.base/sun.security.ssl.CertificateMessage$T13CertificateConsumer.onConsumeCertificate(CertificateMessage.java:1136)
	at java.base/sun.security.ssl.CertificateMessage$T13CertificateConsumer.consume(CertificateMessage.java:1113)
	at java.base/sun.security.ssl.SSLHandshake.consume(SSLHandshake.java:393)
	at java.base/sun.security.ssl.HandshakeContext.dispatch(HandshakeContext.java:477)
	at java.base/sun.security.ssl.SSLEngineImpl$DelegatedTask$DelegatedAction.run(SSLEngineImpl.java:1274)
	at java.base/sun.security.ssl.SSLEngineImpl$DelegatedTask$DelegatedAction.run(SSLEngineImpl.java:1261)
	at java.base/java.security.AccessController.doPrivileged(AccessController.java:714)
	at java.base/sun.security.ssl.SSLEngineImpl$DelegatedTask.run(SSLEngineImpl.java:1206)
	at io.netty.handler.ssl.SslHandler.runDelegatedTasks(SslHandler.java:1695)
	at io.netty.handler.ssl.SslHandler.unwrap(SslHandler.java:1541)
	at io.netty.handler.ssl.SslHandler.decodeJdkCompatible(SslHandler.java:1377)
	at io.netty.handler.ssl.SslHandler.decode(SslHandler.java:1428)
	at io.netty.handler.codec.ByteToMessageDecoder.decodeRemovalReentryProtection(ByteToMessageDecoder.java:545)
	at io.netty.handler.codec.ByteToMessageDecoder.callDecode(ByteToMessageDecoder.java:484)
	... 16 more
Caused by: sun.security.validator.ValidatorException: PKIX path validation failed: java.security.cert.CertPathValidatorException: validity check failed
	at java.base/sun.security.validator.PKIXValidator.doValidate(PKIXValidator.java:318)
	at java.base/sun.security.validator.PKIXValidator.engineValidate(PKIXValidator.java:267)
	at java.base/sun.security.validator.Validator.validate(Validator.java:256)
	at java.base/sun.security.ssl.X509TrustManagerImpl.checkTrusted(X509TrustManagerImpl.java:284)
	at java.base/sun.security.ssl.X509TrustManagerImpl.checkClientTrusted(X509TrustManagerImpl.java:138)
	at io.netty.handler.ssl.EnhancingX509ExtendedTrustManager.checkClientTrusted(EnhancingX509ExtendedTrustManager.java:77)
	at java.base/sun.security.ssl.CertificateMessage$T13CertificateConsumer.checkClientCerts(CertificateMessage.java:1210)
	... 30 more
Caused by: java.security.cert.CertPathValidatorException: validity check failed
	at java.base/sun.security.provider.certpath.PKIXMasterCertPathValidator.validate(PKIXMasterCertPathValidator.java:135)
	at java.base/sun.security.provider.certpath.PKIXCertPathValidator.validate(PKIXCertPathValidator.java:224)
	at java.base/sun.security.provider.certpath.PKIXCertPathValidator.validate(PKIXCertPathValidator.java:144)
	at java.base/sun.security.provider.certpath.PKIXCertPathValidator.engineValidate(PKIXCertPathValidator.java:83)
	at java.base/java.security.cert.CertPathValidator.validate(CertPathValidator.java:309)
	at java.base/sun.security.validator.PKIXValidator.doValidate(PKIXValidator.java:313)
	... 36 more
Caused by: java.security.cert.CertificateExpiredException: NotAfter: Tue Jan 02 01:00:00 CET 2024
	at java.base/sun.security.x509.CertificateValidity.valid(CertificateValidity.java:182)
	at java.base/sun.security.x509.X509CertImpl.checkValidity(X509CertImpl.java:534)
	at java.base/sun.security.provider.certpath.BasicChecker.verifyValidity(BasicChecker.java:190)
	at java.base/sun.security.provider.certpath.BasicChecker.check(BasicChecker.java:144)
	at java.base/sun.security.provider.certpath.PKIXMasterCertPathValidator.validate(PKIXMasterCertPathValidator.java:125)
	... 41 more
[2026-08-08T16:33:07,601][INFO ][org.logstash.beats.BeatsHandler][beats-tls][cea61c76cb89e8de1c33fda45ab2b43ef03d0a587a2da8dd49b947033416f5e3] [local: 192.168.1.56:5044, remote: 192.168.1.55:45244] Handling exception: io.netty.handler.codec.DecoderException: javax.net.ssl.SSLHandshakeException: (certificate_unknown) PKIX path validation failed: java.security.cert.CertPathValidatorException: validity check failed (caused by: java.security.cert.CertificateExpiredException: NotAfter: Tue Jan 02 01:00:00 CET 2024)
[2026-08-08T16:33:07,602][WARN ][io.netty.channel.DefaultChannelPipeline][beats-tls][cea61c76cb89e8de1c33fda45ab2b43ef03d0a587a2da8dd49b947033416f5e3] An exceptionCaught() event was fired, and it reached at the tail of the pipeline. It usually means the last handler in the pipeline did not handle the exception.
io.netty.handler.codec.DecoderException: javax.net.ssl.SSLHandshakeException: (certificate_unknown) PKIX path validation failed: java.security.cert.CertPathValidatorException: validity check failed
	at io.netty.handler.codec.ByteToMessageDecoder.callDecode(ByteToMessageDecoder.java:515)
	at io.netty.handler.codec.ByteToMessageDecoder.channelRead(ByteToMessageDecoder.java:296)
	at io.netty.channel.AbstractChannelHandlerContext.invokeChannelRead(AbstractChannelHandlerContext.java:444)
	at io.netty.channel.AbstractChannelHandlerContext.invokeChannelRead(AbstractChannelHandlerContext.java:420)
	at io.netty.channel.AbstractChannelHandlerContext.fireChannelRead(AbstractChannelHandlerContext.java:412)
	at io.netty.channel.DefaultChannelPipeline$HeadContext.channelRead(DefaultChannelPipeline.java:1357)
	at io.netty.channel.AbstractChannelHandlerContext.invokeChannelRead(AbstractChannelHandlerContext.java:440)
	at io.netty.channel.AbstractChannelHandlerContext.invokeChannelRead(AbstractChannelHandlerContext.java:420)
	at io.netty.channel.DefaultChannelPipeline.fireChannelRead(DefaultChannelPipeline.java:868)
	at io.netty.channel.nio.AbstractNioByteChannel$NioByteUnsafe.read(AbstractNioByteChannel.java:171)
	at io.netty.channel.nio.NioEventLoop.processSelectedKey(NioEventLoop.java:796)
	at io.netty.channel.nio.NioEventLoop.processSelectedKeysOptimized(NioEventLoop.java:732)
	at io.netty.channel.nio.NioEventLoop.processSelectedKeys(NioEventLoop.java:658)
	at io.netty.channel.nio.NioEventLoop.run(NioEventLoop.java:562)
	at io.netty.util.concurrent.SingleThreadEventExecutor$4.run(SingleThreadEventExecutor.java:998)
	at io.netty.util.internal.ThreadExecutorMap$2.run(ThreadExecutorMap.java:74)
	at java.base/java.lang.Thread.run(Thread.java:1583)
Caused by: javax.net.ssl.SSLHandshakeException: (certificate_unknown) PKIX path validation failed: java.security.cert.CertPathValidatorException: validity check failed
	at java.base/sun.security.ssl.Alert.createSSLException(Alert.java:130)
	at java.base/sun.security.ssl.TransportContext.fatal(TransportContext.java:383)
	at java.base/sun.security.ssl.TransportContext.fatal(TransportContext.java:326)
	at java.base/sun.security.ssl.TransportContext.fatal(TransportContext.java:321)
	at java.base/sun.security.ssl.CertificateMessage$T13CertificateConsumer.checkClientCerts(CertificateMessage.java:1232)
	at java.base/sun.security.ssl.CertificateMessage$T13CertificateConsumer.onConsumeCertificate(CertificateMessage.java:1136)
	at java.base/sun.security.ssl.CertificateMessage$T13CertificateConsumer.consume(CertificateMessage.java:1113)
	at java.base/sun.security.ssl.SSLHandshake.consume(SSLHandshake.java:393)
	at java.base/sun.security.ssl.HandshakeContext.dispatch(HandshakeContext.java:477)
	at java.base/sun.security.ssl.SSLEngineImpl$DelegatedTask$DelegatedAction.run(SSLEngineImpl.java:1274)
	at java.base/sun.security.ssl.SSLEngineImpl$DelegatedTask$DelegatedAction.run(SSLEngineImpl.java:1261)
	at java.base/java.security.AccessController.doPrivileged(AccessController.java:714)
	at java.base/sun.security.ssl.SSLEngineImpl$DelegatedTask.run(SSLEngineImpl.java:1206)
	at io.netty.handler.ssl.SslHandler.runDelegatedTasks(SslHandler.java:1695)
	at io.netty.handler.ssl.SslHandler.unwrap(SslHandler.java:1541)
	at io.netty.handler.ssl.SslHandler.decodeJdkCompatible(SslHandler.java:1377)
	at io.netty.handler.ssl.SslHandler.decode(SslHandler.java:1428)
	at io.netty.handler.codec.ByteToMessageDecoder.decodeRemovalReentryProtection(ByteToMessageDecoder.java:545)
	at io.netty.handler.codec.ByteToMessageDecoder.callDecode(ByteToMessageDecoder.java:484)
	... 16 more
Caused by: sun.security.validator.ValidatorException: PKIX path validation failed: java.security.cert.CertPathValidatorException: validity check failed
	at java.base/sun.security.validator.PKIXValidator.doValidate(PKIXValidator.java:318)
	at java.base/sun.security.validator.PKIXValidator.engineValidate(PKIXValidator.java:267)
	at java.base/sun.security.validator.Validator.validate(Validator.java:256)
	at java.base/sun.security.ssl.X509TrustManagerImpl.checkTrusted(X509TrustManagerImpl.java:284)
	at java.base/sun.security.ssl.X509TrustManagerImpl.checkClientTrusted(X509TrustManagerImpl.java:138)
	at io.netty.handler.ssl.EnhancingX509ExtendedTrustManager.checkClientTrusted(EnhancingX509ExtendedTrustManager.java:77)
	at java.base/sun.security.ssl.CertificateMessage$T13CertificateConsumer.checkClientCerts(CertificateMessage.java:1210)
	... 30 more
Caused by: java.security.cert.CertPathValidatorException: validity check failed
	at java.base/sun.security.provider.certpath.PKIXMasterCertPathValidator.validate(PKIXMasterCertPathValidator.java:135)
	at java.base/sun.security.provider.certpath.PKIXCertPathValidator.validate(PKIXCertPathValidator.java:224)
	at java.base/sun.security.provider.certpath.PKIXCertPathValidator.validate(PKIXCertPathValidator.java:144)
	at java.base/sun.security.provider.certpath.PKIXCertPathValidator.engineValidate(PKIXCertPathValidator.java:83)
	at java.base/java.security.cert.CertPathValidator.validate(CertPathValidator.java:309)
	at java.base/sun.security.validator.PKIXValidator.doValidate(PKIXValidator.java:313)
	... 36 more
Caused by: java.security.cert.CertificateExpiredException: NotAfter: Tue Jan 02 01:00:00 CET 2024
	at java.base/sun.security.x509.CertificateValidity.valid(CertificateValidity.java:182)
	at java.base/sun.security.x509.X509CertImpl.checkValidity(X509CertImpl.java:534)
	at java.base/sun.security.provider.certpath.BasicChecker.verifyValidity(BasicChecker.java:190)
	at java.base/sun.security.provider.certpath.BasicChecker.check(BasicChecker.java:144)
	at java.base/sun.security.provider.certpath.PKIXMasterCertPathValidator.validate(PKIXMasterCertPathValidator.java:125)
	... 41 more
[2026-08-08T16:33:08,848][INFO ][org.logstash.beats.BeatsHandler][beats-tls][cea61c76cb89e8de1c33fda45ab2b43ef03d0a587a2da8dd49b947033416f5e3] [local: 192.168.1.56:5044, remote: 192.168.1.55:35110] Handling exception: io.netty.handler.codec.DecoderException: javax.net.ssl.SSLHandshakeException: (certificate_unknown) PKIX path validation failed: java.security.cert.CertPathValidatorException: validity check failed (caused by: java.security.cert.CertificateExpiredException: NotAfter: Tue Jan 02 01:00:00 CET 2024)
[2026-08-08T16:33:08,849][WARN ][io.netty.channel.DefaultChannelPipeline][beats-tls][cea61c76cb89e8de1c33fda45ab2b43ef03d0a587a2da8dd49b947033416f5e3] An exceptionCaught() event was fired, and it reached at the tail of the pipeline. It usually means the last handler in the pipeline did not handle the exception.
io.netty.handler.codec.DecoderException: javax.net.ssl.SSLHandshakeException: (certificate_unknown) PKIX path validation failed: java.security.cert.CertPathValidatorException: validity check failed
	at io.netty.handler.codec.ByteToMessageDecoder.callDecode(ByteToMessageDecoder.java:515)
	at io.netty.handler.codec.ByteToMessageDecoder.channelRead(ByteToMessageDecoder.java:296)
	at io.netty.channel.AbstractChannelHandlerContext.invokeChannelRead(AbstractChannelHandlerContext.java:444)
	at io.netty.channel.AbstractChannelHandlerContext.invokeChannelRead(AbstractChannelHandlerContext.java:420)
	at io.netty.channel.AbstractChannelHandlerContext.fireChannelRead(AbstractChannelHandlerContext.java:412)
	at io.netty.channel.DefaultChannelPipeline$HeadContext.channelRead(DefaultChannelPipeline.java:1357)
	at io.netty.channel.AbstractChannelHandlerContext.invokeChannelRead(AbstractChannelHandlerContext.java:440)
	at io.netty.channel.AbstractChannelHandlerContext.invokeChannelRead(AbstractChannelHandlerContext.java:420)
	at io.netty.channel.DefaultChannelPipeline.fireChannelRead(DefaultChannelPipeline.java:868)
	at io.netty.channel.nio.AbstractNioByteChannel$NioByteUnsafe.read(AbstractNioByteChannel.java:171)
	at io.netty.channel.nio.NioEventLoop.processSelectedKey(NioEventLoop.java:796)
	at io.netty.channel.nio.NioEventLoop.processSelectedKeysOptimized(NioEventLoop.java:732)
	at io.netty.channel.nio.NioEventLoop.processSelectedKeys(NioEventLoop.java:658)
	at io.netty.channel.nio.NioEventLoop.run(NioEventLoop.java:562)
	at io.netty.util.concurrent.SingleThreadEventExecutor$4.run(SingleThreadEventExecutor.java:998)
	at io.netty.util.internal.ThreadExecutorMap$2.run(ThreadExecutorMap.java:74)
	at java.base/java.lang.Thread.run(Thread.java:1583)
Caused by: javax.net.ssl.SSLHandshakeException: (certificate_unknown) PKIX path validation failed: java.security.cert.CertPathValidatorException: validity check failed
	at java.base/sun.security.ssl.Alert.createSSLException(Alert.java:130)
	at java.base/sun.security.ssl.TransportContext.fatal(TransportContext.java:383)
	at java.base/sun.security.ssl.TransportContext.fatal(TransportContext.java:326)
	at java.base/sun.security.ssl.TransportContext.fatal(TransportContext.java:321)
	at java.base/sun.security.ssl.CertificateMessage$T13CertificateConsumer.checkClientCerts(CertificateMessage.java:1232)
	at java.base/sun.security.ssl.CertificateMessage$T13CertificateConsumer.onConsumeCertificate(CertificateMessage.java:1136)
	at java.base/sun.security.ssl.CertificateMessage$T13CertificateConsumer.consume(CertificateMessage.java:1113)
	at java.base/sun.security.ssl.SSLHandshake.consume(SSLHandshake.java:393)
	at java.base/sun.security.ssl.HandshakeContext.dispatch(HandshakeContext.java:477)
	at java.base/sun.security.ssl.SSLEngineImpl$DelegatedTask$DelegatedAction.run(SSLEngineImpl.java:1274)
	at java.base/sun.security.ssl.SSLEngineImpl$DelegatedTask$DelegatedAction.run(SSLEngineImpl.java:1261)
	at java.base/java.security.AccessController.doPrivileged(AccessController.java:714)
	at java.base/sun.security.ssl.SSLEngineImpl$DelegatedTask.run(SSLEngineImpl.java:1206)
	at io.netty.handler.ssl.SslHandler.runDelegatedTasks(SslHandler.java:1695)
	at io.netty.handler.ssl.SslHandler.unwrap(SslHandler.java:1541)
	at io.netty.handler.ssl.SslHandler.decodeJdkCompatible(SslHandler.java:1377)
	at io.netty.handler.ssl.SslHandler.decode(SslHandler.java:1428)
	at io.netty.handler.codec.ByteToMessageDecoder.decodeRemovalReentryProtection(ByteToMessageDecoder.java:545)
	at io.netty.handler.codec.ByteToMessageDecoder.callDecode(ByteToMessageDecoder.java:484)
	... 16 more
Caused by: sun.security.validator.ValidatorException: PKIX path validation failed: java.security.cert.CertPathValidatorException: validity check failed
	at java.base/sun.security.validator.PKIXValidator.doValidate(PKIXValidator.java:318)
	at java.base/sun.security.validator.PKIXValidator.engineValidate(PKIXValidator.java:267)
	at java.base/sun.security.validator.Validator.validate(Validator.java:256)
	at java.base/sun.security.ssl.X509TrustManagerImpl.checkTrusted(X509TrustManagerImpl.java:284)
	at java.base/sun.security.ssl.X509TrustManagerImpl.checkClientTrusted(X509TrustManagerImpl.java:138)
	at io.netty.handler.ssl.EnhancingX509ExtendedTrustManager.checkClientTrusted(EnhancingX509ExtendedTrustManager.java:77)
	at java.base/sun.security.ssl.CertificateMessage$T13CertificateConsumer.checkClientCerts(CertificateMessage.java:1210)
	... 30 more
Caused by: java.security.cert.CertPathValidatorException: validity check failed
	at java.base/sun.security.provider.certpath.PKIXMasterCertPathValidator.validate(PKIXMasterCertPathValidator.java:135)
	at java.base/sun.security.provider.certpath.PKIXCertPathValidator.validate(PKIXCertPathValidator.java:224)
	at java.base/sun.security.provider.certpath.PKIXCertPathValidator.validate(PKIXCertPathValidator.java:144)
	at java.base/sun.security.provider.certpath.PKIXCertPathValidator.engineValidate(PKIXCertPathValidator.java:83)
	at java.base/java.security.cert.CertPathValidator.validate(CertPathValidator.java:309)
	at java.base/sun.security.validator.PKIXValidator.doValidate(PKIXValidator.java:313)
	... 36 more
Caused by: java.security.cert.CertificateExpiredException: NotAfter: Tue Jan 02 01:00:00 CET 2024
	at java.base/sun.security.x509.CertificateValidity.valid(CertificateValidity.java:182)
	at java.base/sun.security.x509.X509CertImpl.checkValidity(X509CertImpl.java:534)
	at java.base/sun.security.provider.certpath.BasicChecker.verifyValidity(BasicChecker.java:190)
	at java.base/sun.security.provider.certpath.BasicChecker.check(BasicChecker.java:144)
	at java.base/sun.security.provider.certpath.PKIXMasterCertPathValidator.validate(PKIXMasterCertPathValidator.java:125)
	... 41 more
[2026-08-08T16:33:11,557][INFO ][org.logstash.beats.BeatsHandler][beats-tls][cea61c76cb89e8de1c33fda45ab2b43ef03d0a587a2da8dd49b947033416f5e3] [local: 192.168.1.56:5044, remote: 192.168.1.55:35116] Handling exception: io.netty.handler.codec.DecoderException: javax.net.ssl.SSLHandshakeException: (certificate_unknown) PKIX path validation failed: java.security.cert.CertPathValidatorException: validity check failed (caused by: java.security.cert.CertificateExpiredException: NotAfter: Tue Jan 02 01:00:00 CET 2024)
[2026-08-08T16:33:11,571][WARN ][io.netty.channel.DefaultChannelPipeline][beats-tls][cea61c76cb89e8de1c33fda45ab2b43ef03d0a587a2da8dd49b947033416f5e3] An exceptionCaught() event was fired, and it reached at the tail of the pipeline. It usually means the last handler in the pipeline did not handle the exception.
io.netty.handler.codec.DecoderException: javax.net.ssl.SSLHandshakeException: (certificate_unknown) PKIX path validation failed: java.security.cert.CertPathValidatorException: validity check failed
	at io.netty.handler.codec.ByteToMessageDecoder.callDecode(ByteToMessageDecoder.java:515)
	at io.netty.handler.codec.ByteToMessageDecoder.channelRead(ByteToMessageDecoder.java:296)
	at io.netty.channel.AbstractChannelHandlerContext.invokeChannelRead(AbstractChannelHandlerContext.java:444)
	at io.netty.channel.AbstractChannelHandlerContext.invokeChannelRead(AbstractChannelHandlerContext.java:420)
	at io.netty.channel.AbstractChannelHandlerContext.fireChannelRead(AbstractChannelHandlerContext.java:412)
	at io.netty.channel.DefaultChannelPipeline$HeadContext.channelRead(DefaultChannelPipeline.java:1357)
	at io.netty.channel.AbstractChannelHandlerContext.invokeChannelRead(AbstractChannelHandlerContext.java:440)
	at io.netty.channel.AbstractChannelHandlerContext.invokeChannelRead(AbstractChannelHandlerContext.java:420)
	at io.netty.channel.DefaultChannelPipeline.fireChannelRead(DefaultChannelPipeline.java:868)
	at io.netty.channel.nio.AbstractNioByteChannel$NioByteUnsafe.read(AbstractNioByteChannel.java:171)
	at io.netty.channel.nio.NioEventLoop.processSelectedKey(NioEventLoop.java:796)
	at io.netty.channel.nio.NioEventLoop.processSelectedKeysOptimized(NioEventLoop.java:732)
	at io.netty.channel.nio.NioEventLoop.processSelectedKeys(NioEventLoop.java:658)
	at io.netty.channel.nio.NioEventLoop.run(NioEventLoop.java:562)
	at io.netty.util.concurrent.SingleThreadEventExecutor$4.run(SingleThreadEventExecutor.java:998)
	at io.netty.util.internal.ThreadExecutorMap$2.run(ThreadExecutorMap.java:74)
	at java.base/java.lang.Thread.run(Thread.java:1583)
Caused by: javax.net.ssl.SSLHandshakeException: (certificate_unknown) PKIX path validation failed: java.security.cert.CertPathValidatorException: validity check failed
	at java.base/sun.security.ssl.Alert.createSSLException(Alert.java:130)
	at java.base/sun.security.ssl.TransportContext.fatal(TransportContext.java:383)
	at java.base/sun.security.ssl.TransportContext.fatal(TransportContext.java:326)
	at java.base/sun.security.ssl.TransportContext.fatal(TransportContext.java:321)
	at java.base/sun.security.ssl.CertificateMessage$T13CertificateConsumer.checkClientCerts(CertificateMessage.java:1232)
	at java.base/sun.security.ssl.CertificateMessage$T13CertificateConsumer.onConsumeCertificate(CertificateMessage.java:1136)
	at java.base/sun.security.ssl.CertificateMessage$T13CertificateConsumer.consume(CertificateMessage.java:1113)
	at java.base/sun.security.ssl.SSLHandshake.consume(SSLHandshake.java:393)
	at java.base/sun.security.ssl.HandshakeContext.dispatch(HandshakeContext.java:477)
	at java.base/sun.security.ssl.SSLEngineImpl$DelegatedTask$DelegatedAction.run(SSLEngineImpl.java:1274)
	at java.base/sun.security.ssl.SSLEngineImpl$DelegatedTask$DelegatedAction.run(SSLEngineImpl.java:1261)
	at java.base/java.security.AccessController.doPrivileged(AccessController.java:714)
	at java.base/sun.security.ssl.SSLEngineImpl$DelegatedTask.run(SSLEngineImpl.java:1206)
	at io.netty.handler.ssl.SslHandler.runDelegatedTasks(SslHandler.java:1695)
	at io.netty.handler.ssl.SslHandler.unwrap(SslHandler.java:1541)
	at io.netty.handler.ssl.SslHandler.decodeJdkCompatible(SslHandler.java:1377)
	at io.netty.handler.ssl.SslHandler.decode(SslHandler.java:1428)
	at io.netty.handler.codec.ByteToMessageDecoder.decodeRemovalReentryProtection(ByteToMessageDecoder.java:545)
	at io.netty.handler.codec.ByteToMessageDecoder.callDecode(ByteToMessageDecoder.java:484)
	... 16 more
Caused by: sun.security.validator.ValidatorException: PKIX path validation failed: java.security.cert.CertPathValidatorException: validity check failed
	at java.base/sun.security.validator.PKIXValidator.doValidate(PKIXValidator.java:318)
	at java.base/sun.security.validator.PKIXValidator.engineValidate(PKIXValidator.java:267)
	at java.base/sun.security.validator.Validator.validate(Validator.java:256)
	at java.base/sun.security.ssl.X509TrustManagerImpl.checkTrusted(X509TrustManagerImpl.java:284)
	at java.base/sun.security.ssl.X509TrustManagerImpl.checkClientTrusted(X509TrustManagerImpl.java:138)
	at io.netty.handler.ssl.EnhancingX509ExtendedTrustManager.checkClientTrusted(EnhancingX509ExtendedTrustManager.java:77)
	at java.base/sun.security.ssl.CertificateMessage$T13CertificateConsumer.checkClientCerts(CertificateMessage.java:1210)
	... 30 more
Caused by: java.security.cert.CertPathValidatorException: validity check failed
	at java.base/sun.security.provider.certpath.PKIXMasterCertPathValidator.validate(PKIXMasterCertPathValidator.java:135)
	at java.base/sun.security.provider.certpath.PKIXCertPathValidator.validate(PKIXCertPathValidator.java:224)
	at java.base/sun.security.provider.certpath.PKIXCertPathValidator.validate(PKIXCertPathValidator.java:144)
	at java.base/sun.security.provider.certpath.PKIXCertPathValidator.engineValidate(PKIXCertPathValidator.java:83)
	at java.base/java.security.cert.CertPathValidator.validate(CertPathValidator.java:309)
	at java.base/sun.security.validator.PKIXValidator.doValidate(PKIXValidator.java:313)
	... 36 more
Caused by: java.security.cert.CertificateExpiredException: NotAfter: Tue Jan 02 01:00:00 CET 2024
	at java.base/sun.security.x509.CertificateValidity.valid(CertificateValidity.java:182)
	at java.base/sun.security.x509.X509CertImpl.checkValidity(X509CertImpl.java:534)
	at java.base/sun.security.provider.certpath.BasicChecker.verifyValidity(BasicChecker.java:190)
	at java.base/sun.security.provider.certpath.BasicChecker.check(BasicChecker.java:144)
	at java.base/sun.security.provider.certpath.PKIXMasterCertPathValidator.validate(PKIXMasterCertPathValidator.java:125)
	... 41 more
[2026-08-08T16:33:12,789][INFO ][org.logstash.beats.BeatsHandler][beats-tls][cea61c76cb89e8de1c33fda45ab2b43ef03d0a587a2da8dd49b947033416f5e3] [local: 192.168.1.56:5044, remote: 192.168.1.55:35118] Handling exception: io.netty.handler.codec.DecoderException: javax.net.ssl.SSLHandshakeException: (certificate_unknown) PKIX path validation failed: java.security.cert.CertPathValidatorException: validity check failed (caused by: java.security.cert.CertificateExpiredException: NotAfter: Tue Jan 02 01:00:00 CET 2024)
[2026-08-08T16:33:12,789][WARN ][io.netty.channel.DefaultChannelPipeline][beats-tls][cea61c76cb89e8de1c33fda45ab2b43ef03d0a587a2da8dd49b947033416f5e3] An exceptionCaught() event was fired, and it reached at the tail of the pipeline. It usually means the last handler in the pipeline did not handle the exception.
io.netty.handler.codec.DecoderException: javax.net.ssl.SSLHandshakeException: (certificate_unknown) PKIX path validation failed: java.security.cert.CertPathValidatorException: validity check failed
	at io.netty.handler.codec.ByteToMessageDecoder.callDecode(ByteToMessageDecoder.java:515)
	at io.netty.handler.codec.ByteToMessageDecoder.channelRead(ByteToMessageDecoder.java:296)
	at io.netty.channel.AbstractChannelHandlerContext.invokeChannelRead(AbstractChannelHandlerContext.java:444)
	at io.netty.channel.AbstractChannelHandlerContext.invokeChannelRead(AbstractChannelHandlerContext.java:420)
	at io.netty.channel.AbstractChannelHandlerContext.fireChannelRead(AbstractChannelHandlerContext.java:412)
	at io.netty.channel.DefaultChannelPipeline$HeadContext.channelRead(DefaultChannelPipeline.java:1357)
	at io.netty.channel.AbstractChannelHandlerContext.invokeChannelRead(AbstractChannelHandlerContext.java:440)
	at io.netty.channel.AbstractChannelHandlerContext.invokeChannelRead(AbstractChannelHandlerContext.java:420)
	at io.netty.channel.DefaultChannelPipeline.fireChannelRead(DefaultChannelPipeline.java:868)
	at io.netty.channel.nio.AbstractNioByteChannel$NioByteUnsafe.read(AbstractNioByteChannel.java:171)
	at io.netty.channel.nio.NioEventLoop.processSelectedKey(NioEventLoop.java:796)
	at io.netty.channel.nio.NioEventLoop.processSelectedKeysOptimized(NioEventLoop.java:732)
	at io.netty.channel.nio.NioEventLoop.processSelectedKeys(NioEventLoop.java:658)
	at io.netty.channel.nio.NioEventLoop.run(NioEventLoop.java:562)
	at io.netty.util.concurrent.SingleThreadEventExecutor$4.run(SingleThreadEventExecutor.java:998)
	at io.netty.util.internal.ThreadExecutorMap$2.run(ThreadExecutorMap.java:74)
	at java.base/java.lang.Thread.run(Thread.java:1583)
Caused by: javax.net.ssl.SSLHandshakeException: (certificate_unknown) PKIX path validation failed: java.security.cert.CertPathValidatorException: validity check failed
	at java.base/sun.security.ssl.Alert.createSSLException(Alert.java:130)
	at java.base/sun.security.ssl.TransportContext.fatal(TransportContext.java:383)
	at java.base/sun.security.ssl.TransportContext.fatal(TransportContext.java:326)
	at java.base/sun.security.ssl.TransportContext.fatal(TransportContext.java:321)
	at java.base/sun.security.ssl.CertificateMessage$T13CertificateConsumer.checkClientCerts(CertificateMessage.java:1232)
	at java.base/sun.security.ssl.CertificateMessage$T13CertificateConsumer.onConsumeCertificate(CertificateMessage.java:1136)
	at java.base/sun.security.ssl.CertificateMessage$T13CertificateConsumer.consume(CertificateMessage.java:1113)
	at java.base/sun.security.ssl.SSLHandshake.consume(SSLHandshake.java:393)
	at java.base/sun.security.ssl.HandshakeContext.dispatch(HandshakeContext.java:477)
	at java.base/sun.security.ssl.SSLEngineImpl$DelegatedTask$DelegatedAction.run(SSLEngineImpl.java:1274)
	at java.base/sun.security.ssl.SSLEngineImpl$DelegatedTask$DelegatedAction.run(SSLEngineImpl.java:1261)
	at java.base/java.security.AccessController.doPrivileged(AccessController.java:714)
	at java.base/sun.security.ssl.SSLEngineImpl$DelegatedTask.run(SSLEngineImpl.java:1206)
	at io.netty.handler.ssl.SslHandler.runDelegatedTasks(SslHandler.java:1695)
	at io.netty.handler.ssl.SslHandler.unwrap(SslHandler.java:1541)
	at io.netty.handler.ssl.SslHandler.decodeJdkCompatible(SslHandler.java:1377)
	at io.netty.handler.ssl.SslHandler.decode(SslHandler.java:1428)
	at io.netty.handler.codec.ByteToMessageDecoder.decodeRemovalReentryProtection(ByteToMessageDecoder.java:545)
	at io.netty.handler.codec.ByteToMessageDecoder.callDecode(ByteToMessageDecoder.java:484)
	... 16 more
Caused by: sun.security.validator.ValidatorException: PKIX path validation failed: java.security.cert.CertPathValidatorException: validity check failed
	at java.base/sun.security.validator.PKIXValidator.doValidate(PKIXValidator.java:318)
	at java.base/sun.security.validator.PKIXValidator.engineValidate(PKIXValidator.java:267)
	at java.base/sun.security.validator.Validator.validate(Validator.java:256)
	at java.base/sun.security.ssl.X509TrustManagerImpl.checkTrusted(X509TrustManagerImpl.java:284)
	at java.base/sun.security.ssl.X509TrustManagerImpl.checkClientTrusted(X509TrustManagerImpl.java:138)
	at io.netty.handler.ssl.EnhancingX509ExtendedTrustManager.checkClientTrusted(EnhancingX509ExtendedTrustManager.java:77)
	at java.base/sun.security.ssl.CertificateMessage$T13CertificateConsumer.checkClientCerts(CertificateMessage.java:1210)
	... 30 more
Caused by: java.security.cert.CertPathValidatorException: validity check failed
	at java.base/sun.security.provider.certpath.PKIXMasterCertPathValidator.validate(PKIXMasterCertPathValidator.java:135)
	at java.base/sun.security.provider.certpath.PKIXCertPathValidator.validate(PKIXCertPathValidator.java:224)
	at java.base/sun.security.provider.certpath.PKIXCertPathValidator.validate(PKIXCertPathValidator.java:144)
	at java.base/sun.security.provider.certpath.PKIXCertPathValidator.engineValidate(PKIXCertPathValidator.java:83)
	at java.base/java.security.cert.CertPathValidator.validate(CertPathValidator.java:309)
	at java.base/sun.security.validator.PKIXValidator.doValidate(PKIXValidator.java:313)
	... 36 more
Caused by: java.security.cert.CertificateExpiredException: NotAfter: Tue Jan 02 01:00:00 CET 2024
	at java.base/sun.security.x509.CertificateValidity.valid(CertificateValidity.java:182)
	at java.base/sun.security.x509.X509CertImpl.checkValidity(X509CertImpl.java:534)
	at java.base/sun.security.provider.certpath.BasicChecker.verifyValidity(BasicChecker.java:190)
	at java.base/sun.security.provider.certpath.BasicChecker.check(BasicChecker.java:144)
	at java.base/sun.security.provider.certpath.PKIXMasterCertPathValidator.validate(PKIXMasterCertPathValidator.java:125)
	... 41 more
[2026-08-08T16:33:14,140][INFO ][org.logstash.beats.BeatsHandler][beats-tls][cea61c76cb89e8de1c33fda45ab2b43ef03d0a587a2da8dd49b947033416f5e3] [local: 192.168.1.56:5044, remote: 192.168.1.55:35124] Handling exception: io.netty.handler.codec.DecoderException: javax.net.ssl.SSLHandshakeException: (certificate_unknown) PKIX path validation failed: java.security.cert.CertPathValidatorException: validity check failed (caused by: java.security.cert.CertificateExpiredException: NotAfter: Tue Jan 02 01:00:00 CET 2024)
[2026-08-08T16:33:14,141][WARN ][io.netty.channel.DefaultChannelPipeline][beats-tls][cea61c76cb89e8de1c33fda45ab2b43ef03d0a587a2da8dd49b947033416f5e3] An exceptionCaught() event was fired, and it reached at the tail of the pipeline. It usually means the last handler in the pipeline did not handle the exception.
io.netty.handler.codec.DecoderException: javax.net.ssl.SSLHandshakeException: (certificate_unknown) PKIX path validation failed: java.security.cert.CertPathValidatorException: validity check failed
	at io.netty.handler.codec.ByteToMessageDecoder.callDecode(ByteToMessageDecoder.java:515)
	at io.netty.handler.codec.ByteToMessageDecoder.channelRead(ByteToMessageDecoder.java:296)
	at io.netty.channel.AbstractChannelHandlerContext.invokeChannelRead(AbstractChannelHandlerContext.java:444)
	at io.netty.channel.AbstractChannelHandlerContext.invokeChannelRead(AbstractChannelHandlerContext.java:420)
	at io.netty.channel.AbstractChannelHandlerContext.fireChannelRead(AbstractChannelHandlerContext.java:412)
	at io.netty.channel.DefaultChannelPipeline$HeadContext.channelRead(DefaultChannelPipeline.java:1357)
	at io.netty.channel.AbstractChannelHandlerContext.invokeChannelRead(AbstractChannelHandlerContext.java:440)
	at io.netty.channel.AbstractChannelHandlerContext.invokeChannelRead(AbstractChannelHandlerContext.java:420)
	at io.netty.channel.DefaultChannelPipeline.fireChannelRead(DefaultChannelPipeline.java:868)
	at io.netty.channel.nio.AbstractNioByteChannel$NioByteUnsafe.read(AbstractNioByteChannel.java:171)
	at io.netty.channel.nio.NioEventLoop.processSelectedKey(NioEventLoop.java:796)
	at io.netty.channel.nio.NioEventLoop.processSelectedKeysOptimized(NioEventLoop.java:732)
	at io.netty.channel.nio.NioEventLoop.processSelectedKeys(NioEventLoop.java:658)
	at io.netty.channel.nio.NioEventLoop.run(NioEventLoop.java:562)
	at io.netty.util.concurrent.SingleThreadEventExecutor$4.run(SingleThreadEventExecutor.java:998)
	at io.netty.util.internal.ThreadExecutorMap$2.run(ThreadExecutorMap.java:74)
	at java.base/java.lang.Thread.run(Thread.java:1583)
Caused by: javax.net.ssl.SSLHandshakeException: (certificate_unknown) PKIX path validation failed: java.security.cert.CertPathValidatorException: validity check failed
	at java.base/sun.security.ssl.Alert.createSSLException(Alert.java:130)
	at java.base/sun.security.ssl.TransportContext.fatal(TransportContext.java:383)
	at java.base/sun.security.ssl.TransportContext.fatal(TransportContext.java:326)
	at java.base/sun.security.ssl.TransportContext.fatal(TransportContext.java:321)
	at java.base/sun.security.ssl.CertificateMessage$T13CertificateConsumer.checkClientCerts(CertificateMessage.java:1232)
	at java.base/sun.security.ssl.CertificateMessage$T13CertificateConsumer.onConsumeCertificate(CertificateMessage.java:1136)
	at java.base/sun.security.ssl.CertificateMessage$T13CertificateConsumer.consume(CertificateMessage.java:1113)
	at java.base/sun.security.ssl.SSLHandshake.consume(SSLHandshake.java:393)
	at java.base/sun.security.ssl.HandshakeContext.dispatch(HandshakeContext.java:477)
	at java.base/sun.security.ssl.SSLEngineImpl$DelegatedTask$DelegatedAction.run(SSLEngineImpl.java:1274)
	at java.base/sun.security.ssl.SSLEngineImpl$DelegatedTask$DelegatedAction.run(SSLEngineImpl.java:1261)
	at java.base/java.security.AccessController.doPrivileged(AccessController.java:714)
	at java.base/sun.security.ssl.SSLEngineImpl$DelegatedTask.run(SSLEngineImpl.java:1206)
	at io.netty.handler.ssl.SslHandler.runDelegatedTasks(SslHandler.java:1695)
	at io.netty.handler.ssl.SslHandler.unwrap(SslHandler.java:1541)
	at io.netty.handler.ssl.SslHandler.decodeJdkCompatible(SslHandler.java:1377)
	at io.netty.handler.ssl.SslHandler.decode(SslHandler.java:1428)
	at io.netty.handler.codec.ByteToMessageDecoder.decodeRemovalReentryProtection(ByteToMessageDecoder.java:545)
	at io.netty.handler.codec.ByteToMessageDecoder.callDecode(ByteToMessageDecoder.java:484)
	... 16 more
Caused by: sun.security.validator.ValidatorException: PKIX path validation failed: java.security.cert.CertPathValidatorException: validity check failed
	at java.base/sun.security.validator.PKIXValidator.doValidate(PKIXValidator.java:318)
	at java.base/sun.security.validator.PKIXValidator.engineValidate(PKIXValidator.java:267)
	at java.base/sun.security.validator.Validator.validate(Validator.java:256)
	at java.base/sun.security.ssl.X509TrustManagerImpl.checkTrusted(X509TrustManagerImpl.java:284)
	at java.base/sun.security.ssl.X509TrustManagerImpl.checkClientTrusted(X509TrustManagerImpl.java:138)
	at io.netty.handler.ssl.EnhancingX509ExtendedTrustManager.checkClientTrusted(EnhancingX509ExtendedTrustManager.java:77)
	at java.base/sun.security.ssl.CertificateMessage$T13CertificateConsumer.checkClientCerts(CertificateMessage.java:1210)
	... 30 more
Caused by: java.security.cert.CertPathValidatorException: validity check failed
	at java.base/sun.security.provider.certpath.PKIXMasterCertPathValidator.validate(PKIXMasterCertPathValidator.java:135)
	at java.base/sun.security.provider.certpath.PKIXCertPathValidator.validate(PKIXCertPathValidator.java:224)
	at java.base/sun.security.provider.certpath.PKIXCertPathValidator.validate(PKIXCertPathValidator.java:144)
	at java.base/sun.security.provider.certpath.PKIXCertPathValidator.engineValidate(PKIXCertPathValidator.java:83)
	at java.base/java.security.cert.CertPathValidator.validate(CertPathValidator.java:309)
	at java.base/sun.security.validator.PKIXValidator.doValidate(PKIXValidator.java:313)
	... 36 more
Caused by: java.security.cert.CertificateExpiredException: NotAfter: Tue Jan 02 01:00:00 CET 2024
	at java.base/sun.security.x509.CertificateValidity.valid(CertificateValidity.java:182)
	at java.base/sun.security.x509.X509CertImpl.checkValidity(X509CertImpl.java:534)
	at java.base/sun.security.provider.certpath.BasicChecker.verifyValidity(BasicChecker.java:190)
	at java.base/sun.security.provider.certpath.BasicChecker.check(BasicChecker.java:144)
	at java.base/sun.security.provider.certpath.PKIXMasterCertPathValidator.validate(PKIXMasterCertPathValidator.java:125)
	... 41 more
[2026-08-08T16:33:16,131][INFO ][org.logstash.beats.BeatsHandler][beats-tls][cea61c76cb89e8de1c33fda45ab2b43ef03d0a587a2da8dd49b947033416f5e3] [local: 192.168.1.56:5044, remote: 192.168.1.55:35126] Handling exception: io.netty.handler.codec.DecoderException: javax.net.ssl.SSLHandshakeException: (certificate_unknown) PKIX path validation failed: java.security.cert.CertPathValidatorException: validity check failed (caused by: java.security.cert.CertificateExpiredException: NotAfter: Tue Jan 02 01:00:00 CET 2024)
[2026-08-08T16:33:16,137][WARN ][io.netty.channel.DefaultChannelPipeline][beats-tls][cea61c76cb89e8de1c33fda45ab2b43ef03d0a587a2da8dd49b947033416f5e3] An exceptionCaught() event was fired, and it reached at the tail of the pipeline. It usually means the last handler in the pipeline did not handle the exception.
io.netty.handler.codec.DecoderException: javax.net.ssl.SSLHandshakeException: (certificate_unknown) PKIX path validation failed: java.security.cert.CertPathValidatorException: validity check failed
	at io.netty.handler.codec.ByteToMessageDecoder.callDecode(ByteToMessageDecoder.java:515)
	at io.netty.handler.codec.ByteToMessageDecoder.channelRead(ByteToMessageDecoder.java:296)
	at io.netty.channel.AbstractChannelHandlerContext.invokeChannelRead(AbstractChannelHandlerContext.java:444)
	at io.netty.channel.AbstractChannelHandlerContext.invokeChannelRead(AbstractChannelHandlerContext.java:420)
	at io.netty.channel.AbstractChannelHandlerContext.fireChannelRead(AbstractChannelHandlerContext.java:412)
	at io.netty.channel.DefaultChannelPipeline$HeadContext.channelRead(DefaultChannelPipeline.java:1357)
	at io.netty.channel.AbstractChannelHandlerContext.invokeChannelRead(AbstractChannelHandlerContext.java:440)
	at io.netty.channel.AbstractChannelHandlerContext.invokeChannelRead(AbstractChannelHandlerContext.java:420)
	at io.netty.channel.DefaultChannelPipeline.fireChannelRead(DefaultChannelPipeline.java:868)
	at io.netty.channel.nio.AbstractNioByteChannel$NioByteUnsafe.read(AbstractNioByteChannel.java:171)
	at io.netty.channel.nio.NioEventLoop.processSelectedKey(NioEventLoop.java:796)
	at io.netty.channel.nio.NioEventLoop.processSelectedKeysOptimized(NioEventLoop.java:732)
	at io.netty.channel.nio.NioEventLoop.processSelectedKeys(NioEventLoop.java:658)
	at io.netty.channel.nio.NioEventLoop.run(NioEventLoop.java:562)
	at io.netty.util.concurrent.SingleThreadEventExecutor$4.run(SingleThreadEventExecutor.java:998)
	at io.netty.util.internal.ThreadExecutorMap$2.run(ThreadExecutorMap.java:74)
	at java.base/java.lang.Thread.run(Thread.java:1583)
Caused by: javax.net.ssl.SSLHandshakeException: (certificate_unknown) PKIX path validation failed: java.security.cert.CertPathValidatorException: validity check failed
	at java.base/sun.security.ssl.Alert.createSSLException(Alert.java:130)
	at java.base/sun.security.ssl.TransportContext.fatal(TransportContext.java:383)
	at java.base/sun.security.ssl.TransportContext.fatal(TransportContext.java:326)
	at java.base/sun.security.ssl.TransportContext.fatal(TransportContext.java:321)
	at java.base/sun.security.ssl.CertificateMessage$T13CertificateConsumer.checkClientCerts(CertificateMessage.java:1232)
	at java.base/sun.security.ssl.CertificateMessage$T13CertificateConsumer.onConsumeCertificate(CertificateMessage.java:1136)
	at java.base/sun.security.ssl.CertificateMessage$T13CertificateConsumer.consume(CertificateMessage.java:1113)
	at java.base/sun.security.ssl.SSLHandshake.consume(SSLHandshake.java:393)
	at java.base/sun.security.ssl.HandshakeContext.dispatch(HandshakeContext.java:477)
	at java.base/sun.security.ssl.SSLEngineImpl$DelegatedTask$DelegatedAction.run(SSLEngineImpl.java:1274)
	at java.base/sun.security.ssl.SSLEngineImpl$DelegatedTask$DelegatedAction.run(SSLEngineImpl.java:1261)
	at java.base/java.security.AccessController.doPrivileged(AccessController.java:714)
	at java.base/sun.security.ssl.SSLEngineImpl$DelegatedTask.run(SSLEngineImpl.java:1206)
	at io.netty.handler.ssl.SslHandler.runDelegatedTasks(SslHandler.java:1695)
	at io.netty.handler.ssl.SslHandler.unwrap(SslHandler.java:1541)
	at io.netty.handler.ssl.SslHandler.decodeJdkCompatible(SslHandler.java:1377)
	at io.netty.handler.ssl.SslHandler.decode(SslHandler.java:1428)
	at io.netty.handler.codec.ByteToMessageDecoder.decodeRemovalReentryProtection(ByteToMessageDecoder.java:545)
	at io.netty.handler.codec.ByteToMessageDecoder.callDecode(ByteToMessageDecoder.java:484)
	... 16 more
Caused by: sun.security.validator.ValidatorException: PKIX path validation failed: java.security.cert.CertPathValidatorException: validity check failed
	at java.base/sun.security.validator.PKIXValidator.doValidate(PKIXValidator.java:318)
	at java.base/sun.security.validator.PKIXValidator.engineValidate(PKIXValidator.java:267)
	at java.base/sun.security.validator.Validator.validate(Validator.java:256)
	at java.base/sun.security.ssl.X509TrustManagerImpl.checkTrusted(X509TrustManagerImpl.java:284)
	at java.base/sun.security.ssl.X509TrustManagerImpl.checkClientTrusted(X509TrustManagerImpl.java:138)
	at io.netty.handler.ssl.EnhancingX509ExtendedTrustManager.checkClientTrusted(EnhancingX509ExtendedTrustManager.java:77)
	at java.base/sun.security.ssl.CertificateMessage$T13CertificateConsumer.checkClientCerts(CertificateMessage.java:1210)
	... 30 more
Caused by: java.security.cert.CertPathValidatorException: validity check failed
	at java.base/sun.security.provider.certpath.PKIXMasterCertPathValidator.validate(PKIXMasterCertPathValidator.java:135)
	at java.base/sun.security.provider.certpath.PKIXCertPathValidator.validate(PKIXCertPathValidator.java:224)
	at java.base/sun.security.provider.certpath.PKIXCertPathValidator.validate(PKIXCertPathValidator.java:144)
	at java.base/sun.security.provider.certpath.PKIXCertPathValidator.engineValidate(PKIXCertPathValidator.java:83)
	at java.base/java.security.cert.CertPathValidator.validate(CertPathValidator.java:309)
	at java.base/sun.security.validator.PKIXValidator.doValidate(PKIXValidator.java:313)
	... 36 more
Caused by: java.security.cert.CertificateExpiredException: NotAfter: Tue Jan 02 01:00:00 CET 2024
	at java.base/sun.security.x509.CertificateValidity.valid(CertificateValidity.java:182)
	at java.base/sun.security.x509.X509CertImpl.checkValidity(X509CertImpl.java:534)
	at java.base/sun.security.provider.certpath.BasicChecker.verifyValidity(BasicChecker.java:190)
	at java.base/sun.security.provider.certpath.BasicChecker.check(BasicChecker.java:144)
	at java.base/sun.security.provider.certpath.PKIXMasterCertPathValidator.validate(PKIXMasterCertPathValidator.java:125)
	... 41 more
[2026-08-08T16:33:18,117][INFO ][org.logstash.beats.BeatsHandler][beats-tls][cea61c76cb89e8de1c33fda45ab2b43ef03d0a587a2da8dd49b947033416f5e3] [local: 192.168.1.56:5044, remote: 192.168.1.55:52150] Handling exception: io.netty.handler.codec.DecoderException: javax.net.ssl.SSLHandshakeException: (certificate_unknown) PKIX path validation failed: java.security.cert.CertPathValidatorException: validity check failed (caused by: java.security.cert.CertificateExpiredException: NotAfter: Tue Jan 02 01:00:00 CET 2024)
[2026-08-08T16:33:18,118][WARN ][io.netty.channel.DefaultChannelPipeline][beats-tls][cea61c76cb89e8de1c33fda45ab2b43ef03d0a587a2da8dd49b947033416f5e3] An exceptionCaught() event was fired, and it reached at the tail of the pipeline. It usually means the last handler in the pipeline did not handle the exception.
io.netty.handler.codec.DecoderException: javax.net.ssl.SSLHandshakeException: (certificate_unknown) PKIX path validation failed: java.security.cert.CertPathValidatorException: validity check failed
	at io.netty.handler.codec.ByteToMessageDecoder.callDecode(ByteToMessageDecoder.java:515)
	at io.netty.handler.codec.ByteToMessageDecoder.channelRead(ByteToMessageDecoder.java:296)
	at io.netty.channel.AbstractChannelHandlerContext.invokeChannelRead(AbstractChannelHandlerContext.java:444)
	at io.netty.channel.AbstractChannelHandlerContext.invokeChannelRead(AbstractChannelHandlerContext.java:420)
	at io.netty.channel.AbstractChannelHandlerContext.fireChannelRead(AbstractChannelHandlerContext.java:412)
	at io.netty.channel.DefaultChannelPipeline$HeadContext.channelRead(DefaultChannelPipeline.java:1357)
	at io.netty.channel.AbstractChannelHandlerContext.invokeChannelRead(AbstractChannelHandlerContext.java:440)
	at io.netty.channel.AbstractChannelHandlerContext.invokeChannelRead(AbstractChannelHandlerContext.java:420)
	at io.netty.channel.DefaultChannelPipeline.fireChannelRead(DefaultChannelPipeline.java:868)
	at io.netty.channel.nio.AbstractNioByteChannel$NioByteUnsafe.read(AbstractNioByteChannel.java:171)
	at io.netty.channel.nio.NioEventLoop.processSelectedKey(NioEventLoop.java:796)
	at io.netty.channel.nio.NioEventLoop.processSelectedKeysOptimized(NioEventLoop.java:732)
	at io.netty.channel.nio.NioEventLoop.processSelectedKeys(NioEventLoop.java:658)
	at io.netty.channel.nio.NioEventLoop.run(NioEventLoop.java:562)
	at io.netty.util.concurrent.SingleThreadEventExecutor$4.run(SingleThreadEventExecutor.java:998)
	at io.netty.util.internal.ThreadExecutorMap$2.run(ThreadExecutorMap.java:74)
	at java.base/java.lang.Thread.run(Thread.java:1583)
Caused by: javax.net.ssl.SSLHandshakeException: (certificate_unknown) PKIX path validation failed: java.security.cert.CertPathValidatorException: validity check failed
	at java.base/sun.security.ssl.Alert.createSSLException(Alert.java:130)
	at java.base/sun.security.ssl.TransportContext.fatal(TransportContext.java:383)
	at java.base/sun.security.ssl.TransportContext.fatal(TransportContext.java:326)
	at java.base/sun.security.ssl.TransportContext.fatal(TransportContext.java:321)
	at java.base/sun.security.ssl.CertificateMessage$T13CertificateConsumer.checkClientCerts(CertificateMessage.java:1232)
	at java.base/sun.security.ssl.CertificateMessage$T13CertificateConsumer.onConsumeCertificate(CertificateMessage.java:1136)
	at java.base/sun.security.ssl.CertificateMessage$T13CertificateConsumer.consume(CertificateMessage.java:1113)
	at java.base/sun.security.ssl.SSLHandshake.consume(SSLHandshake.java:393)
	at java.base/sun.security.ssl.HandshakeContext.dispatch(HandshakeContext.java:477)
	at java.base/sun.security.ssl.SSLEngineImpl$DelegatedTask$DelegatedAction.run(SSLEngineImpl.java:1274)
	at java.base/sun.security.ssl.SSLEngineImpl$DelegatedTask$DelegatedAction.run(SSLEngineImpl.java:1261)
	at java.base/java.security.AccessController.doPrivileged(AccessController.java:714)
	at java.base/sun.security.ssl.SSLEngineImpl$DelegatedTask.run(SSLEngineImpl.java:1206)
	at io.netty.handler.ssl.SslHandler.runDelegatedTasks(SslHandler.java:1695)
	at io.netty.handler.ssl.SslHandler.unwrap(SslHandler.java:1541)
	at io.netty.handler.ssl.SslHandler.decodeJdkCompatible(SslHandler.java:1377)
	at io.netty.handler.ssl.SslHandler.decode(SslHandler.java:1428)
	at io.netty.handler.codec.ByteToMessageDecoder.decodeRemovalReentryProtection(ByteToMessageDecoder.java:545)
	at io.netty.handler.codec.ByteToMessageDecoder.callDecode(ByteToMessageDecoder.java:484)
	... 16 more
Caused by: sun.security.validator.ValidatorException: PKIX path validation failed: java.security.cert.CertPathValidatorException: validity check failed
	at java.base/sun.security.validator.PKIXValidator.doValidate(PKIXValidator.java:318)
	at java.base/sun.security.validator.PKIXValidator.engineValidate(PKIXValidator.java:267)
	at java.base/sun.security.validator.Validator.validate(Validator.java:256)
	at java.base/sun.security.ssl.X509TrustManagerImpl.checkTrusted(X509TrustManagerImpl.java:284)
	at java.base/sun.security.ssl.X509TrustManagerImpl.checkClientTrusted(X509TrustManagerImpl.java:138)
	at io.netty.handler.ssl.EnhancingX509ExtendedTrustManager.checkClientTrusted(EnhancingX509ExtendedTrustManager.java:77)
	at java.base/sun.security.ssl.CertificateMessage$T13CertificateConsumer.checkClientCerts(CertificateMessage.java:1210)
	... 30 more
Caused by: java.security.cert.CertPathValidatorException: validity check failed
	at java.base/sun.security.provider.certpath.PKIXMasterCertPathValidator.validate(PKIXMasterCertPathValidator.java:135)
	at java.base/sun.security.provider.certpath.PKIXCertPathValidator.validate(PKIXCertPathValidator.java:224)
	at java.base/sun.security.provider.certpath.PKIXCertPathValidator.validate(PKIXCertPathValidator.java:144)
	at java.base/sun.security.provider.certpath.PKIXCertPathValidator.engineValidate(PKIXCertPathValidator.java:83)
	at java.base/java.security.cert.CertPathValidator.validate(CertPathValidator.java:309)
	at java.base/sun.security.validator.PKIXValidator.doValidate(PKIXValidator.java:313)
	... 36 more
Caused by: java.security.cert.CertificateExpiredException: NotAfter: Tue Jan 02 01:00:00 CET 2024
	at java.base/sun.security.x509.CertificateValidity.valid(CertificateValidity.java:182)
	at java.base/sun.security.x509.X509CertImpl.checkValidity(X509CertImpl.java:534)
	at java.base/sun.security.provider.certpath.BasicChecker.verifyValidity(BasicChecker.java:190)
	at java.base/sun.security.provider.certpath.BasicChecker.check(BasicChecker.java:144)
	at java.base/sun.security.provider.certpath.PKIXMasterCertPathValidator.validate(PKIXMasterCertPathValidator.java:125)
	... 41 more
[2026-08-08T16:33:19,878][INFO ][org.logstash.beats.BeatsHandler][beats-tls][cea61c76cb89e8de1c33fda45ab2b43ef03d0a587a2da8dd49b947033416f5e3] [local: 192.168.1.56:5044, remote: 192.168.1.55:52156] Handling exception: io.netty.handler.codec.DecoderException: javax.net.ssl.SSLHandshakeException: (certificate_unknown) PKIX path validation failed: java.security.cert.CertPathValidatorException: validity check failed (caused by: java.security.cert.CertificateExpiredException: NotAfter: Tue Jan 02 01:00:00 CET 2024)
[2026-08-08T16:33:19,879][WARN ][io.netty.channel.DefaultChannelPipeline][beats-tls][cea61c76cb89e8de1c33fda45ab2b43ef03d0a587a2da8dd49b947033416f5e3] An exceptionCaught() event was fired, and it reached at the tail of the pipeline. It usually means the last handler in the pipeline did not handle the exception.
io.netty.handler.codec.DecoderException: javax.net.ssl.SSLHandshakeException: (certificate_unknown) PKIX path validation failed: java.security.cert.CertPathValidatorException: validity check failed
	at io.netty.handler.codec.ByteToMessageDecoder.callDecode(ByteToMessageDecoder.java:515)
	at io.netty.handler.codec.ByteToMessageDecoder.channelRead(ByteToMessageDecoder.java:296)
	at io.netty.channel.AbstractChannelHandlerContext.invokeChannelRead(AbstractChannelHandlerContext.java:444)
	at io.netty.channel.AbstractChannelHandlerContext.invokeChannelRead(AbstractChannelHandlerContext.java:420)
	at io.netty.channel.AbstractChannelHandlerContext.fireChannelRead(AbstractChannelHandlerContext.java:412)
	at io.netty.channel.DefaultChannelPipeline$HeadContext.channelRead(DefaultChannelPipeline.java:1357)
	at io.netty.channel.AbstractChannelHandlerContext.invokeChannelRead(AbstractChannelHandlerContext.java:440)
	at io.netty.channel.AbstractChannelHandlerContext.invokeChannelRead(AbstractChannelHandlerContext.java:420)
	at io.netty.channel.DefaultChannelPipeline.fireChannelRead(DefaultChannelPipeline.java:868)
	at io.netty.channel.nio.AbstractNioByteChannel$NioByteUnsafe.read(AbstractNioByteChannel.java:171)
	at io.netty.channel.nio.NioEventLoop.processSelectedKey(NioEventLoop.java:796)
	at io.netty.channel.nio.NioEventLoop.processSelectedKeysOptimized(NioEventLoop.java:732)
	at io.netty.channel.nio.NioEventLoop.processSelectedKeys(NioEventLoop.java:658)
	at io.netty.channel.nio.NioEventLoop.run(NioEventLoop.java:562)
	at io.netty.util.concurrent.SingleThreadEventExecutor$4.run(SingleThreadEventExecutor.java:998)
	at io.netty.util.internal.ThreadExecutorMap$2.run(ThreadExecutorMap.java:74)
	at java.base/java.lang.Thread.run(Thread.java:1583)
Caused by: javax.net.ssl.SSLHandshakeException: (certificate_unknown) PKIX path validation failed: java.security.cert.CertPathValidatorException: validity check failed
	at java.base/sun.security.ssl.Alert.createSSLException(Alert.java:130)
	at java.base/sun.security.ssl.TransportContext.fatal(TransportContext.java:383)
	at java.base/sun.security.ssl.TransportContext.fatal(TransportContext.java:326)
	at java.base/sun.security.ssl.TransportContext.fatal(TransportContext.java:321)
	at java.base/sun.security.ssl.CertificateMessage$T13CertificateConsumer.checkClientCerts(CertificateMessage.java:1232)
	at java.base/sun.security.ssl.CertificateMessage$T13CertificateConsumer.onConsumeCertificate(CertificateMessage.java:1136)
	at java.base/sun.security.ssl.CertificateMessage$T13CertificateConsumer.consume(CertificateMessage.java:1113)
	at java.base/sun.security.ssl.SSLHandshake.consume(SSLHandshake.java:393)
	at java.base/sun.security.ssl.HandshakeContext.dispatch(HandshakeContext.java:477)
	at java.base/sun.security.ssl.SSLEngineImpl$DelegatedTask$DelegatedAction.run(SSLEngineImpl.java:1274)
	at java.base/sun.security.ssl.SSLEngineImpl$DelegatedTask$DelegatedAction.run(SSLEngineImpl.java:1261)
	at java.base/java.security.AccessController.doPrivileged(AccessController.java:714)
	at java.base/sun.security.ssl.SSLEngineImpl$DelegatedTask.run(SSLEngineImpl.java:1206)
	at io.netty.handler.ssl.SslHandler.runDelegatedTasks(SslHandler.java:1695)
	at io.netty.handler.ssl.SslHandler.unwrap(SslHandler.java:1541)
	at io.netty.handler.ssl.SslHandler.decodeJdkCompatible(SslHandler.java:1377)
	at io.netty.handler.ssl.SslHandler.decode(SslHandler.java:1428)
	at io.netty.handler.codec.ByteToMessageDecoder.decodeRemovalReentryProtection(ByteToMessageDecoder.java:545)
	at io.netty.handler.codec.ByteToMessageDecoder.callDecode(ByteToMessageDecoder.java:484)
	... 16 more
Caused by: sun.security.validator.ValidatorException: PKIX path validation failed: java.security.cert.CertPathValidatorException: validity check failed
	at java.base/sun.security.validator.PKIXValidator.doValidate(PKIXValidator.java:318)
	at java.base/sun.security.validator.PKIXValidator.engineValidate(PKIXValidator.java:267)
	at java.base/sun.security.validator.Validator.validate(Validator.java:256)
	at java.base/sun.security.ssl.X509TrustManagerImpl.checkTrusted(X509TrustManagerImpl.java:284)
	at java.base/sun.security.ssl.X509TrustManagerImpl.checkClientTrusted(X509TrustManagerImpl.java:138)
	at io.netty.handler.ssl.EnhancingX509ExtendedTrustManager.checkClientTrusted(EnhancingX509ExtendedTrustManager.java:77)
	at java.base/sun.security.ssl.CertificateMessage$T13CertificateConsumer.checkClientCerts(CertificateMessage.java:1210)
	... 30 more
Caused by: java.security.cert.CertPathValidatorException: validity check failed
	at java.base/sun.security.provider.certpath.PKIXMasterCertPathValidator.validate(PKIXMasterCertPathValidator.java:135)
	at java.base/sun.security.provider.certpath.PKIXCertPathValidator.validate(PKIXCertPathValidator.java:224)
	at java.base/sun.security.provider.certpath.PKIXCertPathValidator.validate(PKIXCertPathValidator.java:144)
	at java.base/sun.security.provider.certpath.PKIXCertPathValidator.engineValidate(PKIXCertPathValidator.java:83)
	at java.base/java.security.cert.CertPathValidator.validate(CertPathValidator.java:309)
	at java.base/sun.security.validator.PKIXValidator.doValidate(PKIXValidator.java:313)
	... 36 more
Caused by: java.security.cert.CertificateExpiredException: NotAfter: Tue Jan 02 01:00:00 CET 2024
	at java.base/sun.security.x509.CertificateValidity.valid(CertificateValidity.java:182)
	at java.base/sun.security.x509.X509CertImpl.checkValidity(X509CertImpl.java:534)
	at java.base/sun.security.provider.certpath.BasicChecker.verifyValidity(BasicChecker.java:190)
	at java.base/sun.security.provider.certpath.BasicChecker.check(BasicChecker.java:144)
	at java.base/sun.security.provider.certpath.PKIXMasterCertPathValidator.validate(PKIXMasterCertPathValidator.java:125)
	... 41 more
[2026-08-08T16:33:21,802][INFO ][org.logstash.beats.BeatsHandler][beats-tls][cea61c76cb89e8de1c33fda45ab2b43ef03d0a587a2da8dd49b947033416f5e3] [local: 192.168.1.56:5044, remote: 192.168.1.55:52172] Handling exception: io.netty.handler.codec.DecoderException: javax.net.ssl.SSLHandshakeException: (certificate_unknown) PKIX path validation failed: java.security.cert.CertPathValidatorException: validity check failed (caused by: java.security.cert.CertificateExpiredException: NotAfter: Tue Jan 02 01:00:00 CET 2024)
[2026-08-08T16:33:21,803][WARN ][io.netty.channel.DefaultChannelPipeline][beats-tls][cea61c76cb89e8de1c33fda45ab2b43ef03d0a587a2da8dd49b947033416f5e3] An exceptionCaught() event was fired, and it reached at the tail of the pipeline. It usually means the last handler in the pipeline did not handle the exception.
io.netty.handler.codec.DecoderException: javax.net.ssl.SSLHandshakeException: (certificate_unknown) PKIX path validation failed: java.security.cert.CertPathValidatorException: validity check failed
	at io.netty.handler.codec.ByteToMessageDecoder.callDecode(ByteToMessageDecoder.java:515)
	at io.netty.handler.codec.ByteToMessageDecoder.channelRead(ByteToMessageDecoder.java:296)
	at io.netty.channel.AbstractChannelHandlerContext.invokeChannelRead(AbstractChannelHandlerContext.java:444)
	at io.netty.channel.AbstractChannelHandlerContext.invokeChannelRead(AbstractChannelHandlerContext.java:420)
	at io.netty.channel.AbstractChannelHandlerContext.fireChannelRead(AbstractChannelHandlerContext.java:412)
	at io.netty.channel.DefaultChannelPipeline$HeadContext.channelRead(DefaultChannelPipeline.java:1357)
	at io.netty.channel.AbstractChannelHandlerContext.invokeChannelRead(AbstractChannelHandlerContext.java:440)
	at io.netty.channel.AbstractChannelHandlerContext.invokeChannelRead(AbstractChannelHandlerContext.java:420)
	at io.netty.channel.DefaultChannelPipeline.fireChannelRead(DefaultChannelPipeline.java:868)
	at io.netty.channel.nio.AbstractNioByteChannel$NioByteUnsafe.read(AbstractNioByteChannel.java:171)
	at io.netty.channel.nio.NioEventLoop.processSelectedKey(NioEventLoop.java:796)
	at io.netty.channel.nio.NioEventLoop.processSelectedKeysOptimized(NioEventLoop.java:732)
	at io.netty.channel.nio.NioEventLoop.processSelectedKeys(NioEventLoop.java:658)
	at io.netty.channel.nio.NioEventLoop.run(NioEventLoop.java:562)
	at io.netty.util.concurrent.SingleThreadEventExecutor$4.run(SingleThreadEventExecutor.java:998)
	at io.netty.util.internal.ThreadExecutorMap$2.run(ThreadExecutorMap.java:74)
	at java.base/java.lang.Thread.run(Thread.java:1583)
Caused by: javax.net.ssl.SSLHandshakeException: (certificate_unknown) PKIX path validation failed: java.security.cert.CertPathValidatorException: validity check failed
	at java.base/sun.security.ssl.Alert.createSSLException(Alert.java:130)
	at java.base/sun.security.ssl.TransportContext.fatal(TransportContext.java:383)
	at java.base/sun.security.ssl.TransportContext.fatal(TransportContext.java:326)
	at java.base/sun.security.ssl.TransportContext.fatal(TransportContext.java:321)
	at java.base/sun.security.ssl.CertificateMessage$T13CertificateConsumer.checkClientCerts(CertificateMessage.java:1232)
	at java.base/sun.security.ssl.CertificateMessage$T13CertificateConsumer.onConsumeCertificate(CertificateMessage.java:1136)
	at java.base/sun.security.ssl.CertificateMessage$T13CertificateConsumer.consume(CertificateMessage.java:1113)
	at java.base/sun.security.ssl.SSLHandshake.consume(SSLHandshake.java:393)
	at java.base/sun.security.ssl.HandshakeContext.dispatch(HandshakeContext.java:477)
	at java.base/sun.security.ssl.SSLEngineImpl$DelegatedTask$DelegatedAction.run(SSLEngineImpl.java:1274)
	at java.base/sun.security.ssl.SSLEngineImpl$DelegatedTask$DelegatedAction.run(SSLEngineImpl.java:1261)
	at java.base/java.security.AccessController.doPrivileged(AccessController.java:714)
	at java.base/sun.security.ssl.SSLEngineImpl$DelegatedTask.run(SSLEngineImpl.java:1206)
	at io.netty.handler.ssl.SslHandler.runDelegatedTasks(SslHandler.java:1695)
	at io.netty.handler.ssl.SslHandler.unwrap(SslHandler.java:1541)
	at io.netty.handler.ssl.SslHandler.decodeJdkCompatible(SslHandler.java:1377)
	at io.netty.handler.ssl.SslHandler.decode(SslHandler.java:1428)
	at io.netty.handler.codec.ByteToMessageDecoder.decodeRemovalReentryProtection(ByteToMessageDecoder.java:545)
	at io.netty.handler.codec.ByteToMessageDecoder.callDecode(ByteToMessageDecoder.java:484)
	... 16 more
Caused by: sun.security.validator.ValidatorException: PKIX path validation failed: java.security.cert.CertPathValidatorException: validity check failed
	at java.base/sun.security.validator.PKIXValidator.doValidate(PKIXValidator.java:318)
	at java.base/sun.security.validator.PKIXValidator.engineValidate(PKIXValidator.java:267)
	at java.base/sun.security.validator.Validator.validate(Validator.java:256)
	at java.base/sun.security.ssl.X509TrustManagerImpl.checkTrusted(X509TrustManagerImpl.java:284)
	at java.base/sun.security.ssl.X509TrustManagerImpl.checkClientTrusted(X509TrustManagerImpl.java:138)
	at io.netty.handler.ssl.EnhancingX509ExtendedTrustManager.checkClientTrusted(EnhancingX509ExtendedTrustManager.java:77)
	at java.base/sun.security.ssl.CertificateMessage$T13CertificateConsumer.checkClientCerts(CertificateMessage.java:1210)
	... 30 more
Caused by: java.security.cert.CertPathValidatorException: validity check failed
	at java.base/sun.security.provider.certpath.PKIXMasterCertPathValidator.validate(PKIXMasterCertPathValidator.java:135)
	at java.base/sun.security.provider.certpath.PKIXCertPathValidator.validate(PKIXCertPathValidator.java:224)
	at java.base/sun.security.provider.certpath.PKIXCertPathValidator.validate(PKIXCertPathValidator.java:144)
	at java.base/sun.security.provider.certpath.PKIXCertPathValidator.engineValidate(PKIXCertPathValidator.java:83)
	at java.base/java.security.cert.CertPathValidator.validate(CertPathValidator.java:309)
	at java.base/sun.security.validator.PKIXValidator.doValidate(PKIXValidator.java:313)
	... 36 more
Caused by: java.security.cert.CertificateExpiredException: NotAfter: Tue Jan 02 01:00:00 CET 2024
	at java.base/sun.security.x509.CertificateValidity.valid(CertificateValidity.java:182)
	at java.base/sun.security.x509.X509CertImpl.checkValidity(X509CertImpl.java:534)
	at java.base/sun.security.provider.certpath.BasicChecker.verifyValidity(BasicChecker.java:190)
	at java.base/sun.security.provider.certpath.BasicChecker.check(BasicChecker.java:144)
	at java.base/sun.security.provider.certpath.PKIXMasterCertPathValidator.validate(PKIXMasterCertPathValidator.java:125)
	... 41 more
[2026-08-08T16:33:24,492][INFO ][org.logstash.beats.BeatsHandler][beats-tls][cea61c76cb89e8de1c33fda45ab2b43ef03d0a587a2da8dd49b947033416f5e3] [local: 192.168.1.56:5044, remote: 192.168.1.55:52176] Handling exception: io.netty.handler.codec.DecoderException: javax.net.ssl.SSLHandshakeException: (certificate_unknown) PKIX path validation failed: java.security.cert.CertPathValidatorException: validity check failed (caused by: java.security.cert.CertificateExpiredException: NotAfter: Tue Jan 02 01:00:00 CET 2024)
[2026-08-08T16:33:24,493][WARN ][io.netty.channel.DefaultChannelPipeline][beats-tls][cea61c76cb89e8de1c33fda45ab2b43ef03d0a587a2da8dd49b947033416f5e3] An exceptionCaught() event was fired, and it reached at the tail of the pipeline. It usually means the last handler in the pipeline did not handle the exception.
io.netty.handler.codec.DecoderException: javax.net.ssl.SSLHandshakeException: (certificate_unknown) PKIX path validation failed: java.security.cert.CertPathValidatorException: validity check failed
	at io.netty.handler.codec.ByteToMessageDecoder.callDecode(ByteToMessageDecoder.java:515)
	at io.netty.handler.codec.ByteToMessageDecoder.channelRead(ByteToMessageDecoder.java:296)
	at io.netty.channel.AbstractChannelHandlerContext.invokeChannelRead(AbstractChannelHandlerContext.java:444)
	at io.netty.channel.AbstractChannelHandlerContext.invokeChannelRead(AbstractChannelHandlerContext.java:420)
	at io.netty.channel.AbstractChannelHandlerContext.fireChannelRead(AbstractChannelHandlerContext.java:412)
	at io.netty.channel.DefaultChannelPipeline$HeadContext.channelRead(DefaultChannelPipeline.java:1357)
	at io.netty.channel.AbstractChannelHandlerContext.invokeChannelRead(AbstractChannelHandlerContext.java:440)
	at io.netty.channel.AbstractChannelHandlerContext.invokeChannelRead(AbstractChannelHandlerContext.java:420)
	at io.netty.channel.DefaultChannelPipeline.fireChannelRead(DefaultChannelPipeline.java:868)
	at io.netty.channel.nio.AbstractNioByteChannel$NioByteUnsafe.read(AbstractNioByteChannel.java:171)
	at io.netty.channel.nio.NioEventLoop.processSelectedKey(NioEventLoop.java:796)
	at io.netty.channel.nio.NioEventLoop.processSelectedKeysOptimized(NioEventLoop.java:732)
	at io.netty.channel.nio.NioEventLoop.processSelectedKeys(NioEventLoop.java:658)
	at io.netty.channel.nio.NioEventLoop.run(NioEventLoop.java:562)
	at io.netty.util.concurrent.SingleThreadEventExecutor$4.run(SingleThreadEventExecutor.java:998)
	at io.netty.util.internal.ThreadExecutorMap$2.run(ThreadExecutorMap.java:74)
	at java.base/java.lang.Thread.run(Thread.java:1583)
Caused by: javax.net.ssl.SSLHandshakeException: (certificate_unknown) PKIX path validation failed: java.security.cert.CertPathValidatorException: validity check failed
	at java.base/sun.security.ssl.Alert.createSSLException(Alert.java:130)
	at java.base/sun.security.ssl.TransportContext.fatal(TransportContext.java:383)
	at java.base/sun.security.ssl.TransportContext.fatal(TransportContext.java:326)
	at java.base/sun.security.ssl.TransportContext.fatal(TransportContext.java:321)
	at java.base/sun.security.ssl.CertificateMessage$T13CertificateConsumer.checkClientCerts(CertificateMessage.java:1232)
	at java.base/sun.security.ssl.CertificateMessage$T13CertificateConsumer.onConsumeCertificate(CertificateMessage.java:1136)
	at java.base/sun.security.ssl.CertificateMessage$T13CertificateConsumer.consume(CertificateMessage.java:1113)
	at java.base/sun.security.ssl.SSLHandshake.consume(SSLHandshake.java:393)
	at java.base/sun.security.ssl.HandshakeContext.dispatch(HandshakeContext.java:477)
	at java.base/sun.security.ssl.SSLEngineImpl$DelegatedTask$DelegatedAction.run(SSLEngineImpl.java:1274)
	at java.base/sun.security.ssl.SSLEngineImpl$DelegatedTask$DelegatedAction.run(SSLEngineImpl.java:1261)
	at java.base/java.security.AccessController.doPrivileged(AccessController.java:714)
	at java.base/sun.security.ssl.SSLEngineImpl$DelegatedTask.run(SSLEngineImpl.java:1206)
	at io.netty.handler.ssl.SslHandler.runDelegatedTasks(SslHandler.java:1695)
	at io.netty.handler.ssl.SslHandler.unwrap(SslHandler.java:1541)
	at io.netty.handler.ssl.SslHandler.decodeJdkCompatible(SslHandler.java:1377)
	at io.netty.handler.ssl.SslHandler.decode(SslHandler.java:1428)
	at io.netty.handler.codec.ByteToMessageDecoder.decodeRemovalReentryProtection(ByteToMessageDecoder.java:545)
	at io.netty.handler.codec.ByteToMessageDecoder.callDecode(ByteToMessageDecoder.java:484)
	... 16 more
Caused by: sun.security.validator.ValidatorException: PKIX path validation failed: java.security.cert.CertPathValidatorException: validity check failed
	at java.base/sun.security.validator.PKIXValidator.doValidate(PKIXValidator.java:318)
	at java.base/sun.security.validator.PKIXValidator.engineValidate(PKIXValidator.java:267)
	at java.base/sun.security.validator.Validator.validate(Validator.java:256)
	at java.base/sun.security.ssl.X509TrustManagerImpl.checkTrusted(X509TrustManagerImpl.java:284)
	at java.base/sun.security.ssl.X509TrustManagerImpl.checkClientTrusted(X509TrustManagerImpl.java:138)
	at io.netty.handler.ssl.EnhancingX509ExtendedTrustManager.checkClientTrusted(EnhancingX509ExtendedTrustManager.java:77)
	at java.base/sun.security.ssl.CertificateMessage$T13CertificateConsumer.checkClientCerts(CertificateMessage.java:1210)
	... 30 more
Caused by: java.security.cert.CertPathValidatorException: validity check failed
	at java.base/sun.security.provider.certpath.PKIXMasterCertPathValidator.validate(PKIXMasterCertPathValidator.java:135)
	at java.base/sun.security.provider.certpath.PKIXCertPathValidator.validate(PKIXCertPathValidator.java:224)
	at java.base/sun.security.provider.certpath.PKIXCertPathValidator.validate(PKIXCertPathValidator.java:144)
	at java.base/sun.security.provider.certpath.PKIXCertPathValidator.engineValidate(PKIXCertPathValidator.java:83)
	at java.base/java.security.cert.CertPathValidator.validate(CertPathValidator.java:309)
	at java.base/sun.security.validator.PKIXValidator.doValidate(PKIXValidator.java:313)
	... 36 more
Caused by: java.security.cert.CertificateExpiredException: NotAfter: Tue Jan 02 01:00:00 CET 2024
	at java.base/sun.security.x509.CertificateValidity.valid(CertificateValidity.java:182)
	at java.base/sun.security.x509.X509CertImpl.checkValidity(X509CertImpl.java:534)
	at java.base/sun.security.provider.certpath.BasicChecker.verifyValidity(BasicChecker.java:190)
	at java.base/sun.security.provider.certpath.BasicChecker.check(BasicChecker.java:144)
	at java.base/sun.security.provider.certpath.PKIXMasterCertPathValidator.validate(PKIXMasterCertPathValidator.java:125)
	... 41 more
[2026-08-08T16:33:25,663][INFO ][org.logstash.beats.BeatsHandler][beats-tls][cea61c76cb89e8de1c33fda45ab2b43ef03d0a587a2da8dd49b947033416f5e3] [local: 192.168.1.56:5044, remote: 192.168.1.55:52188] Handling exception: io.netty.handler.codec.DecoderException: javax.net.ssl.SSLHandshakeException: (certificate_unknown) PKIX path validation failed: java.security.cert.CertPathValidatorException: validity check failed (caused by: java.security.cert.CertificateExpiredException: NotAfter: Tue Jan 02 01:00:00 CET 2024)
[2026-08-08T16:33:25,665][WARN ][io.netty.channel.DefaultChannelPipeline][beats-tls][cea61c76cb89e8de1c33fda45ab2b43ef03d0a587a2da8dd49b947033416f5e3] An exceptionCaught() event was fired, and it reached at the tail of the pipeline. It usually means the last handler in the pipeline did not handle the exception.
io.netty.handler.codec.DecoderException: javax.net.ssl.SSLHandshakeException: (certificate_unknown) PKIX path validation failed: java.security.cert.CertPathValidatorException: validity check failed
	at io.netty.handler.codec.ByteToMessageDecoder.callDecode(ByteToMessageDecoder.java:515)
	at io.netty.handler.codec.ByteToMessageDecoder.channelRead(ByteToMessageDecoder.java:296)
	at io.netty.channel.AbstractChannelHandlerContext.invokeChannelRead(AbstractChannelHandlerContext.java:444)
	at io.netty.channel.AbstractChannelHandlerContext.invokeChannelRead(AbstractChannelHandlerContext.java:420)
	at io.netty.channel.AbstractChannelHandlerContext.fireChannelRead(AbstractChannelHandlerContext.java:412)
	at io.netty.channel.DefaultChannelPipeline$HeadContext.channelRead(DefaultChannelPipeline.java:1357)
	at io.netty.channel.AbstractChannelHandlerContext.invokeChannelRead(AbstractChannelHandlerContext.java:440)
	at io.netty.channel.AbstractChannelHandlerContext.invokeChannelRead(AbstractChannelHandlerContext.java:420)
	at io.netty.channel.DefaultChannelPipeline.fireChannelRead(DefaultChannelPipeline.java:868)
	at io.netty.channel.nio.AbstractNioByteChannel$NioByteUnsafe.read(AbstractNioByteChannel.java:171)
	at io.netty.channel.nio.NioEventLoop.processSelectedKey(NioEventLoop.java:796)
	at io.netty.channel.nio.NioEventLoop.processSelectedKeysOptimized(NioEventLoop.java:732)
	at io.netty.channel.nio.NioEventLoop.processSelectedKeys(NioEventLoop.java:658)
	at io.netty.channel.nio.NioEventLoop.run(NioEventLoop.java:562)
	at io.netty.util.concurrent.SingleThreadEventExecutor$4.run(SingleThreadEventExecutor.java:998)
	at io.netty.util.internal.ThreadExecutorMap$2.run(ThreadExecutorMap.java:74)
	at java.base/java.lang.Thread.run(Thread.java:1583)
Caused by: javax.net.ssl.SSLHandshakeException: (certificate_unknown) PKIX path validation failed: java.security.cert.CertPathValidatorException: validity check failed
	at java.base/sun.security.ssl.Alert.createSSLException(Alert.java:130)
	at java.base/sun.security.ssl.TransportContext.fatal(TransportContext.java:383)
	at java.base/sun.security.ssl.TransportContext.fatal(TransportContext.java:326)
	at java.base/sun.security.ssl.TransportContext.fatal(TransportContext.java:321)
	at java.base/sun.security.ssl.CertificateMessage$T13CertificateConsumer.checkClientCerts(CertificateMessage.java:1232)
	at java.base/sun.security.ssl.CertificateMessage$T13CertificateConsumer.onConsumeCertificate(CertificateMessage.java:1136)
	at java.base/sun.security.ssl.CertificateMessage$T13CertificateConsumer.consume(CertificateMessage.java:1113)
	at java.base/sun.security.ssl.SSLHandshake.consume(SSLHandshake.java:393)
	at java.base/sun.security.ssl.HandshakeContext.dispatch(HandshakeContext.java:477)
	at java.base/sun.security.ssl.SSLEngineImpl$DelegatedTask$DelegatedAction.run(SSLEngineImpl.java:1274)
	at java.base/sun.security.ssl.SSLEngineImpl$DelegatedTask$DelegatedAction.run(SSLEngineImpl.java:1261)
	at java.base/java.security.AccessController.doPrivileged(AccessController.java:714)
	at java.base/sun.security.ssl.SSLEngineImpl$DelegatedTask.run(SSLEngineImpl.java:1206)
	at io.netty.handler.ssl.SslHandler.runDelegatedTasks(SslHandler.java:1695)
	at io.netty.handler.ssl.SslHandler.unwrap(SslHandler.java:1541)
	at io.netty.handler.ssl.SslHandler.decodeJdkCompatible(SslHandler.java:1377)
	at io.netty.handler.ssl.SslHandler.decode(SslHandler.java:1428)
	at io.netty.handler.codec.ByteToMessageDecoder.decodeRemovalReentryProtection(ByteToMessageDecoder.java:545)
	at io.netty.handler.codec.ByteToMessageDecoder.callDecode(ByteToMessageDecoder.java:484)
	... 16 more
Caused by: sun.security.validator.ValidatorException: PKIX path validation failed: java.security.cert.CertPathValidatorException: validity check failed
	at java.base/sun.security.validator.PKIXValidator.doValidate(PKIXValidator.java:318)
	at java.base/sun.security.validator.PKIXValidator.engineValidate(PKIXValidator.java:267)
	at java.base/sun.security.validator.Validator.validate(Validator.java:256)
	at java.base/sun.security.ssl.X509TrustManagerImpl.checkTrusted(X509TrustManagerImpl.java:284)
	at java.base/sun.security.ssl.X509TrustManagerImpl.checkClientTrusted(X509TrustManagerImpl.java:138)
	at io.netty.handler.ssl.EnhancingX509ExtendedTrustManager.checkClientTrusted(EnhancingX509ExtendedTrustManager.java:77)
	at java.base/sun.security.ssl.CertificateMessage$T13CertificateConsumer.checkClientCerts(CertificateMessage.java:1210)
	... 30 more
Caused by: java.security.cert.CertPathValidatorException: validity check failed
	at java.base/sun.security.provider.certpath.PKIXMasterCertPathValidator.validate(PKIXMasterCertPathValidator.java:135)
	at java.base/sun.security.provider.certpath.PKIXCertPathValidator.validate(PKIXCertPathValidator.java:224)
	at java.base/sun.security.provider.certpath.PKIXCertPathValidator.validate(PKIXCertPathValidator.java:144)
	at java.base/sun.security.provider.certpath.PKIXCertPathValidator.engineValidate(PKIXCertPathValidator.java:83)
	at java.base/java.security.cert.CertPathValidator.validate(CertPathValidator.java:309)
	at java.base/sun.security.validator.PKIXValidator.doValidate(PKIXValidator.java:313)
	... 36 more
Caused by: java.security.cert.CertificateExpiredException: NotAfter: Tue Jan 02 01:00:00 CET 2024
	at java.base/sun.security.x509.CertificateValidity.valid(CertificateValidity.java:182)
	at java.base/sun.security.x509.X509CertImpl.checkValidity(X509CertImpl.java:534)
	at java.base/sun.security.provider.certpath.BasicChecker.verifyValidity(BasicChecker.java:190)
	at java.base/sun.security.provider.certpath.BasicChecker.check(BasicChecker.java:144)
	at java.base/sun.security.provider.certpath.PKIXMasterCertPathValidator.validate(PKIXMasterCertPathValidator.java:125)
	... 41 more
[2026-08-08T16:33:26,852][INFO ][org.logstash.beats.BeatsHandler][beats-tls][cea61c76cb89e8de1c33fda45ab2b43ef03d0a587a2da8dd49b947033416f5e3] [local: 192.168.1.56:5044, remote: 192.168.1.55:52200] Handling exception: io.netty.handler.codec.DecoderException: javax.net.ssl.SSLHandshakeException: (certificate_unknown) PKIX path validation failed: java.security.cert.CertPathValidatorException: validity check failed (caused by: java.security.cert.CertificateExpiredException: NotAfter: Tue Jan 02 01:00:00 CET 2024)
[2026-08-08T16:33:26,852][WARN ][io.netty.channel.DefaultChannelPipeline][beats-tls][cea61c76cb89e8de1c33fda45ab2b43ef03d0a587a2da8dd49b947033416f5e3] An exceptionCaught() event was fired, and it reached at the tail of the pipeline. It usually means the last handler in the pipeline did not handle the exception.
io.netty.handler.codec.DecoderException: javax.net.ssl.SSLHandshakeException: (certificate_unknown) PKIX path validation failed: java.security.cert.CertPathValidatorException: validity check failed
	at io.netty.handler.codec.ByteToMessageDecoder.callDecode(ByteToMessageDecoder.java:515)
	at io.netty.handler.codec.ByteToMessageDecoder.channelRead(ByteToMessageDecoder.java:296)
	at io.netty.channel.AbstractChannelHandlerContext.invokeChannelRead(AbstractChannelHandlerContext.java:444)
	at io.netty.channel.AbstractChannelHandlerContext.invokeChannelRead(AbstractChannelHandlerContext.java:420)
	at io.netty.channel.AbstractChannelHandlerContext.fireChannelRead(AbstractChannelHandlerContext.java:412)
	at io.netty.channel.DefaultChannelPipeline$HeadContext.channelRead(DefaultChannelPipeline.java:1357)
	at io.netty.channel.AbstractChannelHandlerContext.invokeChannelRead(AbstractChannelHandlerContext.java:440)
	at io.netty.channel.AbstractChannelHandlerContext.invokeChannelRead(AbstractChannelHandlerContext.java:420)
	at io.netty.channel.DefaultChannelPipeline.fireChannelRead(DefaultChannelPipeline.java:868)
	at io.netty.channel.nio.AbstractNioByteChannel$NioByteUnsafe.read(AbstractNioByteChannel.java:171)
	at io.netty.channel.nio.NioEventLoop.processSelectedKey(NioEventLoop.java:796)
	at io.netty.channel.nio.NioEventLoop.processSelectedKeysOptimized(NioEventLoop.java:732)
	at io.netty.channel.nio.NioEventLoop.processSelectedKeys(NioEventLoop.java:658)
	at io.netty.channel.nio.NioEventLoop.run(NioEventLoop.java:562)
	at io.netty.util.concurrent.SingleThreadEventExecutor$4.run(SingleThreadEventExecutor.java:998)
	at io.netty.util.internal.ThreadExecutorMap$2.run(ThreadExecutorMap.java:74)
	at java.base/java.lang.Thread.run(Thread.java:1583)
Caused by: javax.net.ssl.SSLHandshakeException: (certificate_unknown) PKIX path validation failed: java.security.cert.CertPathValidatorException: validity check failed
	at java.base/sun.security.ssl.Alert.createSSLException(Alert.java:130)
	at java.base/sun.security.ssl.TransportContext.fatal(TransportContext.java:383)
	at java.base/sun.security.ssl.TransportContext.fatal(TransportContext.java:326)
	at java.base/sun.security.ssl.TransportContext.fatal(TransportContext.java:321)
	at java.base/sun.security.ssl.CertificateMessage$T13CertificateConsumer.checkClientCerts(CertificateMessage.java:1232)
	at java.base/sun.security.ssl.CertificateMessage$T13CertificateConsumer.onConsumeCertificate(CertificateMessage.java:1136)
	at java.base/sun.security.ssl.CertificateMessage$T13CertificateConsumer.consume(CertificateMessage.java:1113)
	at java.base/sun.security.ssl.SSLHandshake.consume(SSLHandshake.java:393)
	at java.base/sun.security.ssl.HandshakeContext.dispatch(HandshakeContext.java:477)
	at java.base/sun.security.ssl.SSLEngineImpl$DelegatedTask$DelegatedAction.run(SSLEngineImpl.java:1274)
	at java.base/sun.security.ssl.SSLEngineImpl$DelegatedTask$DelegatedAction.run(SSLEngineImpl.java:1261)
	at java.base/java.security.AccessController.doPrivileged(AccessController.java:714)
	at java.base/sun.security.ssl.SSLEngineImpl$DelegatedTask.run(SSLEngineImpl.java:1206)
	at io.netty.handler.ssl.SslHandler.runDelegatedTasks(SslHandler.java:1695)
	at io.netty.handler.ssl.SslHandler.unwrap(SslHandler.java:1541)
	at io.netty.handler.ssl.SslHandler.decodeJdkCompatible(SslHandler.java:1377)
	at io.netty.handler.ssl.SslHandler.decode(SslHandler.java:1428)
	at io.netty.handler.codec.ByteToMessageDecoder.decodeRemovalReentryProtection(ByteToMessageDecoder.java:545)
	at io.netty.handler.codec.ByteToMessageDecoder.callDecode(ByteToMessageDecoder.java:484)
	... 16 more
Caused by: sun.security.validator.ValidatorException: PKIX path validation failed: java.security.cert.CertPathValidatorException: validity check failed
	at java.base/sun.security.validator.PKIXValidator.doValidate(PKIXValidator.java:318)
	at java.base/sun.security.validator.PKIXValidator.engineValidate(PKIXValidator.java:267)
	at java.base/sun.security.validator.Validator.validate(Validator.java:256)
	at java.base/sun.security.ssl.X509TrustManagerImpl.checkTrusted(X509TrustManagerImpl.java:284)
	at java.base/sun.security.ssl.X509TrustManagerImpl.checkClientTrusted(X509TrustManagerImpl.java:138)
	at io.netty.handler.ssl.EnhancingX509ExtendedTrustManager.checkClientTrusted(EnhancingX509ExtendedTrustManager.java:77)
	at java.base/sun.security.ssl.CertificateMessage$T13CertificateConsumer.checkClientCerts(CertificateMessage.java:1210)
	... 30 more
Caused by: java.security.cert.CertPathValidatorException: validity check failed
	at java.base/sun.security.provider.certpath.PKIXMasterCertPathValidator.validate(PKIXMasterCertPathValidator.java:135)
	at java.base/sun.security.provider.certpath.PKIXCertPathValidator.validate(PKIXCertPathValidator.java:224)
	at java.base/sun.security.provider.certpath.PKIXCertPathValidator.validate(PKIXCertPathValidator.java:144)
	at java.base/sun.security.provider.certpath.PKIXCertPathValidator.engineValidate(PKIXCertPathValidator.java:83)
	at java.base/java.security.cert.CertPathValidator.validate(CertPathValidator.java:309)
	at java.base/sun.security.validator.PKIXValidator.doValidate(PKIXValidator.java:313)
	... 36 more
Caused by: java.security.cert.CertificateExpiredException: NotAfter: Tue Jan 02 01:00:00 CET 2024
	at java.base/sun.security.x509.CertificateValidity.valid(CertificateValidity.java:182)
	at java.base/sun.security.x509.X509CertImpl.checkValidity(X509CertImpl.java:534)
	at java.base/sun.security.provider.certpath.BasicChecker.verifyValidity(BasicChecker.java:190)
	at java.base/sun.security.provider.certpath.BasicChecker.check(BasicChecker.java:144)
	at java.base/sun.security.provider.certpath.PKIXMasterCertPathValidator.validate(PKIXMasterCertPathValidator.java:125)
	... 41 more
[2026-08-08T16:33:29,055][INFO ][org.logstash.beats.BeatsHandler][beats-tls][cea61c76cb89e8de1c33fda45ab2b43ef03d0a587a2da8dd49b947033416f5e3] [local: 192.168.1.56:5044, remote: 192.168.1.55:45718] Handling exception: io.netty.handler.codec.DecoderException: javax.net.ssl.SSLHandshakeException: (certificate_unknown) PKIX path validation failed: java.security.cert.CertPathValidatorException: validity check failed (caused by: java.security.cert.CertificateExpiredException: NotAfter: Tue Jan 02 01:00:00 CET 2024)
[2026-08-08T16:33:29,056][WARN ][io.netty.channel.DefaultChannelPipeline][beats-tls][cea61c76cb89e8de1c33fda45ab2b43ef03d0a587a2da8dd49b947033416f5e3] An exceptionCaught() event was fired, and it reached at the tail of the pipeline. It usually means the last handler in the pipeline did not handle the exception.
io.netty.handler.codec.DecoderException: javax.net.ssl.SSLHandshakeException: (certificate_unknown) PKIX path validation failed: java.security.cert.CertPathValidatorException: validity check failed
	at io.netty.handler.codec.ByteToMessageDecoder.callDecode(ByteToMessageDecoder.java:515)
	at io.netty.handler.codec.ByteToMessageDecoder.channelRead(ByteToMessageDecoder.java:296)
	at io.netty.channel.AbstractChannelHandlerContext.invokeChannelRead(AbstractChannelHandlerContext.java:444)
	at io.netty.channel.AbstractChannelHandlerContext.invokeChannelRead(AbstractChannelHandlerContext.java:420)
	at io.netty.channel.AbstractChannelHandlerContext.fireChannelRead(AbstractChannelHandlerContext.java:412)
	at io.netty.channel.DefaultChannelPipeline$HeadContext.channelRead(DefaultChannelPipeline.java:1357)
	at io.netty.channel.AbstractChannelHandlerContext.invokeChannelRead(AbstractChannelHandlerContext.java:440)
	at io.netty.channel.AbstractChannelHandlerContext.invokeChannelRead(AbstractChannelHandlerContext.java:420)
	at io.netty.channel.DefaultChannelPipeline.fireChannelRead(DefaultChannelPipeline.java:868)
	at io.netty.channel.nio.AbstractNioByteChannel$NioByteUnsafe.read(AbstractNioByteChannel.java:171)
	at io.netty.channel.nio.NioEventLoop.processSelectedKey(NioEventLoop.java:796)
	at io.netty.channel.nio.NioEventLoop.processSelectedKeysOptimized(NioEventLoop.java:732)
	at io.netty.channel.nio.NioEventLoop.processSelectedKeys(NioEventLoop.java:658)
	at io.netty.channel.nio.NioEventLoop.run(NioEventLoop.java:562)
	at io.netty.util.concurrent.SingleThreadEventExecutor$4.run(SingleThreadEventExecutor.java:998)
	at io.netty.util.internal.ThreadExecutorMap$2.run(ThreadExecutorMap.java:74)
	at java.base/java.lang.Thread.run(Thread.java:1583)
Caused by: javax.net.ssl.SSLHandshakeException: (certificate_unknown) PKIX path validation failed: java.security.cert.CertPathValidatorException: validity check failed
	at java.base/sun.security.ssl.Alert.createSSLException(Alert.java:130)
	at java.base/sun.security.ssl.TransportContext.fatal(TransportContext.java:383)
	at java.base/sun.security.ssl.TransportContext.fatal(TransportContext.java:326)
	at java.base/sun.security.ssl.TransportContext.fatal(TransportContext.java:321)
	at java.base/sun.security.ssl.CertificateMessage$T13CertificateConsumer.checkClientCerts(CertificateMessage.java:1232)
	at java.base/sun.security.ssl.CertificateMessage$T13CertificateConsumer.onConsumeCertificate(CertificateMessage.java:1136)
	at java.base/sun.security.ssl.CertificateMessage$T13CertificateConsumer.consume(CertificateMessage.java:1113)
	at java.base/sun.security.ssl.SSLHandshake.consume(SSLHandshake.java:393)
	at java.base/sun.security.ssl.HandshakeContext.dispatch(HandshakeContext.java:477)
	at java.base/sun.security.ssl.SSLEngineImpl$DelegatedTask$DelegatedAction.run(SSLEngineImpl.java:1274)
	at java.base/sun.security.ssl.SSLEngineImpl$DelegatedTask$DelegatedAction.run(SSLEngineImpl.java:1261)
	at java.base/java.security.AccessController.doPrivileged(AccessController.java:714)
	at java.base/sun.security.ssl.SSLEngineImpl$DelegatedTask.run(SSLEngineImpl.java:1206)
	at io.netty.handler.ssl.SslHandler.runDelegatedTasks(SslHandler.java:1695)
	at io.netty.handler.ssl.SslHandler.unwrap(SslHandler.java:1541)
	at io.netty.handler.ssl.SslHandler.decodeJdkCompatible(SslHandler.java:1377)
	at io.netty.handler.ssl.SslHandler.decode(SslHandler.java:1428)
	at io.netty.handler.codec.ByteToMessageDecoder.decodeRemovalReentryProtection(ByteToMessageDecoder.java:545)
	at io.netty.handler.codec.ByteToMessageDecoder.callDecode(ByteToMessageDecoder.java:484)
	... 16 more
Caused by: sun.security.validator.ValidatorException: PKIX path validation failed: java.security.cert.CertPathValidatorException: validity check failed
	at java.base/sun.security.validator.PKIXValidator.doValidate(PKIXValidator.java:318)
	at java.base/sun.security.validator.PKIXValidator.engineValidate(PKIXValidator.java:267)
	at java.base/sun.security.validator.Validator.validate(Validator.java:256)
	at java.base/sun.security.ssl.X509TrustManagerImpl.checkTrusted(X509TrustManagerImpl.java:284)
	at java.base/sun.security.ssl.X509TrustManagerImpl.checkClientTrusted(X509TrustManagerImpl.java:138)
	at io.netty.handler.ssl.EnhancingX509ExtendedTrustManager.checkClientTrusted(EnhancingX509ExtendedTrustManager.java:77)
	at java.base/sun.security.ssl.CertificateMessage$T13CertificateConsumer.checkClientCerts(CertificateMessage.java:1210)
	... 30 more
Caused by: java.security.cert.CertPathValidatorException: validity check failed
	at java.base/sun.security.provider.certpath.PKIXMasterCertPathValidator.validate(PKIXMasterCertPathValidator.java:135)
	at java.base/sun.security.provider.certpath.PKIXCertPathValidator.validate(PKIXCertPathValidator.java:224)
	at java.base/sun.security.provider.certpath.PKIXCertPathValidator.validate(PKIXCertPathValidator.java:144)
	at java.base/sun.security.provider.certpath.PKIXCertPathValidator.engineValidate(PKIXCertPathValidator.java:83)
	at java.base/java.security.cert.CertPathValidator.validate(CertPathValidator.java:309)
	at java.base/sun.security.validator.PKIXValidator.doValidate(PKIXValidator.java:313)
	... 36 more
Caused by: java.security.cert.CertificateExpiredException: NotAfter: Tue Jan 02 01:00:00 CET 2024
	at java.base/sun.security.x509.CertificateValidity.valid(CertificateValidity.java:182)
	at java.base/sun.security.x509.X509CertImpl.checkValidity(X509CertImpl.java:534)
	at java.base/sun.security.provider.certpath.BasicChecker.verifyValidity(BasicChecker.java:190)
	at java.base/sun.security.provider.certpath.BasicChecker.check(BasicChecker.java:144)
	at java.base/sun.security.provider.certpath.PKIXMasterCertPathValidator.validate(PKIXMasterCertPathValidator.java:125)
	... 41 more
[2026-08-08T16:33:30,365][INFO ][org.logstash.beats.BeatsHandler][beats-tls][cea61c76cb89e8de1c33fda45ab2b43ef03d0a587a2da8dd49b947033416f5e3] [local: 192.168.1.56:5044, remote: 192.168.1.55:45726] Handling exception: io.netty.handler.codec.DecoderException: javax.net.ssl.SSLHandshakeException: (certificate_unknown) PKIX path validation failed: java.security.cert.CertPathValidatorException: validity check failed (caused by: java.security.cert.CertificateExpiredException: NotAfter: Tue Jan 02 01:00:00 CET 2024)
[2026-08-08T16:33:30,366][WARN ][io.netty.channel.DefaultChannelPipeline][beats-tls][cea61c76cb89e8de1c33fda45ab2b43ef03d0a587a2da8dd49b947033416f5e3] An exceptionCaught() event was fired, and it reached at the tail of the pipeline. It usually means the last handler in the pipeline did not handle the exception.
io.netty.handler.codec.DecoderException: javax.net.ssl.SSLHandshakeException: (certificate_unknown) PKIX path validation failed: java.security.cert.CertPathValidatorException: validity check failed
	at io.netty.handler.codec.ByteToMessageDecoder.callDecode(ByteToMessageDecoder.java:515)
	at io.netty.handler.codec.ByteToMessageDecoder.channelRead(ByteToMessageDecoder.java:296)
	at io.netty.channel.AbstractChannelHandlerContext.invokeChannelRead(AbstractChannelHandlerContext.java:444)
	at io.netty.channel.AbstractChannelHandlerContext.invokeChannelRead(AbstractChannelHandlerContext.java:420)
	at io.netty.channel.AbstractChannelHandlerContext.fireChannelRead(AbstractChannelHandlerContext.java:412)
	at io.netty.channel.DefaultChannelPipeline$HeadContext.channelRead(DefaultChannelPipeline.java:1357)
	at io.netty.channel.AbstractChannelHandlerContext.invokeChannelRead(AbstractChannelHandlerContext.java:440)
	at io.netty.channel.AbstractChannelHandlerContext.invokeChannelRead(AbstractChannelHandlerContext.java:420)
	at io.netty.channel.DefaultChannelPipeline.fireChannelRead(DefaultChannelPipeline.java:868)
	at io.netty.channel.nio.AbstractNioByteChannel$NioByteUnsafe.read(AbstractNioByteChannel.java:171)
	at io.netty.channel.nio.NioEventLoop.processSelectedKey(NioEventLoop.java:796)
	at io.netty.channel.nio.NioEventLoop.processSelectedKeysOptimized(NioEventLoop.java:732)
	at io.netty.channel.nio.NioEventLoop.processSelectedKeys(NioEventLoop.java:658)
	at io.netty.channel.nio.NioEventLoop.run(NioEventLoop.java:562)
	at io.netty.util.concurrent.SingleThreadEventExecutor$4.run(SingleThreadEventExecutor.java:998)
	at io.netty.util.internal.ThreadExecutorMap$2.run(ThreadExecutorMap.java:74)
	at java.base/java.lang.Thread.run(Thread.java:1583)
Caused by: javax.net.ssl.SSLHandshakeException: (certificate_unknown) PKIX path validation failed: java.security.cert.CertPathValidatorException: validity check failed
	at java.base/sun.security.ssl.Alert.createSSLException(Alert.java:130)
	at java.base/sun.security.ssl.TransportContext.fatal(TransportContext.java:383)
	at java.base/sun.security.ssl.TransportContext.fatal(TransportContext.java:326)
	at java.base/sun.security.ssl.TransportContext.fatal(TransportContext.java:321)
	at java.base/sun.security.ssl.CertificateMessage$T13CertificateConsumer.checkClientCerts(CertificateMessage.java:1232)
	at java.base/sun.security.ssl.CertificateMessage$T13CertificateConsumer.onConsumeCertificate(CertificateMessage.java:1136)
	at java.base/sun.security.ssl.CertificateMessage$T13CertificateConsumer.consume(CertificateMessage.java:1113)
	at java.base/sun.security.ssl.SSLHandshake.consume(SSLHandshake.java:393)
	at java.base/sun.security.ssl.HandshakeContext.dispatch(HandshakeContext.java:477)
	at java.base/sun.security.ssl.SSLEngineImpl$DelegatedTask$DelegatedAction.run(SSLEngineImpl.java:1274)
	at java.base/sun.security.ssl.SSLEngineImpl$DelegatedTask$DelegatedAction.run(SSLEngineImpl.java:1261)
	at java.base/java.security.AccessController.doPrivileged(AccessController.java:714)
	at java.base/sun.security.ssl.SSLEngineImpl$DelegatedTask.run(SSLEngineImpl.java:1206)
	at io.netty.handler.ssl.SslHandler.runDelegatedTasks(SslHandler.java:1695)
	at io.netty.handler.ssl.SslHandler.unwrap(SslHandler.java:1541)
	at io.netty.handler.ssl.SslHandler.decodeJdkCompatible(SslHandler.java:1377)
	at io.netty.handler.ssl.SslHandler.decode(SslHandler.java:1428)
	at io.netty.handler.codec.ByteToMessageDecoder.decodeRemovalReentryProtection(ByteToMessageDecoder.java:545)
	at io.netty.handler.codec.ByteToMessageDecoder.callDecode(ByteToMessageDecoder.java:484)
	... 16 more
Caused by: sun.security.validator.ValidatorException: PKIX path validation failed: java.security.cert.CertPathValidatorException: validity check failed
	at java.base/sun.security.validator.PKIXValidator.doValidate(PKIXValidator.java:318)
	at java.base/sun.security.validator.PKIXValidator.engineValidate(PKIXValidator.java:267)
	at java.base/sun.security.validator.Validator.validate(Validator.java:256)
	at java.base/sun.security.ssl.X509TrustManagerImpl.checkTrusted(X509TrustManagerImpl.java:284)
	at java.base/sun.security.ssl.X509TrustManagerImpl.checkClientTrusted(X509TrustManagerImpl.java:138)
	at io.netty.handler.ssl.EnhancingX509ExtendedTrustManager.checkClientTrusted(EnhancingX509ExtendedTrustManager.java:77)
	at java.base/sun.security.ssl.CertificateMessage$T13CertificateConsumer.checkClientCerts(CertificateMessage.java:1210)
	... 30 more
Caused by: java.security.cert.CertPathValidatorException: validity check failed
	at java.base/sun.security.provider.certpath.PKIXMasterCertPathValidator.validate(PKIXMasterCertPathValidator.java:135)
	at java.base/sun.security.provider.certpath.PKIXCertPathValidator.validate(PKIXCertPathValidator.java:224)
	at java.base/sun.security.provider.certpath.PKIXCertPathValidator.validate(PKIXCertPathValidator.java:144)
	at java.base/sun.security.provider.certpath.PKIXCertPathValidator.engineValidate(PKIXCertPathValidator.java:83)
	at java.base/java.security.cert.CertPathValidator.validate(CertPathValidator.java:309)
	at java.base/sun.security.validator.PKIXValidator.doValidate(PKIXValidator.java:313)
	... 36 more
Caused by: java.security.cert.CertificateExpiredException: NotAfter: Tue Jan 02 01:00:00 CET 2024
	at java.base/sun.security.x509.CertificateValidity.valid(CertificateValidity.java:182)
	at java.base/sun.security.x509.X509CertImpl.checkValidity(X509CertImpl.java:534)
	at java.base/sun.security.provider.certpath.BasicChecker.verifyValidity(BasicChecker.java:190)
	at java.base/sun.security.provider.certpath.BasicChecker.check(BasicChecker.java:144)
	at java.base/sun.security.provider.certpath.PKIXMasterCertPathValidator.validate(PKIXMasterCertPathValidator.java:125)
	... 41 more
[2026-08-08T16:33:31,765][INFO ][org.logstash.beats.BeatsHandler][beats-tls][cea61c76cb89e8de1c33fda45ab2b43ef03d0a587a2da8dd49b947033416f5e3] [local: 192.168.1.56:5044, remote: 192.168.1.55:45738] Handling exception: io.netty.handler.codec.DecoderException: javax.net.ssl.SSLHandshakeException: (certificate_unknown) PKIX path validation failed: java.security.cert.CertPathValidatorException: validity check failed (caused by: java.security.cert.CertificateExpiredException: NotAfter: Tue Jan 02 01:00:00 CET 2024)
[2026-08-08T16:33:31,766][WARN ][io.netty.channel.DefaultChannelPipeline][beats-tls][cea61c76cb89e8de1c33fda45ab2b43ef03d0a587a2da8dd49b947033416f5e3] An exceptionCaught() event was fired, and it reached at the tail of the pipeline. It usually means the last handler in the pipeline did not handle the exception.
io.netty.handler.codec.DecoderException: javax.net.ssl.SSLHandshakeException: (certificate_unknown) PKIX path validation failed: java.security.cert.CertPathValidatorException: validity check failed
	at io.netty.handler.codec.ByteToMessageDecoder.callDecode(ByteToMessageDecoder.java:515)
	at io.netty.handler.codec.ByteToMessageDecoder.channelRead(ByteToMessageDecoder.java:296)
	at io.netty.channel.AbstractChannelHandlerContext.invokeChannelRead(AbstractChannelHandlerContext.java:444)
	at io.netty.channel.AbstractChannelHandlerContext.invokeChannelRead(AbstractChannelHandlerContext.java:420)
	at io.netty.channel.AbstractChannelHandlerContext.fireChannelRead(AbstractChannelHandlerContext.java:412)
	at io.netty.channel.DefaultChannelPipeline$HeadContext.channelRead(DefaultChannelPipeline.java:1357)
	at io.netty.channel.AbstractChannelHandlerContext.invokeChannelRead(AbstractChannelHandlerContext.java:440)
	at io.netty.channel.AbstractChannelHandlerContext.invokeChannelRead(AbstractChannelHandlerContext.java:420)
	at io.netty.channel.DefaultChannelPipeline.fireChannelRead(DefaultChannelPipeline.java:868)
	at io.netty.channel.nio.AbstractNioByteChannel$NioByteUnsafe.read(AbstractNioByteChannel.java:171)
	at io.netty.channel.nio.NioEventLoop.processSelectedKey(NioEventLoop.java:796)
	at io.netty.channel.nio.NioEventLoop.processSelectedKeysOptimized(NioEventLoop.java:732)
	at io.netty.channel.nio.NioEventLoop.processSelectedKeys(NioEventLoop.java:658)
	at io.netty.channel.nio.NioEventLoop.run(NioEventLoop.java:562)
	at io.netty.util.concurrent.SingleThreadEventExecutor$4.run(SingleThreadEventExecutor.java:998)
	at io.netty.util.internal.ThreadExecutorMap$2.run(ThreadExecutorMap.java:74)
	at java.base/java.lang.Thread.run(Thread.java:1583)
Caused by: javax.net.ssl.SSLHandshakeException: (certificate_unknown) PKIX path validation failed: java.security.cert.CertPathValidatorException: validity check failed
	at java.base/sun.security.ssl.Alert.createSSLException(Alert.java:130)
	at java.base/sun.security.ssl.TransportContext.fatal(TransportContext.java:383)
	at java.base/sun.security.ssl.TransportContext.fatal(TransportContext.java:326)
	at java.base/sun.security.ssl.TransportContext.fatal(TransportContext.java:321)
	at java.base/sun.security.ssl.CertificateMessage$T13CertificateConsumer.checkClientCerts(CertificateMessage.java:1232)
	at java.base/sun.security.ssl.CertificateMessage$T13CertificateConsumer.onConsumeCertificate(CertificateMessage.java:1136)
	at java.base/sun.security.ssl.CertificateMessage$T13CertificateConsumer.consume(CertificateMessage.java:1113)
	at java.base/sun.security.ssl.SSLHandshake.consume(SSLHandshake.java:393)
	at java.base/sun.security.ssl.HandshakeContext.dispatch(HandshakeContext.java:477)
	at java.base/sun.security.ssl.SSLEngineImpl$DelegatedTask$DelegatedAction.run(SSLEngineImpl.java:1274)
	at java.base/sun.security.ssl.SSLEngineImpl$DelegatedTask$DelegatedAction.run(SSLEngineImpl.java:1261)
	at java.base/java.security.AccessController.doPrivileged(AccessController.java:714)
	at java.base/sun.security.ssl.SSLEngineImpl$DelegatedTask.run(SSLEngineImpl.java:1206)
	at io.netty.handler.ssl.SslHandler.runDelegatedTasks(SslHandler.java:1695)
	at io.netty.handler.ssl.SslHandler.unwrap(SslHandler.java:1541)
	at io.netty.handler.ssl.SslHandler.decodeJdkCompatible(SslHandler.java:1377)
	at io.netty.handler.ssl.SslHandler.decode(SslHandler.java:1428)
	at io.netty.handler.codec.ByteToMessageDecoder.decodeRemovalReentryProtection(ByteToMessageDecoder.java:545)
	at io.netty.handler.codec.ByteToMessageDecoder.callDecode(ByteToMessageDecoder.java:484)
	... 16 more
Caused by: sun.security.validator.ValidatorException: PKIX path validation failed: java.security.cert.CertPathValidatorException: validity check failed
	at java.base/sun.security.validator.PKIXValidator.doValidate(PKIXValidator.java:318)
	at java.base/sun.security.validator.PKIXValidator.engineValidate(PKIXValidator.java:267)
	at java.base/sun.security.validator.Validator.validate(Validator.java:256)
	at java.base/sun.security.ssl.X509TrustManagerImpl.checkTrusted(X509TrustManagerImpl.java:284)
	at java.base/sun.security.ssl.X509TrustManagerImpl.checkClientTrusted(X509TrustManagerImpl.java:138)
	at io.netty.handler.ssl.EnhancingX509ExtendedTrustManager.checkClientTrusted(EnhancingX509ExtendedTrustManager.java:77)
	at java.base/sun.security.ssl.CertificateMessage$T13CertificateConsumer.checkClientCerts(CertificateMessage.java:1210)
	... 30 more
Caused by: java.security.cert.CertPathValidatorException: validity check failed
	at java.base/sun.security.provider.certpath.PKIXMasterCertPathValidator.validate(PKIXMasterCertPathValidator.java:135)
	at java.base/sun.security.provider.certpath.PKIXCertPathValidator.validate(PKIXCertPathValidator.java:224)
	at java.base/sun.security.provider.certpath.PKIXCertPathValidator.validate(PKIXCertPathValidator.java:144)
	at java.base/sun.security.provider.certpath.PKIXCertPathValidator.engineValidate(PKIXCertPathValidator.java:83)
	at java.base/java.security.cert.CertPathValidator.validate(CertPathValidator.java:309)
	at java.base/sun.security.validator.PKIXValidator.doValidate(PKIXValidator.java:313)
	... 36 more
Caused by: java.security.cert.CertificateExpiredException: NotAfter: Tue Jan 02 01:00:00 CET 2024
	at java.base/sun.security.x509.CertificateValidity.valid(CertificateValidity.java:182)
	at java.base/sun.security.x509.X509CertImpl.checkValidity(X509CertImpl.java:534)
	at java.base/sun.security.provider.certpath.BasicChecker.verifyValidity(BasicChecker.java:190)
	at java.base/sun.security.provider.certpath.BasicChecker.check(BasicChecker.java:144)
	at java.base/sun.security.provider.certpath.PKIXMasterCertPathValidator.validate(PKIXMasterCertPathValidator.java:125)
	... 41 more
[2026-08-08T16:33:33,380][INFO ][org.logstash.beats.BeatsHandler][beats-tls][cea61c76cb89e8de1c33fda45ab2b43ef03d0a587a2da8dd49b947033416f5e3] [local: 192.168.1.56:5044, remote: 192.168.1.55:45742] Handling exception: io.netty.handler.codec.DecoderException: javax.net.ssl.SSLHandshakeException: (certificate_unknown) PKIX path validation failed: java.security.cert.CertPathValidatorException: validity check failed (caused by: java.security.cert.CertificateExpiredException: NotAfter: Tue Jan 02 01:00:00 CET 2024)
[2026-08-08T16:33:33,381][WARN ][io.netty.channel.DefaultChannelPipeline][beats-tls][cea61c76cb89e8de1c33fda45ab2b43ef03d0a587a2da8dd49b947033416f5e3] An exceptionCaught() event was fired, and it reached at the tail of the pipeline. It usually means the last handler in the pipeline did not handle the exception.
io.netty.handler.codec.DecoderException: javax.net.ssl.SSLHandshakeException: (certificate_unknown) PKIX path validation failed: java.security.cert.CertPathValidatorException: validity check failed
	at io.netty.handler.codec.ByteToMessageDecoder.callDecode(ByteToMessageDecoder.java:515)
	at io.netty.handler.codec.ByteToMessageDecoder.channelRead(ByteToMessageDecoder.java:296)
	at io.netty.channel.AbstractChannelHandlerContext.invokeChannelRead(AbstractChannelHandlerContext.java:444)
	at io.netty.channel.AbstractChannelHandlerContext.invokeChannelRead(AbstractChannelHandlerContext.java:420)
	at io.netty.channel.AbstractChannelHandlerContext.fireChannelRead(AbstractChannelHandlerContext.java:412)
	at io.netty.channel.DefaultChannelPipeline$HeadContext.channelRead(DefaultChannelPipeline.java:1357)
	at io.netty.channel.AbstractChannelHandlerContext.invokeChannelRead(AbstractChannelHandlerContext.java:440)
	at io.netty.channel.AbstractChannelHandlerContext.invokeChannelRead(AbstractChannelHandlerContext.java:420)
	at io.netty.channel.DefaultChannelPipeline.fireChannelRead(DefaultChannelPipeline.java:868)
	at io.netty.channel.nio.AbstractNioByteChannel$NioByteUnsafe.read(AbstractNioByteChannel.java:171)
	at io.netty.channel.nio.NioEventLoop.processSelectedKey(NioEventLoop.java:796)
	at io.netty.channel.nio.NioEventLoop.processSelectedKeysOptimized(NioEventLoop.java:732)
	at io.netty.channel.nio.NioEventLoop.processSelectedKeys(NioEventLoop.java:658)
	at io.netty.channel.nio.NioEventLoop.run(NioEventLoop.java:562)
	at io.netty.util.concurrent.SingleThreadEventExecutor$4.run(SingleThreadEventExecutor.java:998)
	at io.netty.util.internal.ThreadExecutorMap$2.run(ThreadExecutorMap.java:74)
	at java.base/java.lang.Thread.run(Thread.java:1583)
Caused by: javax.net.ssl.SSLHandshakeException: (certificate_unknown) PKIX path validation failed: java.security.cert.CertPathValidatorException: validity check failed
	at java.base/sun.security.ssl.Alert.createSSLException(Alert.java:130)
	at java.base/sun.security.ssl.TransportContext.fatal(TransportContext.java:383)
	at java.base/sun.security.ssl.TransportContext.fatal(TransportContext.java:326)
	at java.base/sun.security.ssl.TransportContext.fatal(TransportContext.java:321)
	at java.base/sun.security.ssl.CertificateMessage$T13CertificateConsumer.checkClientCerts(CertificateMessage.java:1232)
	at java.base/sun.security.ssl.CertificateMessage$T13CertificateConsumer.onConsumeCertificate(CertificateMessage.java:1136)
	at java.base/sun.security.ssl.CertificateMessage$T13CertificateConsumer.consume(CertificateMessage.java:1113)
	at java.base/sun.security.ssl.SSLHandshake.consume(SSLHandshake.java:393)
	at java.base/sun.security.ssl.HandshakeContext.dispatch(HandshakeContext.java:477)
	at java.base/sun.security.ssl.SSLEngineImpl$DelegatedTask$DelegatedAction.run(SSLEngineImpl.java:1274)
	at java.base/sun.security.ssl.SSLEngineImpl$DelegatedTask$DelegatedAction.run(SSLEngineImpl.java:1261)
	at java.base/java.security.AccessController.doPrivileged(AccessController.java:714)
	at java.base/sun.security.ssl.SSLEngineImpl$DelegatedTask.run(SSLEngineImpl.java:1206)
	at io.netty.handler.ssl.SslHandler.runDelegatedTasks(SslHandler.java:1695)
	at io.netty.handler.ssl.SslHandler.unwrap(SslHandler.java:1541)
	at io.netty.handler.ssl.SslHandler.decodeJdkCompatible(SslHandler.java:1377)
	at io.netty.handler.ssl.SslHandler.decode(SslHandler.java:1428)
	at io.netty.handler.codec.ByteToMessageDecoder.decodeRemovalReentryProtection(ByteToMessageDecoder.java:545)
	at io.netty.handler.codec.ByteToMessageDecoder.callDecode(ByteToMessageDecoder.java:484)
	... 16 more
Caused by: sun.security.validator.ValidatorException: PKIX path validation failed: java.security.cert.CertPathValidatorException: validity check failed
	at java.base/sun.security.validator.PKIXValidator.doValidate(PKIXValidator.java:318)
	at java.base/sun.security.validator.PKIXValidator.engineValidate(PKIXValidator.java:267)
	at java.base/sun.security.validator.Validator.validate(Validator.java:256)
	at java.base/sun.security.ssl.X509TrustManagerImpl.checkTrusted(X509TrustManagerImpl.java:284)
	at java.base/sun.security.ssl.X509TrustManagerImpl.checkClientTrusted(X509TrustManagerImpl.java:138)
	at io.netty.handler.ssl.EnhancingX509ExtendedTrustManager.checkClientTrusted(EnhancingX509ExtendedTrustManager.java:77)
	at java.base/sun.security.ssl.CertificateMessage$T13CertificateConsumer.checkClientCerts(CertificateMessage.java:1210)
	... 30 more
Caused by: java.security.cert.CertPathValidatorException: validity check failed
	at java.base/sun.security.provider.certpath.PKIXMasterCertPathValidator.validate(PKIXMasterCertPathValidator.java:135)
	at java.base/sun.security.provider.certpath.PKIXCertPathValidator.validate(PKIXCertPathValidator.java:224)
	at java.base/sun.security.provider.certpath.PKIXCertPathValidator.validate(PKIXCertPathValidator.java:144)
	at java.base/sun.security.provider.certpath.PKIXCertPathValidator.engineValidate(PKIXCertPathValidator.java:83)
	at java.base/java.security.cert.CertPathValidator.validate(CertPathValidator.java:309)
	at java.base/sun.security.validator.PKIXValidator.doValidate(PKIXValidator.java:313)
	... 36 more
Caused by: java.security.cert.CertificateExpiredException: NotAfter: Tue Jan 02 01:00:00 CET 2024
	at java.base/sun.security.x509.CertificateValidity.valid(CertificateValidity.java:182)
	at java.base/sun.security.x509.X509CertImpl.checkValidity(X509CertImpl.java:534)
	at java.base/sun.security.provider.certpath.BasicChecker.verifyValidity(BasicChecker.java:190)
	at java.base/sun.security.provider.certpath.BasicChecker.check(BasicChecker.java:144)
	at java.base/sun.security.provider.certpath.PKIXMasterCertPathValidator.validate(PKIXMasterCertPathValidator.java:125)
	... 41 more
[2026-08-08T16:33:36,597][INFO ][org.logstash.beats.BeatsHandler][beats-tls][cea61c76cb89e8de1c33fda45ab2b43ef03d0a587a2da8dd49b947033416f5e3] [local: 192.168.1.56:5044, remote: 192.168.1.55:45746] Handling exception: io.netty.handler.codec.DecoderException: javax.net.ssl.SSLHandshakeException: (certificate_unknown) PKIX path validation failed: java.security.cert.CertPathValidatorException: validity check failed (caused by: java.security.cert.CertificateExpiredException: NotAfter: Tue Jan 02 01:00:00 CET 2024)
[2026-08-08T16:33:36,600][WARN ][io.netty.channel.DefaultChannelPipeline][beats-tls][cea61c76cb89e8de1c33fda45ab2b43ef03d0a587a2da8dd49b947033416f5e3] An exceptionCaught() event was fired, and it reached at the tail of the pipeline. It usually means the last handler in the pipeline did not handle the exception.
io.netty.handler.codec.DecoderException: javax.net.ssl.SSLHandshakeException: (certificate_unknown) PKIX path validation failed: java.security.cert.CertPathValidatorException: validity check failed
	at io.netty.handler.codec.ByteToMessageDecoder.callDecode(ByteToMessageDecoder.java:515)
	at io.netty.handler.codec.ByteToMessageDecoder.channelRead(ByteToMessageDecoder.java:296)
	at io.netty.channel.AbstractChannelHandlerContext.invokeChannelRead(AbstractChannelHandlerContext.java:444)
	at io.netty.channel.AbstractChannelHandlerContext.invokeChannelRead(AbstractChannelHandlerContext.java:420)
	at io.netty.channel.AbstractChannelHandlerContext.fireChannelRead(AbstractChannelHandlerContext.java:412)
	at io.netty.channel.DefaultChannelPipeline$HeadContext.channelRead(DefaultChannelPipeline.java:1357)
	at io.netty.channel.AbstractChannelHandlerContext.invokeChannelRead(AbstractChannelHandlerContext.java:440)
	at io.netty.channel.AbstractChannelHandlerContext.invokeChannelRead(AbstractChannelHandlerContext.java:420)
	at io.netty.channel.DefaultChannelPipeline.fireChannelRead(DefaultChannelPipeline.java:868)
	at io.netty.channel.nio.AbstractNioByteChannel$NioByteUnsafe.read(AbstractNioByteChannel.java:171)
	at io.netty.channel.nio.NioEventLoop.processSelectedKey(NioEventLoop.java:796)
	at io.netty.channel.nio.NioEventLoop.processSelectedKeysOptimized(NioEventLoop.java:732)
	at io.netty.channel.nio.NioEventLoop.processSelectedKeys(NioEventLoop.java:658)
	at io.netty.channel.nio.NioEventLoop.run(NioEventLoop.java:562)
	at io.netty.util.concurrent.SingleThreadEventExecutor$4.run(SingleThreadEventExecutor.java:998)
	at io.netty.util.internal.ThreadExecutorMap$2.run(ThreadExecutorMap.java:74)
	at java.base/java.lang.Thread.run(Thread.java:1583)
Caused by: javax.net.ssl.SSLHandshakeException: (certificate_unknown) PKIX path validation failed: java.security.cert.CertPathValidatorException: validity check failed
	at java.base/sun.security.ssl.Alert.createSSLException(Alert.java:130)
	at java.base/sun.security.ssl.TransportContext.fatal(TransportContext.java:383)
	at java.base/sun.security.ssl.TransportContext.fatal(TransportContext.java:326)
	at java.base/sun.security.ssl.TransportContext.fatal(TransportContext.java:321)
	at java.base/sun.security.ssl.CertificateMessage$T13CertificateConsumer.checkClientCerts(CertificateMessage.java:1232)
	at java.base/sun.security.ssl.CertificateMessage$T13CertificateConsumer.onConsumeCertificate(CertificateMessage.java:1136)
	at java.base/sun.security.ssl.CertificateMessage$T13CertificateConsumer.consume(CertificateMessage.java:1113)
	at java.base/sun.security.ssl.SSLHandshake.consume(SSLHandshake.java:393)
	at java.base/sun.security.ssl.HandshakeContext.dispatch(HandshakeContext.java:477)
	at java.base/sun.security.ssl.SSLEngineImpl$DelegatedTask$DelegatedAction.run(SSLEngineImpl.java:1274)
	at java.base/sun.security.ssl.SSLEngineImpl$DelegatedTask$DelegatedAction.run(SSLEngineImpl.java:1261)
	at java.base/java.security.AccessController.doPrivileged(AccessController.java:714)
	at java.base/sun.security.ssl.SSLEngineImpl$DelegatedTask.run(SSLEngineImpl.java:1206)
	at io.netty.handler.ssl.SslHandler.runDelegatedTasks(SslHandler.java:1695)
	at io.netty.handler.ssl.SslHandler.unwrap(SslHandler.java:1541)
	at io.netty.handler.ssl.SslHandler.decodeJdkCompatible(SslHandler.java:1377)
	at io.netty.handler.ssl.SslHandler.decode(SslHandler.java:1428)
	at io.netty.handler.codec.ByteToMessageDecoder.decodeRemovalReentryProtection(ByteToMessageDecoder.java:545)
	at io.netty.handler.codec.ByteToMessageDecoder.callDecode(ByteToMessageDecoder.java:484)
	... 16 more
Caused by: sun.security.validator.ValidatorException: PKIX path validation failed: java.security.cert.CertPathValidatorException: validity check failed
	at java.base/sun.security.validator.PKIXValidator.doValidate(PKIXValidator.java:318)
	at java.base/sun.security.validator.PKIXValidator.engineValidate(PKIXValidator.java:267)
	at java.base/sun.security.validator.Validator.validate(Validator.java:256)
	at java.base/sun.security.ssl.X509TrustManagerImpl.checkTrusted(X509TrustManagerImpl.java:284)
	at java.base/sun.security.ssl.X509TrustManagerImpl.checkClientTrusted(X509TrustManagerImpl.java:138)
	at io.netty.handler.ssl.EnhancingX509ExtendedTrustManager.checkClientTrusted(EnhancingX509ExtendedTrustManager.java:77)
	at java.base/sun.security.ssl.CertificateMessage$T13CertificateConsumer.checkClientCerts(CertificateMessage.java:1210)
	... 30 more
Caused by: java.security.cert.CertPathValidatorException: validity check failed
	at java.base/sun.security.provider.certpath.PKIXMasterCertPathValidator.validate(PKIXMasterCertPathValidator.java:135)
	at java.base/sun.security.provider.certpath.PKIXCertPathValidator.validate(PKIXCertPathValidator.java:224)
	at java.base/sun.security.provider.certpath.PKIXCertPathValidator.validate(PKIXCertPathValidator.java:144)
	at java.base/sun.security.provider.certpath.PKIXCertPathValidator.engineValidate(PKIXCertPathValidator.java:83)
	at java.base/java.security.cert.CertPathValidator.validate(CertPathValidator.java:309)
	at java.base/sun.security.validator.PKIXValidator.doValidate(PKIXValidator.java:313)
	... 36 more
Caused by: java.security.cert.CertificateExpiredException: NotAfter: Tue Jan 02 01:00:00 CET 2024
	at java.base/sun.security.x509.CertificateValidity.valid(CertificateValidity.java:182)
	at java.base/sun.security.x509.X509CertImpl.checkValidity(X509CertImpl.java:534)
	at java.base/sun.security.provider.certpath.BasicChecker.verifyValidity(BasicChecker.java:190)
	at java.base/sun.security.provider.certpath.BasicChecker.check(BasicChecker.java:144)
	at java.base/sun.security.provider.certpath.PKIXMasterCertPathValidator.validate(PKIXMasterCertPathValidator.java:125)
	... 41 more
[2026-08-08T16:33:37,944][INFO ][org.logstash.beats.BeatsHandler][beats-tls][cea61c76cb89e8de1c33fda45ab2b43ef03d0a587a2da8dd49b947033416f5e3] [local: 192.168.1.56:5044, remote: 192.168.1.55:45748] Handling exception: io.netty.handler.codec.DecoderException: javax.net.ssl.SSLHandshakeException: (certificate_unknown) PKIX path validation failed: java.security.cert.CertPathValidatorException: validity check failed (caused by: java.security.cert.CertificateExpiredException: NotAfter: Tue Jan 02 01:00:00 CET 2024)
[2026-08-08T16:33:37,945][WARN ][io.netty.channel.DefaultChannelPipeline][beats-tls][cea61c76cb89e8de1c33fda45ab2b43ef03d0a587a2da8dd49b947033416f5e3] An exceptionCaught() event was fired, and it reached at the tail of the pipeline. It usually means the last handler in the pipeline did not handle the exception.
io.netty.handler.codec.DecoderException: javax.net.ssl.SSLHandshakeException: (certificate_unknown) PKIX path validation failed: java.security.cert.CertPathValidatorException: validity check failed
	at io.netty.handler.codec.ByteToMessageDecoder.callDecode(ByteToMessageDecoder.java:515)
	at io.netty.handler.codec.ByteToMessageDecoder.channelRead(ByteToMessageDecoder.java:296)
	at io.netty.channel.AbstractChannelHandlerContext.invokeChannelRead(AbstractChannelHandlerContext.java:444)
	at io.netty.channel.AbstractChannelHandlerContext.invokeChannelRead(AbstractChannelHandlerContext.java:420)
	at io.netty.channel.AbstractChannelHandlerContext.fireChannelRead(AbstractChannelHandlerContext.java:412)
	at io.netty.channel.DefaultChannelPipeline$HeadContext.channelRead(DefaultChannelPipeline.java:1357)
	at io.netty.channel.AbstractChannelHandlerContext.invokeChannelRead(AbstractChannelHandlerContext.java:440)
	at io.netty.channel.AbstractChannelHandlerContext.invokeChannelRead(AbstractChannelHandlerContext.java:420)
	at io.netty.channel.DefaultChannelPipeline.fireChannelRead(DefaultChannelPipeline.java:868)
	at io.netty.channel.nio.AbstractNioByteChannel$NioByteUnsafe.read(AbstractNioByteChannel.java:171)
	at io.netty.channel.nio.NioEventLoop.processSelectedKey(NioEventLoop.java:796)
	at io.netty.channel.nio.NioEventLoop.processSelectedKeysOptimized(NioEventLoop.java:732)
	at io.netty.channel.nio.NioEventLoop.processSelectedKeys(NioEventLoop.java:658)
	at io.netty.channel.nio.NioEventLoop.run(NioEventLoop.java:562)
	at io.netty.util.concurrent.SingleThreadEventExecutor$4.run(SingleThreadEventExecutor.java:998)
	at io.netty.util.internal.ThreadExecutorMap$2.run(ThreadExecutorMap.java:74)
	at java.base/java.lang.Thread.run(Thread.java:1583)
Caused by: javax.net.ssl.SSLHandshakeException: (certificate_unknown) PKIX path validation failed: java.security.cert.CertPathValidatorException: validity check failed
	at java.base/sun.security.ssl.Alert.createSSLException(Alert.java:130)
	at java.base/sun.security.ssl.TransportContext.fatal(TransportContext.java:383)
	at java.base/sun.security.ssl.TransportContext.fatal(TransportContext.java:326)
	at java.base/sun.security.ssl.TransportContext.fatal(TransportContext.java:321)
	at java.base/sun.security.ssl.CertificateMessage$T13CertificateConsumer.checkClientCerts(CertificateMessage.java:1232)
	at java.base/sun.security.ssl.CertificateMessage$T13CertificateConsumer.onConsumeCertificate(CertificateMessage.java:1136)
	at java.base/sun.security.ssl.CertificateMessage$T13CertificateConsumer.consume(CertificateMessage.java:1113)
	at java.base/sun.security.ssl.SSLHandshake.consume(SSLHandshake.java:393)
	at java.base/sun.security.ssl.HandshakeContext.dispatch(HandshakeContext.java:477)
	at java.base/sun.security.ssl.SSLEngineImpl$DelegatedTask$DelegatedAction.run(SSLEngineImpl.java:1274)
	at java.base/sun.security.ssl.SSLEngineImpl$DelegatedTask$DelegatedAction.run(SSLEngineImpl.java:1261)
	at java.base/java.security.AccessController.doPrivileged(AccessController.java:714)
	at java.base/sun.security.ssl.SSLEngineImpl$DelegatedTask.run(SSLEngineImpl.java:1206)
	at io.netty.handler.ssl.SslHandler.runDelegatedTasks(SslHandler.java:1695)
	at io.netty.handler.ssl.SslHandler.unwrap(SslHandler.java:1541)
	at io.netty.handler.ssl.SslHandler.decodeJdkCompatible(SslHandler.java:1377)
	at io.netty.handler.ssl.SslHandler.decode(SslHandler.java:1428)
	at io.netty.handler.codec.ByteToMessageDecoder.decodeRemovalReentryProtection(ByteToMessageDecoder.java:545)
	at io.netty.handler.codec.ByteToMessageDecoder.callDecode(ByteToMessageDecoder.java:484)
	... 16 more
Caused by: sun.security.validator.ValidatorException: PKIX path validation failed: java.security.cert.CertPathValidatorException: validity check failed
	at java.base/sun.security.validator.PKIXValidator.doValidate(PKIXValidator.java:318)
	at java.base/sun.security.validator.PKIXValidator.engineValidate(PKIXValidator.java:267)
	at java.base/sun.security.validator.Validator.validate(Validator.java:256)
	at java.base/sun.security.ssl.X509TrustManagerImpl.checkTrusted(X509TrustManagerImpl.java:284)
	at java.base/sun.security.ssl.X509TrustManagerImpl.checkClientTrusted(X509TrustManagerImpl.java:138)
	at io.netty.handler.ssl.EnhancingX509ExtendedTrustManager.checkClientTrusted(EnhancingX509ExtendedTrustManager.java:77)
	at java.base/sun.security.ssl.CertificateMessage$T13CertificateConsumer.checkClientCerts(CertificateMessage.java:1210)
	... 30 more
Caused by: java.security.cert.CertPathValidatorException: validity check failed
	at java.base/sun.security.provider.certpath.PKIXMasterCertPathValidator.validate(PKIXMasterCertPathValidator.java:135)
	at java.base/sun.security.provider.certpath.PKIXCertPathValidator.validate(PKIXCertPathValidator.java:224)
	at java.base/sun.security.provider.certpath.PKIXCertPathValidator.validate(PKIXCertPathValidator.java:144)
	at java.base/sun.security.provider.certpath.PKIXCertPathValidator.engineValidate(PKIXCertPathValidator.java:83)
	at java.base/java.security.cert.CertPathValidator.validate(CertPathValidator.java:309)
	at java.base/sun.security.validator.PKIXValidator.doValidate(PKIXValidator.java:313)
	... 36 more
Caused by: java.security.cert.CertificateExpiredException: NotAfter: Tue Jan 02 01:00:00 CET 2024
	at java.base/sun.security.x509.CertificateValidity.valid(CertificateValidity.java:182)
	at java.base/sun.security.x509.X509CertImpl.checkValidity(X509CertImpl.java:534)
	at java.base/sun.security.provider.certpath.BasicChecker.verifyValidity(BasicChecker.java:190)
	at java.base/sun.security.provider.certpath.BasicChecker.check(BasicChecker.java:144)
	at java.base/sun.security.provider.certpath.PKIXMasterCertPathValidator.validate(PKIXMasterCertPathValidator.java:125)
	... 41 more
[2026-08-08T16:33:41,484][INFO ][org.logstash.beats.BeatsHandler][beats-tls][cea61c76cb89e8de1c33fda45ab2b43ef03d0a587a2da8dd49b947033416f5e3] [local: 192.168.1.56:5044, remote: 192.168.1.55:33778] Handling exception: io.netty.handler.codec.DecoderException: javax.net.ssl.SSLHandshakeException: (certificate_unknown) PKIX path validation failed: java.security.cert.CertPathValidatorException: validity check failed (caused by: java.security.cert.CertificateExpiredException: NotAfter: Tue Jan 02 01:00:00 CET 2024)
[2026-08-08T16:33:41,485][WARN ][io.netty.channel.DefaultChannelPipeline][beats-tls][cea61c76cb89e8de1c33fda45ab2b43ef03d0a587a2da8dd49b947033416f5e3] An exceptionCaught() event was fired, and it reached at the tail of the pipeline. It usually means the last handler in the pipeline did not handle the exception.
io.netty.handler.codec.DecoderException: javax.net.ssl.SSLHandshakeException: (certificate_unknown) PKIX path validation failed: java.security.cert.CertPathValidatorException: validity check failed
	at io.netty.handler.codec.ByteToMessageDecoder.callDecode(ByteToMessageDecoder.java:515)
	at io.netty.handler.codec.ByteToMessageDecoder.channelRead(ByteToMessageDecoder.java:296)
	at io.netty.channel.AbstractChannelHandlerContext.invokeChannelRead(AbstractChannelHandlerContext.java:444)
	at io.netty.channel.AbstractChannelHandlerContext.invokeChannelRead(AbstractChannelHandlerContext.java:420)
	at io.netty.channel.AbstractChannelHandlerContext.fireChannelRead(AbstractChannelHandlerContext.java:412)
	at io.netty.channel.DefaultChannelPipeline$HeadContext.channelRead(DefaultChannelPipeline.java:1357)
	at io.netty.channel.AbstractChannelHandlerContext.invokeChannelRead(AbstractChannelHandlerContext.java:440)
	at io.netty.channel.AbstractChannelHandlerContext.invokeChannelRead(AbstractChannelHandlerContext.java:420)
	at io.netty.channel.DefaultChannelPipeline.fireChannelRead(DefaultChannelPipeline.java:868)
	at io.netty.channel.nio.AbstractNioByteChannel$NioByteUnsafe.read(AbstractNioByteChannel.java:171)
	at io.netty.channel.nio.NioEventLoop.processSelectedKey(NioEventLoop.java:796)
	at io.netty.channel.nio.NioEventLoop.processSelectedKeysOptimized(NioEventLoop.java:732)
	at io.netty.channel.nio.NioEventLoop.processSelectedKeys(NioEventLoop.java:658)
	at io.netty.channel.nio.NioEventLoop.run(NioEventLoop.java:562)
	at io.netty.util.concurrent.SingleThreadEventExecutor$4.run(SingleThreadEventExecutor.java:998)
	at io.netty.util.internal.ThreadExecutorMap$2.run(ThreadExecutorMap.java:74)
	at java.base/java.lang.Thread.run(Thread.java:1583)
Caused by: javax.net.ssl.SSLHandshakeException: (certificate_unknown) PKIX path validation failed: java.security.cert.CertPathValidatorException: validity check failed
	at java.base/sun.security.ssl.Alert.createSSLException(Alert.java:130)
	at java.base/sun.security.ssl.TransportContext.fatal(TransportContext.java:383)
	at java.base/sun.security.ssl.TransportContext.fatal(TransportContext.java:326)
	at java.base/sun.security.ssl.TransportContext.fatal(TransportContext.java:321)
	at java.base/sun.security.ssl.CertificateMessage$T13CertificateConsumer.checkClientCerts(CertificateMessage.java:1232)
	at java.base/sun.security.ssl.CertificateMessage$T13CertificateConsumer.onConsumeCertificate(CertificateMessage.java:1136)
	at java.base/sun.security.ssl.CertificateMessage$T13CertificateConsumer.consume(CertificateMessage.java:1113)
	at java.base/sun.security.ssl.SSLHandshake.consume(SSLHandshake.java:393)
	at java.base/sun.security.ssl.HandshakeContext.dispatch(HandshakeContext.java:477)
	at java.base/sun.security.ssl.SSLEngineImpl$DelegatedTask$DelegatedAction.run(SSLEngineImpl.java:1274)
	at java.base/sun.security.ssl.SSLEngineImpl$DelegatedTask$DelegatedAction.run(SSLEngineImpl.java:1261)
	at java.base/java.security.AccessController.doPrivileged(AccessController.java:714)
	at java.base/sun.security.ssl.SSLEngineImpl$DelegatedTask.run(SSLEngineImpl.java:1206)
	at io.netty.handler.ssl.SslHandler.runDelegatedTasks(SslHandler.java:1695)
	at io.netty.handler.ssl.SslHandler.unwrap(SslHandler.java:1541)
	at io.netty.handler.ssl.SslHandler.decodeJdkCompatible(SslHandler.java:1377)
	at io.netty.handler.ssl.SslHandler.decode(SslHandler.java:1428)
	at io.netty.handler.codec.ByteToMessageDecoder.decodeRemovalReentryProtection(ByteToMessageDecoder.java:545)
	at io.netty.handler.codec.ByteToMessageDecoder.callDecode(ByteToMessageDecoder.java:484)
	... 16 more
Caused by: sun.security.validator.ValidatorException: PKIX path validation failed: java.security.cert.CertPathValidatorException: validity check failed
	at java.base/sun.security.validator.PKIXValidator.doValidate(PKIXValidator.java:318)
	at java.base/sun.security.validator.PKIXValidator.engineValidate(PKIXValidator.java:267)
	at java.base/sun.security.validator.Validator.validate(Validator.java:256)
	at java.base/sun.security.ssl.X509TrustManagerImpl.checkTrusted(X509TrustManagerImpl.java:284)
	at java.base/sun.security.ssl.X509TrustManagerImpl.checkClientTrusted(X509TrustManagerImpl.java:138)
	at io.netty.handler.ssl.EnhancingX509ExtendedTrustManager.checkClientTrusted(EnhancingX509ExtendedTrustManager.java:77)
	at java.base/sun.security.ssl.CertificateMessage$T13CertificateConsumer.checkClientCerts(CertificateMessage.java:1210)
	... 30 more
Caused by: java.security.cert.CertPathValidatorException: validity check failed
	at java.base/sun.security.provider.certpath.PKIXMasterCertPathValidator.validate(PKIXMasterCertPathValidator.java:135)
	at java.base/sun.security.provider.certpath.PKIXCertPathValidator.validate(PKIXCertPathValidator.java:224)
	at java.base/sun.security.provider.certpath.PKIXCertPathValidator.validate(PKIXCertPathValidator.java:144)
	at java.base/sun.security.provider.certpath.PKIXCertPathValidator.engineValidate(PKIXCertPathValidator.java:83)
	at java.base/java.security.cert.CertPathValidator.validate(CertPathValidator.java:309)
	at java.base/sun.security.validator.PKIXValidator.doValidate(PKIXValidator.java:313)
	... 36 more
Caused by: java.security.cert.CertificateExpiredException: NotAfter: Tue Jan 02 01:00:00 CET 2024
	at java.base/sun.security.x509.CertificateValidity.valid(CertificateValidity.java:182)
	at java.base/sun.security.x509.X509CertImpl.checkValidity(X509CertImpl.java:534)
	at java.base/sun.security.provider.certpath.BasicChecker.verifyValidity(BasicChecker.java:190)
	at java.base/sun.security.provider.certpath.BasicChecker.check(BasicChecker.java:144)
	at java.base/sun.security.provider.certpath.PKIXMasterCertPathValidator.validate(PKIXMasterCertPathValidator.java:125)
	... 41 more
[2026-08-08T16:33:43,115][INFO ][org.logstash.beats.BeatsHandler][beats-tls][cea61c76cb89e8de1c33fda45ab2b43ef03d0a587a2da8dd49b947033416f5e3] [local: 192.168.1.56:5044, remote: 192.168.1.55:33794] Handling exception: io.netty.handler.codec.DecoderException: javax.net.ssl.SSLHandshakeException: (certificate_unknown) PKIX path validation failed: java.security.cert.CertPathValidatorException: validity check failed (caused by: java.security.cert.CertificateExpiredException: NotAfter: Tue Jan 02 01:00:00 CET 2024)
[2026-08-08T16:33:43,116][WARN ][io.netty.channel.DefaultChannelPipeline][beats-tls][cea61c76cb89e8de1c33fda45ab2b43ef03d0a587a2da8dd49b947033416f5e3] An exceptionCaught() event was fired, and it reached at the tail of the pipeline. It usually means the last handler in the pipeline did not handle the exception.
io.netty.handler.codec.DecoderException: javax.net.ssl.SSLHandshakeException: (certificate_unknown) PKIX path validation failed: java.security.cert.CertPathValidatorException: validity check failed
	at io.netty.handler.codec.ByteToMessageDecoder.callDecode(ByteToMessageDecoder.java:515)
	at io.netty.handler.codec.ByteToMessageDecoder.channelRead(ByteToMessageDecoder.java:296)
	at io.netty.channel.AbstractChannelHandlerContext.invokeChannelRead(AbstractChannelHandlerContext.java:444)
	at io.netty.channel.AbstractChannelHandlerContext.invokeChannelRead(AbstractChannelHandlerContext.java:420)
	at io.netty.channel.AbstractChannelHandlerContext.fireChannelRead(AbstractChannelHandlerContext.java:412)
	at io.netty.channel.DefaultChannelPipeline$HeadContext.channelRead(DefaultChannelPipeline.java:1357)
	at io.netty.channel.AbstractChannelHandlerContext.invokeChannelRead(AbstractChannelHandlerContext.java:440)
	at io.netty.channel.AbstractChannelHandlerContext.invokeChannelRead(AbstractChannelHandlerContext.java:420)
	at io.netty.channel.DefaultChannelPipeline.fireChannelRead(DefaultChannelPipeline.java:868)
	at io.netty.channel.nio.AbstractNioByteChannel$NioByteUnsafe.read(AbstractNioByteChannel.java:171)
	at io.netty.channel.nio.NioEventLoop.processSelectedKey(NioEventLoop.java:796)
	at io.netty.channel.nio.NioEventLoop.processSelectedKeysOptimized(NioEventLoop.java:732)
	at io.netty.channel.nio.NioEventLoop.processSelectedKeys(NioEventLoop.java:658)
	at io.netty.channel.nio.NioEventLoop.run(NioEventLoop.java:562)
	at io.netty.util.concurrent.SingleThreadEventExecutor$4.run(SingleThreadEventExecutor.java:998)
	at io.netty.util.internal.ThreadExecutorMap$2.run(ThreadExecutorMap.java:74)
	at java.base/java.lang.Thread.run(Thread.java:1583)
Caused by: javax.net.ssl.SSLHandshakeException: (certificate_unknown) PKIX path validation failed: java.security.cert.CertPathValidatorException: validity check failed
	at java.base/sun.security.ssl.Alert.createSSLException(Alert.java:130)
	at java.base/sun.security.ssl.TransportContext.fatal(TransportContext.java:383)
	at java.base/sun.security.ssl.TransportContext.fatal(TransportContext.java:326)
	at java.base/sun.security.ssl.TransportContext.fatal(TransportContext.java:321)
	at java.base/sun.security.ssl.CertificateMessage$T13CertificateConsumer.checkClientCerts(CertificateMessage.java:1232)
	at java.base/sun.security.ssl.CertificateMessage$T13CertificateConsumer.onConsumeCertificate(CertificateMessage.java:1136)
	at java.base/sun.security.ssl.CertificateMessage$T13CertificateConsumer.consume(CertificateMessage.java:1113)
	at java.base/sun.security.ssl.SSLHandshake.consume(SSLHandshake.java:393)
	at java.base/sun.security.ssl.HandshakeContext.dispatch(HandshakeContext.java:477)
	at java.base/sun.security.ssl.SSLEngineImpl$DelegatedTask$DelegatedAction.run(SSLEngineImpl.java:1274)
	at java.base/sun.security.ssl.SSLEngineImpl$DelegatedTask$DelegatedAction.run(SSLEngineImpl.java:1261)
	at java.base/java.security.AccessController.doPrivileged(AccessController.java:714)
	at java.base/sun.security.ssl.SSLEngineImpl$DelegatedTask.run(SSLEngineImpl.java:1206)
	at io.netty.handler.ssl.SslHandler.runDelegatedTasks(SslHandler.java:1695)
	at io.netty.handler.ssl.SslHandler.unwrap(SslHandler.java:1541)
	at io.netty.handler.ssl.SslHandler.decodeJdkCompatible(SslHandler.java:1377)
	at io.netty.handler.ssl.SslHandler.decode(SslHandler.java:1428)
	at io.netty.handler.codec.ByteToMessageDecoder.decodeRemovalReentryProtection(ByteToMessageDecoder.java:545)
	at io.netty.handler.codec.ByteToMessageDecoder.callDecode(ByteToMessageDecoder.java:484)
	... 16 more
Caused by: sun.security.validator.ValidatorException: PKIX path validation failed: java.security.cert.CertPathValidatorException: validity check failed
	at java.base/sun.security.validator.PKIXValidator.doValidate(PKIXValidator.java:318)
	at java.base/sun.security.validator.PKIXValidator.engineValidate(PKIXValidator.java:267)
	at java.base/sun.security.validator.Validator.validate(Validator.java:256)
	at java.base/sun.security.ssl.X509TrustManagerImpl.checkTrusted(X509TrustManagerImpl.java:284)
	at java.base/sun.security.ssl.X509TrustManagerImpl.checkClientTrusted(X509TrustManagerImpl.java:138)
	at io.netty.handler.ssl.EnhancingX509ExtendedTrustManager.checkClientTrusted(EnhancingX509ExtendedTrustManager.java:77)
	at java.base/sun.security.ssl.CertificateMessage$T13CertificateConsumer.checkClientCerts(CertificateMessage.java:1210)
	... 30 more
Caused by: java.security.cert.CertPathValidatorException: validity check failed
	at java.base/sun.security.provider.certpath.PKIXMasterCertPathValidator.validate(PKIXMasterCertPathValidator.java:135)
	at java.base/sun.security.provider.certpath.PKIXCertPathValidator.validate(PKIXCertPathValidator.java:224)
	at java.base/sun.security.provider.certpath.PKIXCertPathValidator.validate(PKIXCertPathValidator.java:144)
	at java.base/sun.security.provider.certpath.PKIXCertPathValidator.engineValidate(PKIXCertPathValidator.java:83)
	at java.base/java.security.cert.CertPathValidator.validate(CertPathValidator.java:309)
	at java.base/sun.security.validator.PKIXValidator.doValidate(PKIXValidator.java:313)
	... 36 more
Caused by: java.security.cert.CertificateExpiredException: NotAfter: Tue Jan 02 01:00:00 CET 2024
	at java.base/sun.security.x509.CertificateValidity.valid(CertificateValidity.java:182)
	at java.base/sun.security.x509.X509CertImpl.checkValidity(X509CertImpl.java:534)
	at java.base/sun.security.provider.certpath.BasicChecker.verifyValidity(BasicChecker.java:190)
	at java.base/sun.security.provider.certpath.BasicChecker.check(BasicChecker.java:144)
	at java.base/sun.security.provider.certpath.PKIXMasterCertPathValidator.validate(PKIXMasterCertPathValidator.java:125)
	... 41 more
[2026-08-08T16:33:45,887][INFO ][org.logstash.beats.BeatsHandler][beats-tls][cea61c76cb89e8de1c33fda45ab2b43ef03d0a587a2da8dd49b947033416f5e3] [local: 192.168.1.56:5044, remote: 192.168.1.55:33798] Handling exception: io.netty.handler.codec.DecoderException: javax.net.ssl.SSLHandshakeException: (certificate_unknown) PKIX path validation failed: java.security.cert.CertPathValidatorException: validity check failed (caused by: java.security.cert.CertificateExpiredException: NotAfter: Tue Jan 02 01:00:00 CET 2024)
[2026-08-08T16:33:45,888][WARN ][io.netty.channel.DefaultChannelPipeline][beats-tls][cea61c76cb89e8de1c33fda45ab2b43ef03d0a587a2da8dd49b947033416f5e3] An exceptionCaught() event was fired, and it reached at the tail of the pipeline. It usually means the last handler in the pipeline did not handle the exception.
io.netty.handler.codec.DecoderException: javax.net.ssl.SSLHandshakeException: (certificate_unknown) PKIX path validation failed: java.security.cert.CertPathValidatorException: validity check failed
	at io.netty.handler.codec.ByteToMessageDecoder.callDecode(ByteToMessageDecoder.java:515)
	at io.netty.handler.codec.ByteToMessageDecoder.channelRead(ByteToMessageDecoder.java:296)
	at io.netty.channel.AbstractChannelHandlerContext.invokeChannelRead(AbstractChannelHandlerContext.java:444)
	at io.netty.channel.AbstractChannelHandlerContext.invokeChannelRead(AbstractChannelHandlerContext.java:420)
	at io.netty.channel.AbstractChannelHandlerContext.fireChannelRead(AbstractChannelHandlerContext.java:412)
	at io.netty.channel.DefaultChannelPipeline$HeadContext.channelRead(DefaultChannelPipeline.java:1357)
	at io.netty.channel.AbstractChannelHandlerContext.invokeChannelRead(AbstractChannelHandlerContext.java:440)
	at io.netty.channel.AbstractChannelHandlerContext.invokeChannelRead(AbstractChannelHandlerContext.java:420)
	at io.netty.channel.DefaultChannelPipeline.fireChannelRead(DefaultChannelPipeline.java:868)
	at io.netty.channel.nio.AbstractNioByteChannel$NioByteUnsafe.read(AbstractNioByteChannel.java:171)
	at io.netty.channel.nio.NioEventLoop.processSelectedKey(NioEventLoop.java:796)
	at io.netty.channel.nio.NioEventLoop.processSelectedKeysOptimized(NioEventLoop.java:732)
	at io.netty.channel.nio.NioEventLoop.processSelectedKeys(NioEventLoop.java:658)
	at io.netty.channel.nio.NioEventLoop.run(NioEventLoop.java:562)
	at io.netty.util.concurrent.SingleThreadEventExecutor$4.run(SingleThreadEventExecutor.java:998)
	at io.netty.util.internal.ThreadExecutorMap$2.run(ThreadExecutorMap.java:74)
	at java.base/java.lang.Thread.run(Thread.java:1583)
Caused by: javax.net.ssl.SSLHandshakeException: (certificate_unknown) PKIX path validation failed: java.security.cert.CertPathValidatorException: validity check failed
	at java.base/sun.security.ssl.Alert.createSSLException(Alert.java:130)
	at java.base/sun.security.ssl.TransportContext.fatal(TransportContext.java:383)
	at java.base/sun.security.ssl.TransportContext.fatal(TransportContext.java:326)
	at java.base/sun.security.ssl.TransportContext.fatal(TransportContext.java:321)
	at java.base/sun.security.ssl.CertificateMessage$T13CertificateConsumer.checkClientCerts(CertificateMessage.java:1232)
	at java.base/sun.security.ssl.CertificateMessage$T13CertificateConsumer.onConsumeCertificate(CertificateMessage.java:1136)
	at java.base/sun.security.ssl.CertificateMessage$T13CertificateConsumer.consume(CertificateMessage.java:1113)
	at java.base/sun.security.ssl.SSLHandshake.consume(SSLHandshake.java:393)
	at java.base/sun.security.ssl.HandshakeContext.dispatch(HandshakeContext.java:477)
	at java.base/sun.security.ssl.SSLEngineImpl$DelegatedTask$DelegatedAction.run(SSLEngineImpl.java:1274)
	at java.base/sun.security.ssl.SSLEngineImpl$DelegatedTask$DelegatedAction.run(SSLEngineImpl.java:1261)
	at java.base/java.security.AccessController.doPrivileged(AccessController.java:714)
	at java.base/sun.security.ssl.SSLEngineImpl$DelegatedTask.run(SSLEngineImpl.java:1206)
	at io.netty.handler.ssl.SslHandler.runDelegatedTasks(SslHandler.java:1695)
	at io.netty.handler.ssl.SslHandler.unwrap(SslHandler.java:1541)
	at io.netty.handler.ssl.SslHandler.decodeJdkCompatible(SslHandler.java:1377)
	at io.netty.handler.ssl.SslHandler.decode(SslHandler.java:1428)
	at io.netty.handler.codec.ByteToMessageDecoder.decodeRemovalReentryProtection(ByteToMessageDecoder.java:545)
	at io.netty.handler.codec.ByteToMessageDecoder.callDecode(ByteToMessageDecoder.java:484)
	... 16 more
Caused by: sun.security.validator.ValidatorException: PKIX path validation failed: java.security.cert.CertPathValidatorException: validity check failed
	at java.base/sun.security.validator.PKIXValidator.doValidate(PKIXValidator.java:318)
	at java.base/sun.security.validator.PKIXValidator.engineValidate(PKIXValidator.java:267)
	at java.base/sun.security.validator.Validator.validate(Validator.java:256)
	at java.base/sun.security.ssl.X509TrustManagerImpl.checkTrusted(X509TrustManagerImpl.java:284)
	at java.base/sun.security.ssl.X509TrustManagerImpl.checkClientTrusted(X509TrustManagerImpl.java:138)
	at io.netty.handler.ssl.EnhancingX509ExtendedTrustManager.checkClientTrusted(EnhancingX509ExtendedTrustManager.java:77)
	at java.base/sun.security.ssl.CertificateMessage$T13CertificateConsumer.checkClientCerts(CertificateMessage.java:1210)
	... 30 more
Caused by: java.security.cert.CertPathValidatorException: validity check failed
	at java.base/sun.security.provider.certpath.PKIXMasterCertPathValidator.validate(PKIXMasterCertPathValidator.java:135)
	at java.base/sun.security.provider.certpath.PKIXCertPathValidator.validate(PKIXCertPathValidator.java:224)
	at java.base/sun.security.provider.certpath.PKIXCertPathValidator.validate(PKIXCertPathValidator.java:144)
	at java.base/sun.security.provider.certpath.PKIXCertPathValidator.engineValidate(PKIXCertPathValidator.java:83)
	at java.base/java.security.cert.CertPathValidator.validate(CertPathValidator.java:309)
	at java.base/sun.security.validator.PKIXValidator.doValidate(PKIXValidator.java:313)
	... 36 more
Caused by: java.security.cert.CertificateExpiredException: NotAfter: Tue Jan 02 01:00:00 CET 2024
	at java.base/sun.security.x509.CertificateValidity.valid(CertificateValidity.java:182)
	at java.base/sun.security.x509.X509CertImpl.checkValidity(X509CertImpl.java:534)
	at java.base/sun.security.provider.certpath.BasicChecker.verifyValidity(BasicChecker.java:190)
	at java.base/sun.security.provider.certpath.BasicChecker.check(BasicChecker.java:144)
	at java.base/sun.security.provider.certpath.PKIXMasterCertPathValidator.validate(PKIXMasterCertPathValidator.java:125)
	... 41 more
[2026-08-08T16:33:47,698][INFO ][org.logstash.beats.BeatsHandler][beats-tls][cea61c76cb89e8de1c33fda45ab2b43ef03d0a587a2da8dd49b947033416f5e3] [local: 192.168.1.56:5044, remote: 192.168.1.55:33808] Handling exception: io.netty.handler.codec.DecoderException: javax.net.ssl.SSLHandshakeException: (certificate_unknown) PKIX path validation failed: java.security.cert.CertPathValidatorException: validity check failed (caused by: java.security.cert.CertificateExpiredException: NotAfter: Tue Jan 02 01:00:00 CET 2024)
[2026-08-08T16:33:47,699][WARN ][io.netty.channel.DefaultChannelPipeline][beats-tls][cea61c76cb89e8de1c33fda45ab2b43ef03d0a587a2da8dd49b947033416f5e3] An exceptionCaught() event was fired, and it reached at the tail of the pipeline. It usually means the last handler in the pipeline did not handle the exception.
io.netty.handler.codec.DecoderException: javax.net.ssl.SSLHandshakeException: (certificate_unknown) PKIX path validation failed: java.security.cert.CertPathValidatorException: validity check failed
	at io.netty.handler.codec.ByteToMessageDecoder.callDecode(ByteToMessageDecoder.java:515)
	at io.netty.handler.codec.ByteToMessageDecoder.channelRead(ByteToMessageDecoder.java:296)
	at io.netty.channel.AbstractChannelHandlerContext.invokeChannelRead(AbstractChannelHandlerContext.java:444)
	at io.netty.channel.AbstractChannelHandlerContext.invokeChannelRead(AbstractChannelHandlerContext.java:420)
	at io.netty.channel.AbstractChannelHandlerContext.fireChannelRead(AbstractChannelHandlerContext.java:412)
	at io.netty.channel.DefaultChannelPipeline$HeadContext.channelRead(DefaultChannelPipeline.java:1357)
	at io.netty.channel.AbstractChannelHandlerContext.invokeChannelRead(AbstractChannelHandlerContext.java:440)
	at io.netty.channel.AbstractChannelHandlerContext.invokeChannelRead(AbstractChannelHandlerContext.java:420)
	at io.netty.channel.DefaultChannelPipeline.fireChannelRead(DefaultChannelPipeline.java:868)
	at io.netty.channel.nio.AbstractNioByteChannel$NioByteUnsafe.read(AbstractNioByteChannel.java:171)
	at io.netty.channel.nio.NioEventLoop.processSelectedKey(NioEventLoop.java:796)
	at io.netty.channel.nio.NioEventLoop.processSelectedKeysOptimized(NioEventLoop.java:732)
	at io.netty.channel.nio.NioEventLoop.processSelectedKeys(NioEventLoop.java:658)
	at io.netty.channel.nio.NioEventLoop.run(NioEventLoop.java:562)
	at io.netty.util.concurrent.SingleThreadEventExecutor$4.run(SingleThreadEventExecutor.java:998)
	at io.netty.util.internal.ThreadExecutorMap$2.run(ThreadExecutorMap.java:74)
	at java.base/java.lang.Thread.run(Thread.java:1583)
Caused by: javax.net.ssl.SSLHandshakeException: (certificate_unknown) PKIX path validation failed: java.security.cert.CertPathValidatorException: validity check failed
	at java.base/sun.security.ssl.Alert.createSSLException(Alert.java:130)
	at java.base/sun.security.ssl.TransportContext.fatal(TransportContext.java:383)
	at java.base/sun.security.ssl.TransportContext.fatal(TransportContext.java:326)
	at java.base/sun.security.ssl.TransportContext.fatal(TransportContext.java:321)
	at java.base/sun.security.ssl.CertificateMessage$T13CertificateConsumer.checkClientCerts(CertificateMessage.java:1232)
	at java.base/sun.security.ssl.CertificateMessage$T13CertificateConsumer.onConsumeCertificate(CertificateMessage.java:1136)
	at java.base/sun.security.ssl.CertificateMessage$T13CertificateConsumer.consume(CertificateMessage.java:1113)
	at java.base/sun.security.ssl.SSLHandshake.consume(SSLHandshake.java:393)
	at java.base/sun.security.ssl.HandshakeContext.dispatch(HandshakeContext.java:477)
	at java.base/sun.security.ssl.SSLEngineImpl$DelegatedTask$DelegatedAction.run(SSLEngineImpl.java:1274)
	at java.base/sun.security.ssl.SSLEngineImpl$DelegatedTask$DelegatedAction.run(SSLEngineImpl.java:1261)
	at java.base/java.security.AccessController.doPrivileged(AccessController.java:714)
	at java.base/sun.security.ssl.SSLEngineImpl$DelegatedTask.run(SSLEngineImpl.java:1206)
	at io.netty.handler.ssl.SslHandler.runDelegatedTasks(SslHandler.java:1695)
	at io.netty.handler.ssl.SslHandler.unwrap(SslHandler.java:1541)
	at io.netty.handler.ssl.SslHandler.decodeJdkCompatible(SslHandler.java:1377)
	at io.netty.handler.ssl.SslHandler.decode(SslHandler.java:1428)
	at io.netty.handler.codec.ByteToMessageDecoder.decodeRemovalReentryProtection(ByteToMessageDecoder.java:545)
	at io.netty.handler.codec.ByteToMessageDecoder.callDecode(ByteToMessageDecoder.java:484)
	... 16 more
Caused by: sun.security.validator.ValidatorException: PKIX path validation failed: java.security.cert.CertPathValidatorException: validity check failed
	at java.base/sun.security.validator.PKIXValidator.doValidate(PKIXValidator.java:318)
	at java.base/sun.security.validator.PKIXValidator.engineValidate(PKIXValidator.java:267)
	at java.base/sun.security.validator.Validator.validate(Validator.java:256)
	at java.base/sun.security.ssl.X509TrustManagerImpl.checkTrusted(X509TrustManagerImpl.java:284)
	at java.base/sun.security.ssl.X509TrustManagerImpl.checkClientTrusted(X509TrustManagerImpl.java:138)
	at io.netty.handler.ssl.EnhancingX509ExtendedTrustManager.checkClientTrusted(EnhancingX509ExtendedTrustManager.java:77)
	at java.base/sun.security.ssl.CertificateMessage$T13CertificateConsumer.checkClientCerts(CertificateMessage.java:1210)
	... 30 more
Caused by: java.security.cert.CertPathValidatorException: validity check failed
	at java.base/sun.security.provider.certpath.PKIXMasterCertPathValidator.validate(PKIXMasterCertPathValidator.java:135)
	at java.base/sun.security.provider.certpath.PKIXCertPathValidator.validate(PKIXCertPathValidator.java:224)
	at java.base/sun.security.provider.certpath.PKIXCertPathValidator.validate(PKIXCertPathValidator.java:144)
	at java.base/sun.security.provider.certpath.PKIXCertPathValidator.engineValidate(PKIXCertPathValidator.java:83)
	at java.base/java.security.cert.CertPathValidator.validate(CertPathValidator.java:309)
	at java.base/sun.security.validator.PKIXValidator.doValidate(PKIXValidator.java:313)
	... 36 more
Caused by: java.security.cert.CertificateExpiredException: NotAfter: Tue Jan 02 01:00:00 CET 2024
	at java.base/sun.security.x509.CertificateValidity.valid(CertificateValidity.java:182)
	at java.base/sun.security.x509.X509CertImpl.checkValidity(X509CertImpl.java:534)
	at java.base/sun.security.provider.certpath.BasicChecker.verifyValidity(BasicChecker.java:190)
	at java.base/sun.security.provider.certpath.BasicChecker.check(BasicChecker.java:144)
	at java.base/sun.security.provider.certpath.PKIXMasterCertPathValidator.validate(PKIXMasterCertPathValidator.java:125)
	... 41 more
[2026-08-08T16:33:49,368][INFO ][org.logstash.beats.BeatsHandler][beats-tls][cea61c76cb89e8de1c33fda45ab2b43ef03d0a587a2da8dd49b947033416f5e3] [local: 192.168.1.56:5044, remote: 192.168.1.55:42992] Handling exception: io.netty.handler.codec.DecoderException: javax.net.ssl.SSLHandshakeException: (certificate_unknown) PKIX path validation failed: java.security.cert.CertPathValidatorException: validity check failed (caused by: java.security.cert.CertificateExpiredException: NotAfter: Tue Jan 02 01:00:00 CET 2024)
[2026-08-08T16:33:49,369][WARN ][io.netty.channel.DefaultChannelPipeline][beats-tls][cea61c76cb89e8de1c33fda45ab2b43ef03d0a587a2da8dd49b947033416f5e3] An exceptionCaught() event was fired, and it reached at the tail of the pipeline. It usually means the last handler in the pipeline did not handle the exception.
io.netty.handler.codec.DecoderException: javax.net.ssl.SSLHandshakeException: (certificate_unknown) PKIX path validation failed: java.security.cert.CertPathValidatorException: validity check failed
	at io.netty.handler.codec.ByteToMessageDecoder.callDecode(ByteToMessageDecoder.java:515)
	at io.netty.handler.codec.ByteToMessageDecoder.channelRead(ByteToMessageDecoder.java:296)
	at io.netty.channel.AbstractChannelHandlerContext.invokeChannelRead(AbstractChannelHandlerContext.java:444)
	at io.netty.channel.AbstractChannelHandlerContext.invokeChannelRead(AbstractChannelHandlerContext.java:420)
	at io.netty.channel.AbstractChannelHandlerContext.fireChannelRead(AbstractChannelHandlerContext.java:412)
	at io.netty.channel.DefaultChannelPipeline$HeadContext.channelRead(DefaultChannelPipeline.java:1357)
	at io.netty.channel.AbstractChannelHandlerContext.invokeChannelRead(AbstractChannelHandlerContext.java:440)
	at io.netty.channel.AbstractChannelHandlerContext.invokeChannelRead(AbstractChannelHandlerContext.java:420)
	at io.netty.channel.DefaultChannelPipeline.fireChannelRead(DefaultChannelPipeline.java:868)
	at io.netty.channel.nio.AbstractNioByteChannel$NioByteUnsafe.read(AbstractNioByteChannel.java:171)
	at io.netty.channel.nio.NioEventLoop.processSelectedKey(NioEventLoop.java:796)
	at io.netty.channel.nio.NioEventLoop.processSelectedKeysOptimized(NioEventLoop.java:732)
	at io.netty.channel.nio.NioEventLoop.processSelectedKeys(NioEventLoop.java:658)
	at io.netty.channel.nio.NioEventLoop.run(NioEventLoop.java:562)
	at io.netty.util.concurrent.SingleThreadEventExecutor$4.run(SingleThreadEventExecutor.java:998)
	at io.netty.util.internal.ThreadExecutorMap$2.run(ThreadExecutorMap.java:74)
	at java.base/java.lang.Thread.run(Thread.java:1583)
Caused by: javax.net.ssl.SSLHandshakeException: (certificate_unknown) PKIX path validation failed: java.security.cert.CertPathValidatorException: validity check failed
	at java.base/sun.security.ssl.Alert.createSSLException(Alert.java:130)
	at java.base/sun.security.ssl.TransportContext.fatal(TransportContext.java:383)
	at java.base/sun.security.ssl.TransportContext.fatal(TransportContext.java:326)
	at java.base/sun.security.ssl.TransportContext.fatal(TransportContext.java:321)
	at java.base/sun.security.ssl.CertificateMessage$T13CertificateConsumer.checkClientCerts(CertificateMessage.java:1232)
	at java.base/sun.security.ssl.CertificateMessage$T13CertificateConsumer.onConsumeCertificate(CertificateMessage.java:1136)
	at java.base/sun.security.ssl.CertificateMessage$T13CertificateConsumer.consume(CertificateMessage.java:1113)
	at java.base/sun.security.ssl.SSLHandshake.consume(SSLHandshake.java:393)
	at java.base/sun.security.ssl.HandshakeContext.dispatch(HandshakeContext.java:477)
	at java.base/sun.security.ssl.SSLEngineImpl$DelegatedTask$DelegatedAction.run(SSLEngineImpl.java:1274)
	at java.base/sun.security.ssl.SSLEngineImpl$DelegatedTask$DelegatedAction.run(SSLEngineImpl.java:1261)
	at java.base/java.security.AccessController.doPrivileged(AccessController.java:714)
	at java.base/sun.security.ssl.SSLEngineImpl$DelegatedTask.run(SSLEngineImpl.java:1206)
	at io.netty.handler.ssl.SslHandler.runDelegatedTasks(SslHandler.java:1695)
	at io.netty.handler.ssl.SslHandler.unwrap(SslHandler.java:1541)
	at io.netty.handler.ssl.SslHandler.decodeJdkCompatible(SslHandler.java:1377)
	at io.netty.handler.ssl.SslHandler.decode(SslHandler.java:1428)
	at io.netty.handler.codec.ByteToMessageDecoder.decodeRemovalReentryProtection(ByteToMessageDecoder.java:545)
	at io.netty.handler.codec.ByteToMessageDecoder.callDecode(ByteToMessageDecoder.java:484)
	... 16 more
Caused by: sun.security.validator.ValidatorException: PKIX path validation failed: java.security.cert.CertPathValidatorException: validity check failed
	at java.base/sun.security.validator.PKIXValidator.doValidate(PKIXValidator.java:318)
	at java.base/sun.security.validator.PKIXValidator.engineValidate(PKIXValidator.java:267)
	at java.base/sun.security.validator.Validator.validate(Validator.java:256)
	at java.base/sun.security.ssl.X509TrustManagerImpl.checkTrusted(X509TrustManagerImpl.java:284)
	at java.base/sun.security.ssl.X509TrustManagerImpl.checkClientTrusted(X509TrustManagerImpl.java:138)
	at io.netty.handler.ssl.EnhancingX509ExtendedTrustManager.checkClientTrusted(EnhancingX509ExtendedTrustManager.java:77)
	at java.base/sun.security.ssl.CertificateMessage$T13CertificateConsumer.checkClientCerts(CertificateMessage.java:1210)
	... 30 more
Caused by: java.security.cert.CertPathValidatorException: validity check failed
	at java.base/sun.security.provider.certpath.PKIXMasterCertPathValidator.validate(PKIXMasterCertPathValidator.java:135)
	at java.base/sun.security.provider.certpath.PKIXCertPathValidator.validate(PKIXCertPathValidator.java:224)
	at java.base/sun.security.provider.certpath.PKIXCertPathValidator.validate(PKIXCertPathValidator.java:144)
	at java.base/sun.security.provider.certpath.PKIXCertPathValidator.engineValidate(PKIXCertPathValidator.java:83)
	at java.base/java.security.cert.CertPathValidator.validate(CertPathValidator.java:309)
	at java.base/sun.security.validator.PKIXValidator.doValidate(PKIXValidator.java:313)
	... 36 more
Caused by: java.security.cert.CertificateExpiredException: NotAfter: Tue Jan 02 01:00:00 CET 2024
	at java.base/sun.security.x509.CertificateValidity.valid(CertificateValidity.java:182)
	at java.base/sun.security.x509.X509CertImpl.checkValidity(X509CertImpl.java:534)
	at java.base/sun.security.provider.certpath.BasicChecker.verifyValidity(BasicChecker.java:190)
	at java.base/sun.security.provider.certpath.BasicChecker.check(BasicChecker.java:144)
	at java.base/sun.security.provider.certpath.PKIXMasterCertPathValidator.validate(PKIXMasterCertPathValidator.java:125)
	... 41 more
[2026-08-08T16:33:53,197][INFO ][org.logstash.beats.BeatsHandler][beats-tls][cea61c76cb89e8de1c33fda45ab2b43ef03d0a587a2da8dd49b947033416f5e3] [local: 192.168.1.56:5044, remote: 192.168.1.55:43006] Handling exception: io.netty.handler.codec.DecoderException: javax.net.ssl.SSLHandshakeException: (certificate_unknown) PKIX path validation failed: java.security.cert.CertPathValidatorException: validity check failed (caused by: java.security.cert.CertificateExpiredException: NotAfter: Tue Jan 02 01:00:00 CET 2024)
[2026-08-08T16:33:53,197][WARN ][io.netty.channel.DefaultChannelPipeline][beats-tls][cea61c76cb89e8de1c33fda45ab2b43ef03d0a587a2da8dd49b947033416f5e3] An exceptionCaught() event was fired, and it reached at the tail of the pipeline. It usually means the last handler in the pipeline did not handle the exception.
io.netty.handler.codec.DecoderException: javax.net.ssl.SSLHandshakeException: (certificate_unknown) PKIX path validation failed: java.security.cert.CertPathValidatorException: validity check failed
	at io.netty.handler.codec.ByteToMessageDecoder.callDecode(ByteToMessageDecoder.java:515)
	at io.netty.handler.codec.ByteToMessageDecoder.channelRead(ByteToMessageDecoder.java:296)
	at io.netty.channel.AbstractChannelHandlerContext.invokeChannelRead(AbstractChannelHandlerContext.java:444)
	at io.netty.channel.AbstractChannelHandlerContext.invokeChannelRead(AbstractChannelHandlerContext.java:420)
	at io.netty.channel.AbstractChannelHandlerContext.fireChannelRead(AbstractChannelHandlerContext.java:412)
	at io.netty.channel.DefaultChannelPipeline$HeadContext.channelRead(DefaultChannelPipeline.java:1357)
	at io.netty.channel.AbstractChannelHandlerContext.invokeChannelRead(AbstractChannelHandlerContext.java:440)
	at io.netty.channel.AbstractChannelHandlerContext.invokeChannelRead(AbstractChannelHandlerContext.java:420)
	at io.netty.channel.DefaultChannelPipeline.fireChannelRead(DefaultChannelPipeline.java:868)
	at io.netty.channel.nio.AbstractNioByteChannel$NioByteUnsafe.read(AbstractNioByteChannel.java:171)
	at io.netty.channel.nio.NioEventLoop.processSelectedKey(NioEventLoop.java:796)
	at io.netty.channel.nio.NioEventLoop.processSelectedKeysOptimized(NioEventLoop.java:732)
	at io.netty.channel.nio.NioEventLoop.processSelectedKeys(NioEventLoop.java:658)
	at io.netty.channel.nio.NioEventLoop.run(NioEventLoop.java:562)
	at io.netty.util.concurrent.SingleThreadEventExecutor$4.run(SingleThreadEventExecutor.java:998)
	at io.netty.util.internal.ThreadExecutorMap$2.run(ThreadExecutorMap.java:74)
	at java.base/java.lang.Thread.run(Thread.java:1583)
Caused by: javax.net.ssl.SSLHandshakeException: (certificate_unknown) PKIX path validation failed: java.security.cert.CertPathValidatorException: validity check failed
	at java.base/sun.security.ssl.Alert.createSSLException(Alert.java:130)
	at java.base/sun.security.ssl.TransportContext.fatal(TransportContext.java:383)
	at java.base/sun.security.ssl.TransportContext.fatal(TransportContext.java:326)
	at java.base/sun.security.ssl.TransportContext.fatal(TransportContext.java:321)
	at java.base/sun.security.ssl.CertificateMessage$T13CertificateConsumer.checkClientCerts(CertificateMessage.java:1232)
	at java.base/sun.security.ssl.CertificateMessage$T13CertificateConsumer.onConsumeCertificate(CertificateMessage.java:1136)
	at java.base/sun.security.ssl.CertificateMessage$T13CertificateConsumer.consume(CertificateMessage.java:1113)
	at java.base/sun.security.ssl.SSLHandshake.consume(SSLHandshake.java:393)
	at java.base/sun.security.ssl.HandshakeContext.dispatch(HandshakeContext.java:477)
	at java.base/sun.security.ssl.SSLEngineImpl$DelegatedTask$DelegatedAction.run(SSLEngineImpl.java:1274)
	at java.base/sun.security.ssl.SSLEngineImpl$DelegatedTask$DelegatedAction.run(SSLEngineImpl.java:1261)
	at java.base/java.security.AccessController.doPrivileged(AccessController.java:714)
	at java.base/sun.security.ssl.SSLEngineImpl$DelegatedTask.run(SSLEngineImpl.java:1206)
	at io.netty.handler.ssl.SslHandler.runDelegatedTasks(SslHandler.java:1695)
	at io.netty.handler.ssl.SslHandler.unwrap(SslHandler.java:1541)
	at io.netty.handler.ssl.SslHandler.decodeJdkCompatible(SslHandler.java:1377)
	at io.netty.handler.ssl.SslHandler.decode(SslHandler.java:1428)
	at io.netty.handler.codec.ByteToMessageDecoder.decodeRemovalReentryProtection(ByteToMessageDecoder.java:545)
	at io.netty.handler.codec.ByteToMessageDecoder.callDecode(ByteToMessageDecoder.java:484)
	... 16 more
Caused by: sun.security.validator.ValidatorException: PKIX path validation failed: java.security.cert.CertPathValidatorException: validity check failed
	at java.base/sun.security.validator.PKIXValidator.doValidate(PKIXValidator.java:318)
	at java.base/sun.security.validator.PKIXValidator.engineValidate(PKIXValidator.java:267)
	at java.base/sun.security.validator.Validator.validate(Validator.java:256)
	at java.base/sun.security.ssl.X509TrustManagerImpl.checkTrusted(X509TrustManagerImpl.java:284)
	at java.base/sun.security.ssl.X509TrustManagerImpl.checkClientTrusted(X509TrustManagerImpl.java:138)
	at io.netty.handler.ssl.EnhancingX509ExtendedTrustManager.checkClientTrusted(EnhancingX509ExtendedTrustManager.java:77)
	at java.base/sun.security.ssl.CertificateMessage$T13CertificateConsumer.checkClientCerts(CertificateMessage.java:1210)
	... 30 more
Caused by: java.security.cert.CertPathValidatorException: validity check failed
	at java.base/sun.security.provider.certpath.PKIXMasterCertPathValidator.validate(PKIXMasterCertPathValidator.java:135)
	at java.base/sun.security.provider.certpath.PKIXCertPathValidator.validate(PKIXCertPathValidator.java:224)
	at java.base/sun.security.provider.certpath.PKIXCertPathValidator.validate(PKIXCertPathValidator.java:144)
	at java.base/sun.security.provider.certpath.PKIXCertPathValidator.engineValidate(PKIXCertPathValidator.java:83)
	at java.base/java.security.cert.CertPathValidator.validate(CertPathValidator.java:309)
	at java.base/sun.security.validator.PKIXValidator.doValidate(PKIXValidator.java:313)
	... 36 more
Caused by: java.security.cert.CertificateExpiredException: NotAfter: Tue Jan 02 01:00:00 CET 2024
	at java.base/sun.security.x509.CertificateValidity.valid(CertificateValidity.java:182)
	at java.base/sun.security.x509.X509CertImpl.checkValidity(X509CertImpl.java:534)
	at java.base/sun.security.provider.certpath.BasicChecker.verifyValidity(BasicChecker.java:190)
	at java.base/sun.security.provider.certpath.BasicChecker.check(BasicChecker.java:144)
	at java.base/sun.security.provider.certpath.PKIXMasterCertPathValidator.validate(PKIXMasterCertPathValidator.java:125)
	... 41 more
[2026-08-08T16:33:54,378][INFO ][org.logstash.beats.BeatsHandler][beats-tls][cea61c76cb89e8de1c33fda45ab2b43ef03d0a587a2da8dd49b947033416f5e3] [local: 192.168.1.56:5044, remote: 192.168.1.55:43012] Handling exception: io.netty.handler.codec.DecoderException: javax.net.ssl.SSLHandshakeException: (certificate_unknown) PKIX path validation failed: java.security.cert.CertPathValidatorException: validity check failed (caused by: java.security.cert.CertificateExpiredException: NotAfter: Tue Jan 02 01:00:00 CET 2024)
[2026-08-08T16:33:54,378][WARN ][io.netty.channel.DefaultChannelPipeline][beats-tls][cea61c76cb89e8de1c33fda45ab2b43ef03d0a587a2da8dd49b947033416f5e3] An exceptionCaught() event was fired, and it reached at the tail of the pipeline. It usually means the last handler in the pipeline did not handle the exception.
io.netty.handler.codec.DecoderException: javax.net.ssl.SSLHandshakeException: (certificate_unknown) PKIX path validation failed: java.security.cert.CertPathValidatorException: validity check failed
	at io.netty.handler.codec.ByteToMessageDecoder.callDecode(ByteToMessageDecoder.java:515)
	at io.netty.handler.codec.ByteToMessageDecoder.channelRead(ByteToMessageDecoder.java:296)
	at io.netty.channel.AbstractChannelHandlerContext.invokeChannelRead(AbstractChannelHandlerContext.java:444)
	at io.netty.channel.AbstractChannelHandlerContext.invokeChannelRead(AbstractChannelHandlerContext.java:420)
	at io.netty.channel.AbstractChannelHandlerContext.fireChannelRead(AbstractChannelHandlerContext.java:412)
	at io.netty.channel.DefaultChannelPipeline$HeadContext.channelRead(DefaultChannelPipeline.java:1357)
	at io.netty.channel.AbstractChannelHandlerContext.invokeChannelRead(AbstractChannelHandlerContext.java:440)
	at io.netty.channel.AbstractChannelHandlerContext.invokeChannelRead(AbstractChannelHandlerContext.java:420)
	at io.netty.channel.DefaultChannelPipeline.fireChannelRead(DefaultChannelPipeline.java:868)
	at io.netty.channel.nio.AbstractNioByteChannel$NioByteUnsafe.read(AbstractNioByteChannel.java:171)
	at io.netty.channel.nio.NioEventLoop.processSelectedKey(NioEventLoop.java:796)
	at io.netty.channel.nio.NioEventLoop.processSelectedKeysOptimized(NioEventLoop.java:732)
	at io.netty.channel.nio.NioEventLoop.processSelectedKeys(NioEventLoop.java:658)
	at io.netty.channel.nio.NioEventLoop.run(NioEventLoop.java:562)
	at io.netty.util.concurrent.SingleThreadEventExecutor$4.run(SingleThreadEventExecutor.java:998)
	at io.netty.util.internal.ThreadExecutorMap$2.run(ThreadExecutorMap.java:74)
	at java.base/java.lang.Thread.run(Thread.java:1583)
Caused by: javax.net.ssl.SSLHandshakeException: (certificate_unknown) PKIX path validation failed: java.security.cert.CertPathValidatorException: validity check failed
	at java.base/sun.security.ssl.Alert.createSSLException(Alert.java:130)
	at java.base/sun.security.ssl.TransportContext.fatal(TransportContext.java:383)
	at java.base/sun.security.ssl.TransportContext.fatal(TransportContext.java:326)
	at java.base/sun.security.ssl.TransportContext.fatal(TransportContext.java:321)
	at java.base/sun.security.ssl.CertificateMessage$T13CertificateConsumer.checkClientCerts(CertificateMessage.java:1232)
	at java.base/sun.security.ssl.CertificateMessage$T13CertificateConsumer.onConsumeCertificate(CertificateMessage.java:1136)
	at java.base/sun.security.ssl.CertificateMessage$T13CertificateConsumer.consume(CertificateMessage.java:1113)
	at java.base/sun.security.ssl.SSLHandshake.consume(SSLHandshake.java:393)
	at java.base/sun.security.ssl.HandshakeContext.dispatch(HandshakeContext.java:477)
	at java.base/sun.security.ssl.SSLEngineImpl$DelegatedTask$DelegatedAction.run(SSLEngineImpl.java:1274)
	at java.base/sun.security.ssl.SSLEngineImpl$DelegatedTask$DelegatedAction.run(SSLEngineImpl.java:1261)
	at java.base/java.security.AccessController.doPrivileged(AccessController.java:714)
	at java.base/sun.security.ssl.SSLEngineImpl$DelegatedTask.run(SSLEngineImpl.java:1206)
	at io.netty.handler.ssl.SslHandler.runDelegatedTasks(SslHandler.java:1695)
	at io.netty.handler.ssl.SslHandler.unwrap(SslHandler.java:1541)
	at io.netty.handler.ssl.SslHandler.decodeJdkCompatible(SslHandler.java:1377)
	at io.netty.handler.ssl.SslHandler.decode(SslHandler.java:1428)
	at io.netty.handler.codec.ByteToMessageDecoder.decodeRemovalReentryProtection(ByteToMessageDecoder.java:545)
	at io.netty.handler.codec.ByteToMessageDecoder.callDecode(ByteToMessageDecoder.java:484)
	... 16 more
Caused by: sun.security.validator.ValidatorException: PKIX path validation failed: java.security.cert.CertPathValidatorException: validity check failed
	at java.base/sun.security.validator.PKIXValidator.doValidate(PKIXValidator.java:318)
	at java.base/sun.security.validator.PKIXValidator.engineValidate(PKIXValidator.java:267)
	at java.base/sun.security.validator.Validator.validate(Validator.java:256)
	at java.base/sun.security.ssl.X509TrustManagerImpl.checkTrusted(X509TrustManagerImpl.java:284)
	at java.base/sun.security.ssl.X509TrustManagerImpl.checkClientTrusted(X509TrustManagerImpl.java:138)
	at io.netty.handler.ssl.EnhancingX509ExtendedTrustManager.checkClientTrusted(EnhancingX509ExtendedTrustManager.java:77)
	at java.base/sun.security.ssl.CertificateMessage$T13CertificateConsumer.checkClientCerts(CertificateMessage.java:1210)
	... 30 more
Caused by: java.security.cert.CertPathValidatorException: validity check failed
	at java.base/sun.security.provider.certpath.PKIXMasterCertPathValidator.validate(PKIXMasterCertPathValidator.java:135)
	at java.base/sun.security.provider.certpath.PKIXCertPathValidator.validate(PKIXCertPathValidator.java:224)
	at java.base/sun.security.provider.certpath.PKIXCertPathValidator.validate(PKIXCertPathValidator.java:144)
	at java.base/sun.security.provider.certpath.PKIXCertPathValidator.engineValidate(PKIXCertPathValidator.java:83)
	at java.base/java.security.cert.CertPathValidator.validate(CertPathValidator.java:309)
	at java.base/sun.security.validator.PKIXValidator.doValidate(PKIXValidator.java:313)
	... 36 more
Caused by: java.security.cert.CertificateExpiredException: NotAfter: Tue Jan 02 01:00:00 CET 2024
	at java.base/sun.security.x509.CertificateValidity.valid(CertificateValidity.java:182)
	at java.base/sun.security.x509.X509CertImpl.checkValidity(X509CertImpl.java:534)
	at java.base/sun.security.provider.certpath.BasicChecker.verifyValidity(BasicChecker.java:190)
	at java.base/sun.security.provider.certpath.BasicChecker.check(BasicChecker.java:144)
	at java.base/sun.security.provider.certpath.PKIXMasterCertPathValidator.validate(PKIXMasterCertPathValidator.java:125)
	... 41 more
